datetime,articles_compound_sentiment,articles_positive_sentiment,articles_neutral_sentiment,articles_negative_sentiment,stockmarket_compound_sentiment,stockmarket_positive_sentiment,stockmarket_neutral_sentiment,stockmarket_negative_sentiment
2012-01-24,,,,,0.9274,0.289,0.711,0.0
2012-01-25,,,,,0.3015285714285714,0.08528571428571428,0.8775714285714286,0.037142857142857144
2012-01-26,,,,,0.3818,0.139,0.768,0.092
2012-01-27,,,,,,,,
2012-01-28,,,,,,,,
2012-01-29,,,,,0.6597,0.141,0.859,0.0
2012-01-30,,,,,0.70855,0.11599999999999999,0.884,0.0
2012-01-31,,,,,0.4404,0.086,0.914,0.0
2012-02-01,,,,,0.16140000000000002,0.12272727272727274,0.8163636363636364,0.06081818181818182
2012-02-02,,,,,0.20795,0.10435714285714284,0.8648571428571429,0.030785714285714284
2012-02-03,,,,,0.49625,0.13741666666666666,0.83575,0.02691666666666667
2012-02-04,,,,,,,,
2012-02-05,,,,,0.9861,0.142,0.779,0.079
2012-02-06,,,,,0.27745000000000003,0.21949999999999997,0.738,0.0425
2012-02-07,,,,,0.54455,0.11975,0.837,0.04325
2012-02-08,,,,,0.6338071428571429,0.12628571428571428,0.8280714285714286,0.045571428571428575
2012-02-09,,,,,0.4975454545454545,0.18345454545454543,0.7929090909090909,0.02372727272727273
2012-02-10,,,,,0.48430999999999996,0.1477,0.8441000000000001,0.008199999999999999
2012-02-11,,,,,0.42569999999999997,0.10233333333333333,0.8626666666666667,0.034999999999999996
2012-02-12,,,,,0.7269,0.118,0.831,0.051
2012-02-13,,,,,,,,
2012-02-14,,,,,,,,
2012-02-15,,,,,,,,
2012-02-16,,,,,,,,
2012-02-17,,,,,,,,
2012-02-18,,,,,,,,
2012-02-19,,,,,,,,
2012-02-20,,,,,,,,
2012-02-21,,,,,,,,
2012-02-22,,,,,,,,
2012-02-23,,,,,,,,
2012-02-24,,,,,,,,
2012-02-25,,,,,,,,
2012-02-26,,,,,,,,
2012-02-27,,,,,,,,
2012-02-28,,,,,,,,
2012-02-29,,,,,,,,
2012-03-01,,,,,,,,
2012-03-02,,,,,,,,
2012-03-03,,,,,,,,
2012-03-04,,,,,,,,
2012-03-05,,,,,,,,
2012-03-06,,,,,,,,
2012-03-07,,,,,,,,
2012-03-08,,,,,,,,
2012-03-09,,,,,,,,
2012-03-10,,,,,,,,
2012-03-11,,,,,,,,
2012-03-12,,,,,,,,
2012-03-13,,,,,,,,
2012-03-14,,,,,,,,
2012-03-15,,,,,,,,
2012-03-16,,,,,,,,
2012-03-17,,,,,,,,
2012-03-18,,,,,,,,
2012-03-19,,,,,,,,
2012-03-20,,,,,0.5610714285714286,0.13664285714285715,0.8049999999999999,0.05842857142857143
2012-03-21,,,,,0.1599913043478261,0.1202608695652174,0.8141739130434782,0.06556521739130435
2012-03-22,,,,,0.39246333333333333,0.14546666666666666,0.8075,0.0471
2012-03-23,,,,,-0.02006111111111111,0.12483333333333332,0.7585555555555555,0.11661111111111112
2012-03-24,,,,,0.17206,0.05600000000000001,0.9193999999999999,0.0246
2012-03-25,,,,,0.394725,0.21025000000000002,0.7762500000000001,0.0135
2012-03-26,,,,,0.1861818181818182,0.11472727272727273,0.8203636363636363,0.06495454545454546
2012-03-27,,,,,0.31338928571428576,0.12542857142857142,0.8064285714285715,0.06821428571428571
2012-03-28,,,,,0.19975909090909091,0.09522727272727273,0.8270909090909092,0.07781818181818181
2012-03-29,,,,,0.38797727272727267,0.11631818181818182,0.8476818181818182,0.036000000000000004
2012-03-30,,,,,0.18298333333333336,0.09216666666666667,0.7995,0.10825
2012-03-31,,,,,,,,
2012-04-01,,,,,,,,
2012-04-02,,,,,,,,
2012-04-03,,,,,,,,
2012-04-04,,,,,,,,
2012-04-05,,,,,,,,
2012-04-06,,,,,,,,
2012-04-07,,,,,,,,
2012-04-08,,,,,,,,
2012-04-09,,,,,,,,
2012-04-10,,,,,,,,
2012-04-11,,,,,,,,
2012-04-12,,,,,,,,
2012-04-13,,,,,,,,
2012-04-14,,,,,,,,
2012-04-15,,,,,,,,
2012-04-16,,,,,,,,
2012-04-17,,,,,,,,
2012-04-18,,,,,,,,
2012-04-19,,,,,,,,
2012-04-20,,,,,,,,
2012-04-21,,,,,,,,
2012-04-22,,,,,,,,
2012-04-23,,,,,,,,
2012-04-24,,,,,,,,
2012-04-25,,,,,,,,
2012-04-26,,,,,,,,
2012-04-27,,,,,,,,
2012-04-28,,,,,,,,
2012-04-29,,,,,,,,
2012-04-30,,,,,,,,
2012-05-01,,,,,,,,
2012-05-02,,,,,,,,
2012-05-03,,,,,,,,
2012-05-04,,,,,,,,
2012-05-05,,,,,0.752175,0.21275,0.75325,0.034
2012-05-06,,,,,0.446075,0.158,0.81375,0.028249999999999997
2012-05-07,,,,,0.21597,0.0861,0.8742000000000001,0.0397
2012-05-08,,,,,0.165175,0.0906875,0.8530625,0.0563125
2012-05-09,,,,,0.10858421052631581,0.11215789473684212,0.8140000000000001,0.07384210526315789
2012-05-10,,,,,0.3184972222222222,0.14049999999999999,0.8179722222222222,0.041555555555555554
2012-05-11,,,,,0.19795,0.12789999999999999,0.8217000000000001,0.0506
2012-05-12,,,,,-0.6908,0.0,0.39,0.61
2012-05-13,,,,,,,,
2012-05-14,,,,,,,,
2012-05-15,,,,,,,,
2012-05-16,,,,,,,,
2012-05-17,,,,,,,,
2012-05-18,,,,,,,,
2012-05-19,,,,,,,,
2012-05-20,,,,,,,,
2012-05-21,,,,,,,,
2012-05-22,,,,,,,,
2012-05-23,,,,,,,,
2012-05-24,,,,,,,,
2012-05-25,,,,,,,,
2012-05-26,,,,,,,,
2012-05-27,,,,,,,,
2012-05-28,,,,,,,,
2012-05-29,,,,,,,,
2012-05-30,,,,,,,,
2012-05-31,,,,,,,,
2012-06-01,,,,,,,,
2012-06-02,,,,,,,,
2012-06-03,,,,,,,,
2012-06-04,,,,,,,,
2012-06-05,,,,,,,,
2012-06-06,,,,,,,,
2012-06-07,,,,,,,,
2012-06-08,,,,,,,,
2012-06-09,,,,,,,,
2012-06-10,,,,,,,,
2012-06-11,,,,,,,,
2012-06-12,,,,,,,,
2012-06-13,,,,,,,,
2012-06-14,,,,,,,,
2012-06-15,,,,,,,,
2012-06-16,,,,,,,,
2012-06-17,,,,,,,,
2012-06-18,,,,,,,,
2012-06-19,,,,,,,,
2012-06-20,,,,,,,,
2012-06-21,,,,,,,,
2012-06-22,,,,,0.3248742857142857,0.09911428571428572,0.8587714285714285,0.0422
2012-06-23,,,,,0.2396090909090909,0.10781818181818181,0.8192727272727273,0.07290909090909091
2012-06-24,,,,,0.16534,0.1292,0.6961999999999999,0.1748
2012-06-25,,,,,0.28526666666666667,0.10952777777777778,0.8298055555555556,0.06061111111111111
2012-06-26,,,,,0.45598648648648654,0.14335135135135135,0.8208378378378378,0.03583783783783784
2012-06-27,,,,,0.17232571428571428,0.0962857142857143,0.8287714285714286,0.07491428571428571
2012-06-28,,,,,0.23345138888888886,0.10975,0.8276527777777778,0.06258333333333334
2012-06-29,,,,,0.24655652173913042,0.0949782608695652,0.8702826086956522,0.034760869565217394
2012-06-30,,,,,0.11762857142857143,0.09857142857142856,0.8187857142857143,0.08285714285714285
2012-07-01,,,,,0.3609428571428572,0.10414285714285713,0.8524285714285715,0.04342857142857143
2012-07-02,,,,,0.6815,0.1345,0.7989999999999999,0.0675
2012-07-03,,,,,,,,
2012-07-04,,,,,,,,
2012-07-05,,,,,,,,
2012-07-06,,,,,,,,
2012-07-07,,,,,,,,
2012-07-08,,,,,,,,
2012-07-09,,,,,,,,
2012-07-10,,,,,,,,
2012-07-11,,,,,,,,
2012-07-12,,,,,,,,
2012-07-13,,,,,,,,
2012-07-14,,,,,,,,
2012-07-15,,,,,,,,
2012-07-16,,,,,,,,
2012-07-17,,,,,,,,
2012-07-18,,,,,,,,
2012-07-19,,,,,,,,
2012-07-20,,,,,,,,
2012-07-21,,,,,,,,
2012-07-22,,,,,,,,
2012-07-23,,,,,,,,
2012-07-24,,,,,,,,
2012-07-25,,,,,,,,
2012-07-26,,,,,,,,
2012-07-27,,,,,,,,
2012-07-28,,,,,,,,
2012-07-29,,,,,,,,
2012-07-30,,,,,,,,
2012-07-31,,,,,,,,
2012-08-01,,,,,,,,
2012-08-02,,,,,,,,
2012-08-03,,,,,0.19746363636363637,0.12727272727272726,0.8146363636363637,0.058
2012-08-04,,,,,0.3244666666666667,0.11955555555555557,0.8205555555555555,0.05966666666666666
2012-08-05,,,,,0.4372206896551724,0.13393103448275864,0.8061724137931034,0.06
2012-08-06,,,,,0.19413636363636363,0.0990909090909091,0.8608181818181818,0.04027272727272727
2012-08-07,,,,,0.4407361111111111,0.13180555555555556,0.8318055555555556,0.03641666666666667
2012-08-08,,,,,0.302,0.13599999999999998,0.8514999999999999,0.0125
2012-08-09,,,,,,,,
2012-08-10,,,,,,,,
2012-08-11,,,,,,,,
2012-08-12,,,,,,,,
2012-08-13,,,,,,,,
2012-08-14,,,,,,,,
2012-08-15,,,,,,,,
2012-08-16,,,,,,,,
2012-08-17,,,,,,,,
2012-08-18,,,,,,,,
2012-08-19,,,,,,,,
2012-08-20,,,,,,,,
2012-08-21,,,,,,,,
2012-08-22,,,,,,,,
2012-08-23,,,,,,,,
2012-08-24,,,,,,,,
2012-08-25,,,,,,,,
2012-08-26,,,,,,,,
2012-08-27,,,,,,,,
2012-08-28,,,,,,,,
2012-08-29,,,,,,,,
2012-08-30,,,,,0.26378235294117647,0.10958823529411765,0.8067058823529412,0.08382352941176471
2012-08-31,,,,,0.38748823529411763,0.115,0.8412941176470587,0.04370588235294118
2012-09-01,,,,,,,,
2012-09-02,,,,,,,,
2012-09-03,,,,,0.5235636363636363,0.1318181818181818,0.7936363636363637,0.07445454545454545
2012-09-04,,,,,0.19513999999999998,0.0858,0.8845333333333334,0.029733333333333334
2012-09-05,,,,,0.06109999999999996,0.050499999999999996,0.864,0.08574999999999999
2012-09-06,,,,,,,,
2012-09-07,,,,,-0.38239999999999996,0.051000000000000004,0.883,0.067
2012-09-08,,,,,0.42955,0.0545,0.9455,0.0
2012-09-09,,,,,0.8934,0.2,0.766,0.034
2012-09-10,,,,,-0.7552,0.048,0.861,0.091
2012-09-11,,,,,0.6705,0.119,0.833,0.048
2012-09-12,,,,,0.24463076923076923,0.15984615384615383,0.7653846153846153,0.0746923076923077
2012-09-13,,,,,0.5507384615384615,0.12276923076923077,0.838923076923077,0.03823076923076923
2012-09-14,,,,,0.32288,0.1145,0.8444,0.041100000000000005
2012-09-15,,,,,0.9143,0.1675,0.733,0.0995
2012-09-16,,,,,0.46445000000000003,0.11250000000000002,0.7929999999999999,0.0945
2012-09-17,,,,,0.21547,0.11910000000000001,0.7948000000000001,0.086
2012-09-18,,,,,-0.16424,0.11200000000000002,0.7496,0.1384
2012-09-19,,,,,0.5423166666666667,0.1368888888888889,0.8208333333333333,0.042333333333333334
2012-09-20,,,,,0.37230434782608696,0.10360869565217391,0.853086956521739,0.043347826086956524
2012-09-21,,,,,0.18216666666666667,0.12286666666666667,0.8228666666666666,0.05433333333333333
2012-09-22,,,,,-0.04585,0.1175,0.7635,0.119
2012-09-23,,,,,-0.6369,0.086,0.743,0.172
2012-09-24,,,,,0.3329083333333333,0.08983333333333333,0.8871666666666668,0.023000000000000003
2012-09-25,,,,,0.4342,0.20299999999999999,0.769,0.028
2012-09-26,,,,,,,,
2012-09-27,,,,,,,,
2012-09-28,,,,,,,,
2012-09-29,,,,,,,,
2012-09-30,,,,,,,,
2012-10-01,,,,,,,,
2012-10-02,,,,,,,,
2012-10-03,,,,,,,,
2012-10-04,,,,,,,,
2012-10-05,,,,,,,,
2012-10-06,,,,,,,,
2012-10-07,,,,,,,,
2012-10-08,,,,,,,,
2012-10-09,,,,,,,,
2012-10-10,,,,,,,,
2012-10-11,,,,,,,,
2012-10-12,,,,,,,,
2012-10-13,,,,,,,,
2012-10-14,,,,,,,,
2012-10-15,,,,,,,,
2012-10-16,,,,,,,,
2012-10-17,,,,,,,,
2012-10-18,,,,,,,,
2012-10-19,,,,,,,,
2012-10-20,,,,,,,,
2012-10-21,,,,,-0.7707,0.0,0.859,0.141
2012-10-22,,,,,0.3641875,0.149375,0.768375,0.082375
2012-10-23,,,,,0.08985384615384615,0.08430769230769232,0.8311538461538461,0.08453846153846153
2012-10-24,,,,,0.06001818181818182,0.08645454545454546,0.8414545454545455,0.07200000000000001
2012-10-25,,,,,0.604575,0.12625,0.83575,0.03775
2012-10-26,,,,,-0.06387272727272726,0.07727272727272727,0.8492727272727273,0.07345454545454545
2012-10-27,,,,,0.34932,0.1518,0.8019999999999999,0.046200000000000005
2012-10-28,,,,,0.2862,0.0846,0.8906000000000001,0.0248
2012-10-29,,,,,0.09537647058823528,0.11105882352941177,0.8002941176470588,0.08864705882352941
2012-10-30,,,,,0.22877499999999998,0.10325000000000001,0.83275,0.06425
2012-10-31,,,,,0.09682857142857144,0.07371428571428572,0.863857142857143,0.062285714285714285
2012-11-01,,,,,0.13954166666666665,0.10891666666666666,0.8224166666666667,0.06874999999999999
2012-11-02,,,,,0.43235,0.2125,0.7875,0.0
2012-11-03,,,,,,,,
2012-11-04,,,,,,,,
2012-11-05,,,,,,,,
2012-11-06,,,,,,,,
2012-11-07,,,,,,,,
2012-11-08,,,,,,,,
2012-11-09,,,,,,,,
2012-11-10,,,,,,,,
2012-11-11,,,,,,,,
2012-11-12,,,,,,,,
2012-11-13,,,,,,,,
2012-11-14,,,,,,,,
2012-11-15,,,,,,,,
2012-11-16,,,,,,,,
2012-11-17,,,,,,,,
2012-11-18,,,,,,,,
2012-11-19,,,,,,,,
2012-11-20,,,,,,,,
2012-11-21,,,,,,,,
2012-11-22,,,,,,,,
2012-11-23,,,,,,,,
2012-11-24,,,,,,,,
2012-11-25,,,,,,,,
2012-11-26,,,,,,,,
2012-11-27,,,,,,,,
2012-11-28,,,,,,,,
2012-11-29,,,,,,,,
2012-11-30,,,,,,,,
2012-12-01,,,,,,,,
2012-12-02,,,,,,,,
2012-12-03,,,,,0.65345,0.13544444444444445,0.8142777777777778,0.05027777777777778
2012-12-04,,,,,0.29121874999999997,0.0993125,0.8473125,0.0533125
2012-12-05,,,,,0.4350636363636364,0.17163636363636364,0.747909090909091,0.08045454545454546
2012-12-06,,,,,0.21371,0.0984,0.8428000000000001,0.0588
2012-12-07,,,,,0.15491666666666667,0.09183333333333334,0.8868333333333333,0.021333333333333333
2012-12-08,,,,,0.005850000000000022,0.185,0.7295,0.0855
2012-12-09,,,,,0.30417894736842105,0.10342105263157896,0.8636315789473684,0.033
2012-12-10,,,,,0.8447857142857143,0.17657142857142857,0.775,0.04814285714285714
2012-12-11,,,,,0.67174,0.1718,0.7856,0.0424
2012-12-12,,,,,0.288425,0.12341666666666666,0.8036666666666666,0.07291666666666667
2012-12-13,,,,,0.33674166666666666,0.142,0.8181666666666666,0.03975
2012-12-14,,,,,0.3890416666666667,0.08883333333333333,0.8586666666666667,0.05241666666666667
2012-12-15,,,,,0.28550000000000003,0.071375,0.8748750000000001,0.053625
2012-12-16,,,,,0.8271,0.212,0.788,0.0
2012-12-17,,,,,0.3688578947368421,0.12857894736842104,0.8293157894736842,0.04205263157894737
2012-12-18,,,,,0.3074,0.128375,0.8465625,0.025125
2012-12-19,,,,,0.36456,0.0884,0.8824000000000001,0.029133333333333334
2012-12-20,,,,,0.005941666666666678,0.11766666666666666,0.77425,0.10825
2012-12-21,,,,,0.47530666666666666,0.1434666666666667,0.8289333333333333,0.027666666666666666
2012-12-22,,,,,0.11774666666666667,0.07959999999999999,0.8886666666666667,0.03173333333333333
2012-12-23,,,,,0.45844999999999997,0.124,0.7755,0.1005
2012-12-24,,,,,0.42479999999999996,0.23349999999999999,0.7105,0.055249999999999994
2012-12-25,,,,,0.11098333333333332,0.10633333333333334,0.8103333333333333,0.08333333333333333
2012-12-26,,,,,0.2764285714285714,0.06857142857142857,0.874,0.05742857142857143
2012-12-27,,,,,0.5227700000000001,0.0917,0.8901,0.0182
2012-12-28,,,,,0.380375,0.146625,0.823125,0.03025
2012-12-29,,,,,0.37698181818181814,0.103,0.8329090909090909,0.064
2012-12-30,,,,,-0.014225000000000002,0.19749999999999998,0.74175,0.06075
2012-12-31,,,,,-0.038275,0.00875,0.9775,0.01375
2013-01-01,,,,,0.1675333333333333,0.10433333333333333,0.8691666666666666,0.026333333333333334
2013-01-02,,,,,0.05507333333333333,0.09313333333333333,0.8536666666666667,0.053266666666666664
2013-01-03,,,,,0.4524714285714286,0.09242857142857143,0.8494285714285714,0.058
2013-01-04,,,,,0.34464545454545453,0.13363636363636364,0.8129090909090909,0.05336363636363637
2013-01-05,,,,,0.34249999999999997,0.058,0.8734999999999999,0.0685
2013-01-06,,,,,,,,
2013-01-07,,,,,0.04341250000000001,0.053250000000000006,0.91275,0.034125
2013-01-08,,,,,0.3979,0.1165,0.8835,0.0
2013-01-09,,,,,0.6808,0.162,0.838,0.0
2013-01-10,,,,,0.3301571428571428,0.10785714285714286,0.8438571428571429,0.048285714285714286
2013-01-11,,,,,0.32980624999999997,0.087875,0.8481875,0.0639375
2013-01-12,,,,,0.4835,0.119,0.8406,0.040600000000000004
2013-01-13,,,,,0.11315,0.078,0.879,0.043
2013-01-14,,,,,0.4993142857142857,0.16042857142857142,0.8024285714285714,0.03728571428571429
2013-01-15,,,,,0.24182,0.1406,0.8116,0.047599999999999996
2013-01-16,,,,,,,,
2013-01-17,,,,,,,,
2013-01-18,,,,,,,,
2013-01-19,,,,,,,,
2013-01-20,,,,,,,,
2013-01-21,,,,,,,,
2013-01-22,,,,,,,,
2013-01-23,,,,,,,,
2013-01-24,,,,,,,,
2013-01-25,,,,,,,,
2013-01-26,,,,,,,,
2013-01-27,,,,,,,,
2013-01-28,,,,,,,,
2013-01-29,,,,,,,,
2013-01-30,,,,,,,,
2013-01-31,,,,,,,,
2013-02-01,,,,,,,,
2013-02-02,,,,,,,,
2013-02-03,,,,,,,,
2013-02-04,,,,,,,,
2013-02-05,,,,,,,,
2013-02-06,,,,,,,,
2013-02-07,,,,,,,,
2013-02-08,,,,,,,,
2013-02-09,,,,,,,,
2013-02-10,,,,,,,,
2013-02-11,,,,,,,,
2013-02-12,,,,,,,,
2013-02-13,,,,,,,,
2013-02-14,,,,,,,,
2013-02-15,,,,,,,,
2013-02-16,,,,,,,,
2013-02-17,,,,,,,,
2013-02-18,,,,,,,,
2013-02-19,,,,,,,,
2013-02-20,,,,,0.27615,0.086,0.851,0.063
2013-02-21,,,,,-0.18133749999999998,0.082125,0.845875,0.071875
2013-02-22,,,,,0.11265,0.081375,0.876375,0.042125
2013-02-23,,,,,0.35440000000000005,0.0815,0.8625,0.055999999999999994
2013-02-24,,,,,0.37393529411764703,0.16588235294117645,0.7879411764705883,0.04623529411764706
2013-02-25,,,,,0.180995,0.09875,0.85495,0.0462
2013-02-26,,,,,-0.017736363636363637,0.04945454545454546,0.8461818181818181,0.10445454545454545
2013-02-27,,,,,0.5415083333333334,0.1445,0.8325833333333333,0.022958333333333334
2013-02-28,,,,,0.49105,0.143875,0.8055,0.050624999999999996
2013-03-01,,,,,,,,
2013-03-02,,,,,,,,
2013-03-03,,,,,,,,
2013-03-04,,,,,,,,
2013-03-05,,,,,,,,
2013-03-06,,,,,,,,
2013-03-07,,,,,,,,
2013-03-08,,,,,,,,
2013-03-09,,,,,,,,
2013-03-10,,,,,,,,
2013-03-11,,,,,,,,
2013-03-12,,,,,,,,
2013-03-13,,,,,,,,
2013-03-14,,,,,,,,
2013-03-15,,,,,,,,
2013-03-16,,,,,,,,
2013-03-17,,,,,,,,
2013-03-18,,,,,,,,
2013-03-19,,,,,,,,
2013-03-20,,,,,,,,
2013-03-21,,,,,,,,
2013-03-22,,,,,,,,
2013-03-23,,,,,,,,
2013-03-24,,,,,,,,
2013-03-25,,,,,,,,
2013-03-26,,,,,,,,
2013-03-27,,,,,,,,
2013-03-28,,,,,,,,
2013-03-29,,,,,,,,
2013-03-30,,,,,,,,
2013-03-31,,,,,,,,
2013-04-01,,,,,,,,
2013-04-02,,,,,,,,
2013-04-03,,,,,,,,
2013-04-04,,,,,,,,
2013-04-05,,,,,,,,
2013-04-06,,,,,,,,
2013-04-07,,,,,,,,
2013-04-08,,,,,0.18194,0.0926,0.884,0.0234
2013-04-09,,,,,-0.0715,0.0545,0.85375,0.0915
2013-04-10,,,,,0.4408047619047619,0.13128571428571428,0.8371428571428571,0.03152380952380952
2013-04-11,,,,,0.19017441860465117,0.1054186046511628,0.838906976744186,0.055697674418604654
2013-04-12,,,,,0.188075,0.07706249999999999,0.846375,0.07656249999999999
2013-04-13,,,,,0.5768555555555556,0.11122222222222221,0.8472222222222222,0.041555555555555554
2013-04-14,,,,,0.2810275862068966,0.11041379310344827,0.8340689655172413,0.05548275862068965
2013-04-15,,,,,0.3184642857142857,0.098375,0.85675,0.044767857142857144
2013-04-16,,,,,0.4214166666666667,0.10866666666666668,0.7846666666666667,0.1065
2013-04-17,,,,,0.2532625,0.08787500000000001,0.83675,0.0755
2013-04-18,,,,,0.14099999999999996,0.082,0.8623333333333334,0.05566666666666667
2013-04-19,,,,,,,,
2013-04-20,,,,,,,,
2013-04-21,,,,,,,,
2013-04-22,,,,,,,,
2013-04-23,,,,,,,,
2013-04-24,,,,,,,,
2013-04-25,,,,,,,,
2013-04-26,,,,,,,,
2013-04-27,,,,,,,,
2013-04-28,,,,,,,,
2013-04-29,,,,,,,,
2013-04-30,,,,,,,,
2013-05-01,,,,,,,,
2013-05-02,,,,,,,,
2013-05-03,,,,,,,,
2013-05-04,,,,,,,,
2013-05-05,,,,,,,,
2013-05-06,,,,,,,,
2013-05-07,,,,,,,,
2013-05-08,,,,,,,,
2013-05-09,,,,,,,,
2013-05-10,,,,,,,,
2013-05-11,,,,,,,,
2013-05-12,,,,,,,,
2013-05-13,,,,,,,,
2013-05-14,,,,,,,,
2013-05-15,,,,,,,,
2013-05-16,,,,,,,,
2013-05-17,,,,,,,,
2013-05-18,,,,,,,,
2013-05-19,,,,,,,,
2013-05-20,,,,,-0.1636,0.066,0.866,0.0685
2013-05-21,,,,,-0.4404,0.024,0.892,0.083
2013-05-22,,,,,0.18053750000000002,0.077625,0.8705,0.051750000000000004
2013-05-23,,,,,0.22212857142857143,0.11699999999999999,0.8397142857142857,0.04342857142857143
2013-05-24,,,,,0.15666666666666665,0.07316666666666667,0.8611666666666666,0.06566666666666666
2013-05-25,,,,,-0.40215,0.0605,0.839,0.1005
2013-05-26,,,,,0.3387523809523809,0.12571428571428572,0.8176190476190477,0.056666666666666664
2013-05-27,,,,,0.14548125,0.1524375,0.76175,0.0856875
2013-05-28,,,,,0.08349999999999999,0.1142,0.8013999999999999,0.0846
2013-05-29,,,,,0.04191538461538462,0.08407692307692308,0.805076923076923,0.11084615384615384
2013-05-30,,,,,0.161425,0.104375,0.835375,0.060375
2013-05-31,,,,,0.5145181818181818,0.16372727272727272,0.8081818181818182,0.02809090909090909
2013-06-01,,,,,,,,
2013-06-02,,,,,,,,
2013-06-03,,,,,,,,
2013-06-04,,,,,,,,
2013-06-05,,,,,,,,
2013-06-06,,,,,,,,
2013-06-07,,,,,,,,
2013-06-08,,,,,,,,
2013-06-09,,,,,,,,
2013-06-10,,,,,,,,
2013-06-11,,,,,,,,
2013-06-12,,,,,,,,
2013-06-13,,,,,,,,
2013-06-14,,,,,,,,
2013-06-15,,,,,,,,
2013-06-16,,,,,,,,
2013-06-17,,,,,,,,
2013-06-18,,,,,,,,
2013-06-19,,,,,,,,
2013-06-20,,,,,,,,
2013-06-21,,,,,,,,
2013-06-22,,,,,,,,
2013-06-23,,,,,,,,
2013-06-24,,,,,,,,
2013-06-25,,,,,,,,
2013-06-26,,,,,,,,
2013-06-27,,,,,,,,
2013-06-28,,,,,,,,
2013-06-29,,,,,,,,
2013-06-30,,,,,,,,
2013-07-01,,,,,,,,
2013-07-02,,,,,,,,
2013-07-03,,,,,,,,
2013-07-04,,,,,,,,
2013-07-05,,,,,,,,
2013-07-06,,,,,,,,
2013-07-07,,,,,,,,
2013-07-08,,,,,,,,
2013-07-09,,,,,,,,
2013-07-10,,,,,,,,
2013-07-11,,,,,0.06783695652173913,0.10852173913043478,0.8294782608695652,0.062
2013-07-12,,,,,0.19316190476190476,0.079,0.8552857142857142,0.06566666666666666
2013-07-13,,,,,0.2670181818181818,0.116,0.8383636363636363,0.045454545454545456
2013-07-14,,,,,0.23884375,0.101875,0.840375,0.0578125
2013-07-15,,,,,0.26362307692307696,0.12323076923076923,0.8063076923076924,0.07046153846153845
2013-07-16,,,,,0.3860555555555556,0.11188888888888888,0.8371851851851851,0.05092592592592592
2013-07-17,,,,,0.08329285714285715,0.062285714285714285,0.8441428571428571,0.09357142857142857
2013-07-18,,,,,0.21905925925925926,0.11288888888888889,0.8257407407407408,0.061407407407407404
2013-07-19,,,,,0.6551791666666666,0.147125,0.8105416666666666,0.042333333333333334
2013-07-20,,,,,0.44320000000000004,0.1058,0.86065,0.033699999999999994
2013-07-21,,,,,0.4838241379310345,0.13955172413793102,0.8133103448275861,0.04717241379310345
2013-07-22,,,,,0.13505,0.0678157894736842,0.8843684210526316,0.047842105263157894
2013-07-23,,,,,0.20662857142857144,0.08407142857142857,0.8527857142857143,0.06321428571428571
2013-07-24,,,,,,,,
2013-07-25,,,,,,,,
2013-07-26,,,,,,,,
2013-07-27,,,,,,,,
2013-07-28,,,,,,,,
2013-07-29,,,,,,,,
2013-07-30,,,,,,,,
2013-07-31,,,,,,,,
2013-08-01,,,,,,,,
2013-08-02,,,,,,,,
2013-08-03,,,,,,,,
2013-08-04,,,,,,,,
2013-08-05,,,,,,,,
2013-08-06,,,,,,,,
2013-08-07,,,,,,,,
2013-08-08,,,,,,,,
2013-08-09,,,,,,,,
2013-08-10,,,,,,,,
2013-08-11,,,,,,,,
2013-08-12,,,,,,,,
2013-08-13,,,,,,,,
2013-08-14,,,,,,,,
2013-08-15,,,,,,,,
2013-08-16,,,,,,,,
2013-08-17,,,,,,,,
2013-08-18,,,,,,,,
2013-08-19,,,,,,,,
2013-08-20,,,,,,,,
2013-08-21,,,,,,,,
2013-08-22,,,,,,,,
2013-08-23,,,,,,,,
2013-08-24,,,,,,,,
2013-08-25,,,,,,,,
2013-08-26,,,,,,,,
2013-08-27,,,,,,,,
2013-08-28,,,,,,,,
2013-08-29,,,,,,,,
2013-08-30,,,,,,,,
2013-08-31,,,,,,,,
2013-09-01,,,,,0.5840428571428572,0.11642857142857142,0.8487142857142856,0.03485714285714286
2013-09-02,,,,,0.49468333333333336,0.14558333333333334,0.8376666666666667,0.016833333333333336
2013-09-03,,,,,0.2548391304347826,0.1226086956521739,0.8062608695652174,0.07117391304347827
2013-09-04,,,,,0.28326666666666667,0.10722222222222222,0.8414444444444444,0.05133333333333333
2013-09-05,,,,,0.20617037037037036,0.11137037037037037,0.829,0.05962962962962964
2013-09-06,,,,,0.16247272727272727,0.09586363636363636,0.8245,0.07945454545454546
2013-09-07,,,,,,,,
2013-09-08,,,,,,,,
2013-09-09,,,,,,,,
2013-09-10,,,,,,,,
2013-09-11,,,,,,,,
2013-09-12,,,,,,,,
2013-09-13,,,,,,,,
2013-09-14,,,,,,,,
2013-09-15,,,,,,,,
2013-09-16,,,,,,,,
2013-09-17,,,,,,,,
2013-09-18,,,,,,,,
2013-09-19,,,,,,,,
2013-09-20,,,,,,,,
2013-09-21,,,,,,,,
2013-09-22,,,,,,,,
2013-09-23,,,,,,,,
2013-09-24,,,,,,,,
2013-09-25,,,,,,,,
2013-09-26,,,,,,,,
2013-09-27,,,,,,,,
2013-09-28,,,,,,,,
2013-09-29,,,,,,,,
2013-09-30,,,,,,,,
2013-10-01,,,,,,,,
2013-10-02,,,,,,,,
2013-10-03,,,,,,,,
2013-10-04,,,,,,,,
2013-10-05,,,,,,,,
2013-10-06,,,,,,,,
2013-10-07,,,,,,,,
2013-10-08,,,,,,,,
2013-10-09,,,,,,,,
2013-10-10,,,,,,,,
2013-10-11,,,,,,,,
2013-10-12,,,,,,,,
2013-10-13,,,,,,,,
2013-10-14,,,,,,,,
2013-10-15,,,,,,,,
2013-10-16,,,,,,,,
2013-10-17,,,,,,,,
2013-10-18,,,,,,,,
2013-10-19,,,,,0.32232000000000005,0.1238,0.8440999999999999,0.0323
2013-10-20,,,,,0.338209756097561,0.12404878048780489,0.8094146341463415,0.06663414634146342
2013-10-21,,,,,0.31382272727272725,0.11349999999999999,0.8434090909090909,0.043
2013-10-22,,,,,0.24066271186440677,0.12327118644067796,0.8187627118644069,0.05805084745762711
2013-10-23,,,,,0.256471875,0.10840625,0.83709375,0.054406249999999996
2013-10-24,,,,,0.25405833333333333,0.12783333333333335,0.8248333333333333,0.04733333333333333
2013-10-25,,,,,,,,
2013-10-26,,,,,,,,
2013-10-27,,,,,,,,
2013-10-28,,,,,,,,
2013-10-29,,,,,,,,
2013-10-30,,,,,,,,
2013-10-31,,,,,,,,
2013-11-01,,,,,,,,
2013-11-02,,,,,,,,
2013-11-03,,,,,,,,
2013-11-04,,,,,,,,
2013-11-05,,,,,,,,
2013-11-06,,,,,,,,
2013-11-07,,,,,,,,
2013-11-08,,,,,,,,
2013-11-09,,,,,,,,
2013-11-10,,,,,,,,
2013-11-11,,,,,,,,
2013-11-12,,,,,,,,
2013-11-13,,,,,,,,
2013-11-14,,,,,,,,
2013-11-15,,,,,,,,
2013-11-16,,,,,,,,
2013-11-17,,,,,,,,
2013-11-18,,,,,,,,
2013-11-19,,,,,,,,
2013-11-20,,,,,,,,
2013-11-21,,,,,,,,
2013-11-22,,,,,,,,
2013-11-23,,,,,,,,
2013-11-24,,,,,,,,
2013-11-25,,,,,,,,
2013-11-26,,,,,,,,
2013-11-27,,,,,,,,
2013-11-28,,,,,,,,
2013-11-29,,,,,,,,
2013-11-30,,,,,,,,
2013-12-01,,,,,,,,
2013-12-02,,,,,,,,
2013-12-03,,,,,,,,
2013-12-04,,,,,,,,
2013-12-05,,,,,,,,
2013-12-06,,,,,0.24011568627450977,0.0901764705882353,0.8505098039215686,0.05925490196078432
2013-12-07,,,,,0.3277305555555555,0.131,0.8117222222222222,0.057249999999999995
2013-12-08,,,,,0.27931538461538463,0.1040769230769231,0.8375384615384616,0.05861538461538462
2013-12-09,,,,,,,,
2013-12-10,,,,,,,,
2013-12-11,,,,,,,,
2013-12-12,,,,,,,,
2013-12-13,,,,,,,,
2013-12-14,,,,,,,,
2013-12-15,,,,,,,,
2013-12-16,,,,,,,,
2013-12-17,,,,,,,,
2013-12-18,,,,,,,,
2013-12-19,,,,,,,,
2013-12-20,,,,,,,,
2013-12-21,,,,,,,,
2013-12-22,,,,,,,,
2013-12-23,,,,,,,,
2013-12-24,,,,,,,,
2013-12-25,,,,,,,,
2013-12-26,,,,,,,,
2013-12-27,,,,,,,,
2013-12-28,,,,,,,,
2013-12-29,,,,,,,,
2013-12-30,,,,,,,,
2013-12-31,,,,,,,,
2014-01-01,,,,,,,,
2014-01-02,,,,,,,,
2014-01-03,,,,,,,,
2014-01-04,,,,,,,,
2014-01-05,,,,,,,,
2014-01-06,,,,,,,,
2014-01-07,,,,,,,,
2014-01-08,,,,,,,,
2014-01-09,,,,,,,,
2014-01-10,,,,,,,,
2014-01-11,,,,,,,,
2014-01-12,,,,,,,,
2014-01-13,,,,,,,,
2014-01-14,,,,,,,,
2014-01-15,,,,,,,,
2014-01-16,,,,,,,,
2014-01-17,,,,,0.3877631578947368,0.11694736842105263,0.8116315789473684,0.07157894736842106
2014-01-18,,,,,0.3312952380952381,0.12628571428571428,0.834095238095238,0.03966666666666666
2014-01-19,,,,,0.21889999999999998,0.155,0.729875,0.11525
2014-01-20,,,,,0.4697071428571428,0.11585714285714285,0.8372857142857143,0.04692857142857143
2014-01-21,,,,,0.347,0.09065217391304348,0.8609130434782608,0.04834782608695653
2014-01-22,,,,,0.4892,0.11620833333333334,0.8443333333333333,0.039375
2014-01-23,,,,,0.20803,0.09593333333333334,0.8190666666666666,0.08496666666666666
2014-01-24,,,,,0.2790566666666667,0.09623333333333334,0.8418,0.06193333333333333
2014-01-25,,,,,0.2585851851851852,0.10577777777777778,0.8446666666666667,0.049629629629629635
2014-01-26,,,,,0.30291351351351353,0.10094594594594594,0.8532432432432433,0.04572972972972973
2014-01-27,,,,,0.2713041666666667,0.08800000000000001,0.8853125,0.02666666666666667
2014-01-28,,,,,0.37288260869565215,0.14004347826086957,0.8091739130434783,0.05078260869565217
2014-01-29,,,,,0.3831826086956522,0.12539130434782608,0.8241739130434782,0.050413043478260866
2014-01-30,,,,,0.215275,0.104875,0.8267291666666666,0.06835416666666667
2014-01-31,,,,,,,,
2014-02-01,,,,,,,,
2014-02-02,,,,,,,,
2014-02-03,,,,,,,,
2014-02-04,,,,,,,,
2014-02-05,,,,,,,,
2014-02-06,,,,,,,,
2014-02-07,,,,,,,,
2014-02-08,,,,,,,,
2014-02-09,,,,,,,,
2014-02-10,,,,,,,,
2014-02-11,,,,,,,,
2014-02-12,,,,,,,,
2014-02-13,,,,,,,,
2014-02-14,,,,,,,,
2014-02-15,,,,,,,,
2014-02-16,,,,,,,,
2014-02-17,,,,,,,,
2014-02-18,,,,,,,,
2014-02-19,,,,,,,,
2014-02-20,,,,,,,,
2014-02-21,,,,,,,,
2014-02-22,,,,,,,,
2014-02-23,,,,,,,,
2014-02-24,,,,,,,,
2014-02-25,,,,,,,,
2014-02-26,,,,,,,,
2014-02-27,,,,,,,,
2014-02-28,,,,,,,,
2014-03-01,,,,,,,,
2014-03-02,,,,,,,,
2014-03-03,,,,,,,,
2014-03-04,,,,,,,,
2014-03-05,,,,,,,,
2014-03-06,,,,,,,,
2014-03-07,,,,,,,,
2014-03-08,,,,,,,,
2014-03-09,,,,,,,,
2014-03-10,,,,,,,,
2014-03-11,,,,,,,,
2014-03-12,,,,,,,,
2014-03-13,,,,,0.24441,0.10576666666666666,0.8558333333333333,0.03846666666666666
2014-03-14,,,,,0.23052,0.10281818181818182,0.8390727272727273,0.05814545454545454
2014-03-15,,,,,0.16875454545454546,0.06809090909090909,0.8777272727272727,0.05418181818181819
2014-03-16,,,,,0.58375,0.15875,0.76625,0.0755
2014-03-17,,,,,,,,
2014-03-18,,,,,,,,
2014-03-19,,,,,,,,
2014-03-20,,,,,,,,
2014-03-21,,,,,,,,
2014-03-22,,,,,,,,
2014-03-23,,,,,,,,
2014-03-24,,,,,,,,
2014-03-25,,,,,,,,
2014-03-26,,,,,,,,
2014-03-27,,,,,,,,
2014-03-28,,,,,,,,
2014-03-29,,,,,,,,
2014-03-30,,,,,,,,
2014-03-31,,,,,,,,
2014-04-01,,,,,,,,
2014-04-02,,,,,,,,
2014-04-03,,,,,,,,
2014-04-04,,,,,,,,
2014-04-05,,,,,,,,
2014-04-06,,,,,,,,
2014-04-07,,,,,,,,
2014-04-08,,,,,,,,
2014-04-09,,,,,,,,
2014-04-10,,,,,,,,
2014-04-11,,,,,,,,
2014-04-12,,,,,,,,
2014-04-13,,,,,,,,
2014-04-14,,,,,,,,
2014-04-15,,,,,,,,
2014-04-16,,,,,,,,
2014-04-17,,,,,,,,
2014-04-18,,,,,,,,
2014-04-19,,,,,,,,
2014-04-20,,,,,,,,
2014-04-21,,,,,,,,
2014-04-22,,,,,,,,
2014-04-23,,,,,,,,
2014-04-24,,,,,,,,
2014-04-25,,,,,,,,
2014-04-26,,,,,,,,
2014-04-27,,,,,,,,
2014-04-28,,,,,0.24611111111111109,0.10933333333333334,0.8508888888888888,0.03977777777777777
2014-04-29,,,,,0.3580452380952381,0.11073809523809523,0.8400476190476189,0.04921428571428572
2014-04-30,,,,,0.39600357142857145,0.14485714285714285,0.7906428571428571,0.06448214285714285
2014-05-01,,,,,0.28542162162162166,0.08891891891891893,0.8782432432432432,0.03281081081081081
2014-05-02,,,,,0.13717659574468086,0.09108510638297872,0.8453191489361701,0.06365957446808511
2014-05-03,,,,,0.38185555555555556,0.1471111111111111,0.8091111111111111,0.04377777777777778
2014-05-04,,,,,,,,
2014-05-05,,,,,,,,
2014-05-06,,,,,,,,
2014-05-07,,,,,,,,
2014-05-08,,,,,,,,
2014-05-09,,,,,,,,
2014-05-10,,,,,,,,
2014-05-11,,,,,,,,
2014-05-12,,,,,,,,
2014-05-13,,,,,,,,
2014-05-14,,,,,,,,
2014-05-15,,,,,,,,
2014-05-16,,,,,,,,
2014-05-17,,,,,,,,
2014-05-18,,,,,,,,
2014-05-19,,,,,,,,
2014-05-20,,,,,,,,
2014-05-21,,,,,,,,
2014-05-22,,,,,,,,
2014-05-23,,,,,,,,
2014-05-24,,,,,,,,
2014-05-25,,,,,,,,
2014-05-26,,,,,,,,
2014-05-27,,,,,,,,
2014-05-28,,,,,,,,
2014-05-29,,,,,,,,
2014-05-30,,,,,,,,
2014-05-31,,,,,,,,
2014-06-01,,,,,,,,
2014-06-02,,,,,,,,
2014-06-03,,,,,,,,
2014-06-04,,,,,,,,
2014-06-05,,,,,,,,
2014-06-06,,,,,,,,
2014-06-07,,,,,,,,
2014-06-08,,,,,,,,
2014-06-09,,,,,,,,
2014-06-10,,,,,0.36402,0.1166,0.8271000000000001,0.056299999999999996
2014-06-11,,,,,0.23102916666666665,0.12316666666666666,0.7992916666666666,0.077625
2014-06-12,,,,,0.33616315789473683,0.12810526315789475,0.8331578947368421,0.038789473684210526
2014-06-13,,,,,0.39648000000000005,0.12253333333333334,0.8363999999999999,0.04106666666666667
2014-06-14,,,,,0.20186666666666667,0.08455555555555555,0.8533333333333334,0.062000000000000006
2014-06-15,,,,,0.2644125,0.135625,0.759125,0.10500000000000001
2014-06-16,,,,,0.40708181818181816,0.1419090909090909,0.771090909090909,0.0870909090909091
2014-06-17,,,,,0.1485,0.1215,0.77325,0.105
2014-06-18,,,,,,,,
2014-06-19,,,,,,,,
2014-06-20,,,,,,,,
2014-06-21,,,,,,,,
2014-06-22,,,,,,,,
2014-06-23,,,,,,,,
2014-06-24,,,,,,,,
2014-06-25,,,,,,,,
2014-06-26,,,,,,,,
2014-06-27,,,,,,,,
2014-06-28,,,,,,,,
2014-06-29,,,,,,,,
2014-06-30,,,,,,,,
2014-07-01,,,,,,,,
2014-07-02,,,,,,,,
2014-07-03,,,,,,,,
2014-07-04,,,,,,,,
2014-07-05,,,,,,,,
2014-07-06,,,,,,,,
2014-07-07,,,,,,,,
2014-07-08,,,,,,,,
2014-07-09,,,,,,,,
2014-07-10,,,,,,,,
2014-07-11,,,,,,,,
2014-07-12,,,,,,,,
2014-07-13,,,,,,,,
2014-07-14,,,,,,,,
2014-07-15,,,,,,,,
2014-07-16,,,,,,,,
2014-07-17,,,,,,,,
2014-07-18,,,,,,,,
2014-07-19,,,,,,,,
2014-07-20,,,,,,,,
2014-07-21,,,,,,,,
2014-07-22,,,,,,,,
2014-07-23,,,,,,,,
2014-07-24,,,,,,,,
2014-07-25,,,,,,,,
2014-07-26,,,,,,,,
2014-07-27,,,,,,,,
2014-07-28,,,,,0.0,0.0,1.0,0.0
2014-07-29,,,,,0.3447911764705882,0.12805882352941178,0.8281764705882353,0.04385294117647059
2014-07-30,,,,,-0.04136470588235294,0.09523529411764706,0.8118235294117647,0.09282352941176471
2014-07-31,,,,,0.32647887323943664,0.11815492957746478,0.8259577464788732,0.05594366197183098
2014-08-01,,,,,0.36739600000000006,0.14795999999999998,0.79696,0.055040000000000006
2014-08-02,,,,,0.38584999999999997,0.13933333333333334,0.8226111111111112,0.03811111111111111
2014-08-03,,,,,0.255475,0.11216666666666668,0.8505833333333334,0.03725
2014-08-04,,,,,0.275169696969697,0.08072727272727273,0.8729393939393939,0.04633333333333333
2014-08-05,,,,,0.10641600000000001,0.05672,0.89196,0.05136
2014-08-06,,,,,0.1646820512820513,0.10120512820512821,0.8418974358974359,0.05692307692307693
2014-08-07,,,,,0.09128666666666667,0.07586666666666667,0.8681333333333333,0.056
2014-08-08,,,,,0.47305555555555556,0.0921111111111111,0.8713333333333333,0.036555555555555556
2014-08-09,,,,,,,,
2014-08-10,,,,,,,,
2014-08-11,,,,,,,,
2014-08-12,,,,,,,,
2014-08-13,,,,,,,,
2014-08-14,,,,,,,,
2014-08-15,,,,,,,,
2014-08-16,,,,,,,,
2014-08-17,,,,,,,,
2014-08-18,,,,,,,,
2014-08-19,,,,,,,,
2014-08-20,,,,,,,,
2014-08-21,,,,,,,,
2014-08-22,,,,,,,,
2014-08-23,,,,,,,,
2014-08-24,,,,,,,,
2014-08-25,,,,,,,,
2014-08-26,,,,,,,,
2014-08-27,,,,,,,,
2014-08-28,,,,,,,,
2014-08-29,,,,,,,,
2014-08-30,,,,,,,,
2014-08-31,,,,,,,,
2014-09-01,,,,,,,,
2014-09-02,,,,,,,,
2014-09-03,,,,,,,,
2014-09-04,,,,,,,,
2014-09-05,,,,,,,,
2014-09-06,,,,,,,,
2014-09-07,,,,,,,,
2014-09-08,,,,,,,,
2014-09-09,,,,,,,,
2014-09-10,,,,,,,,
2014-09-11,,,,,,,,
2014-09-12,,,,,,,,
2014-09-13,,,,,,,,
2014-09-14,,,,,,,,
2014-09-15,,,,,,,,
2014-09-16,,,,,,,,
2014-09-17,,,,,,,,
2014-09-18,,,,,,,,
2014-09-19,,,,,0.38668749999999996,0.1259107142857143,0.8122678571428572,0.06173214285714286
2014-09-20,,,,,0.2016357142857143,0.10382142857142858,0.8216785714285715,0.07446428571428572
2014-09-21,,,,,0.10346875,0.100875,0.8110625,0.088125
2014-09-22,,,,,,,,
2014-09-23,,,,,,,,
2014-09-24,,,,,,,,
2014-09-25,,,,,,,,
2014-09-26,,,,,,,,
2014-09-27,,,,,,,,
2014-09-28,,,,,,,,
2014-09-29,,,,,,,,
2014-09-30,,,,,,,,
2014-10-01,,,,,,,,
2014-10-02,,,,,,,,
2014-10-03,,,,,,,,
2014-10-04,,,,,,,,
2014-10-05,,,,,,,,
2014-10-06,,,,,,,,
2014-10-07,,,,,,,,
2014-10-08,,,,,,,,
2014-10-09,,,,,,,,
2014-10-10,,,,,,,,
2014-10-11,,,,,,,,
2014-10-12,,,,,,,,
2014-10-13,,,,,,,,
2014-10-14,,,,,,,,
2014-10-15,,,,,,,,
2014-10-16,,,,,,,,
2014-10-17,,,,,,,,
2014-10-18,,,,,,,,
2014-10-19,,,,,,,,
2014-10-20,,,,,,,,
2014-10-21,,,,,,,,
2014-10-22,,,,,,,,
2014-10-23,,,,,,,,
2014-10-24,,,,,,,,
2014-10-25,,,,,,,,
2014-10-26,,,,,,,,
2014-10-27,,,,,,,,
2014-10-28,,,,,,,,
2014-10-29,,,,,,,,
2014-10-30,,,,,,,,
2014-10-31,,,,,,,,
2014-11-01,,,,,,,,
2014-11-02,,,,,0.3990222222222222,0.12794444444444444,0.8445555555555555,0.02738888888888889
2014-11-03,,,,,0.48924,0.14835,0.8096,0.04215000000000001
2014-11-04,,,,,0.2630357142857143,0.10242857142857142,0.8459464285714285,0.05167857142857143
2014-11-05,,,,,0.3096375,0.13495833333333332,0.7996666666666666,0.06541666666666666
2014-11-06,,,,,0.2690179487179487,0.09787179487179487,0.8618205128205128,0.04028205128205128
2014-11-07,,,,,0.4486578947368421,0.14110526315789473,0.7884736842105263,0.07042105263157895
2014-11-08,,,,,0.0679090909090909,0.10981818181818181,0.7952727272727272,0.09490909090909092
2014-11-09,,,,,0.546625,0.13149999999999998,0.8226666666666667,0.046000000000000006
2014-11-10,,,,,0.3008,0.121,0.762,0.118
2014-11-11,,,,,,,,
2014-11-12,,,,,,,,
2014-11-13,,,,,,,,
2014-11-14,,,,,,,,
2014-11-15,,,,,,,,
2014-11-16,,,,,,,,
2014-11-17,,,,,,,,
2014-11-18,,,,,,,,
2014-11-19,,,,,,,,
2014-11-20,,,,,,,,
2014-11-21,,,,,,,,
2014-11-22,,,,,,,,
2014-11-23,,,,,,,,
2014-11-24,,,,,,,,
2014-11-25,,,,,,,,
2014-11-26,,,,,,,,
2014-11-27,,,,,,,,
2014-11-28,,,,,,,,
2014-11-29,,,,,,,,
2014-11-30,,,,,,,,
2014-12-01,,,,,,,,
2014-12-02,,,,,,,,
2014-12-03,,,,,,,,
2014-12-04,,,,,,,,
2014-12-05,,,,,,,,
2014-12-06,,,,,,,,
2014-12-07,,,,,,,,
2014-12-08,,,,,,,,
2014-12-09,,,,,,,,
2014-12-10,,,,,,,,
2014-12-11,,,,,,,,
2014-12-12,,,,,,,,
2014-12-13,,,,,,,,
2014-12-14,,,,,,,,
2014-12-15,,,,,,,,
2014-12-16,,,,,,,,
2014-12-17,,,,,,,,
2014-12-18,,,,,,,,
2014-12-19,,,,,,,,
2014-12-20,,,,,,,,
2014-12-21,,,,,,,,
2014-12-22,,,,,0.4932448275862069,0.13593103448275862,0.816896551724138,0.04713793103448276
2014-12-23,,,,,0.3438945945945946,0.1502972972972973,0.7863783783783784,0.06318918918918918
2014-12-24,,,,,0.33494347826086956,0.13452173913043478,0.8094782608695652,0.05604347826086956
2014-12-25,,,,,0.25004545454545457,0.12645454545454546,0.755090909090909,0.11845454545454545
2014-12-26,,,,,,,,
2014-12-27,,,,,,,,
2014-12-28,,,,,,,,
2014-12-29,,,,,,,,
2014-12-30,,,,,,,,
2014-12-31,,,,,,,,
2015-01-01,,,,,,,,
2015-01-02,,,,,,,,
2015-01-03,,,,,,,,
2015-01-04,,,,,,,,
2015-01-05,,,,,,,,
2015-01-06,,,,,,,,
2015-01-07,,,,,,,,
2015-01-08,,,,,,,,
2015-01-09,,,,,,,,
2015-01-10,,,,,,,,
2015-01-11,,,,,,,,
2015-01-12,,,,,,,,
2015-01-13,,,,,,,,
2015-01-14,,,,,,,,
2015-01-15,,,,,,,,
2015-01-16,,,,,,,,
2015-01-17,,,,,,,,
2015-01-18,,,,,,,,
2015-01-19,,,,,,,,
2015-01-20,,,,,,,,
2015-01-21,,,,,,,,
2015-01-22,,,,,,,,
2015-01-23,,,,,,,,
2015-01-24,,,,,,,,
2015-01-25,,,,,,,,
2015-01-26,,,,,,,,
2015-01-27,,,,,,,,
2015-01-28,,,,,,,,
2015-01-29,,,,,,,,
2015-01-30,,,,,,,,
2015-01-31,,,,,,,,
2015-02-01,,,,,,,,
2015-02-02,,,,,,,,
2015-02-03,,,,,,,,
2015-02-04,,,,,,,,
2015-02-05,,,,,,,,
2015-02-06,,,,,0.4120890625,0.137390625,0.80925,0.05334375
2015-02-07,,,,,0.4276166666666667,0.14216666666666666,0.8156111111111111,0.042277777777777775
2015-02-08,,,,,0.3827628571428571,0.10957142857142857,0.8393142857142858,0.0512
2015-02-09,,,,,0.32035,0.1085,0.8401666666666667,0.051333333333333335
2015-02-10,,,,,0.268625,0.09525,0.8418055555555556,0.06305555555555556
2015-02-11,,,,,0.38111666666666666,0.12027777777777778,0.8258055555555556,0.05383333333333333
2015-02-12,,,,,0.27255416666666665,0.09344444444444444,0.8660833333333334,0.04047222222222222
2015-02-13,,,,,0.31827319587628866,0.10994845360824741,0.8478247422680413,0.04221649484536082
2015-02-14,,,,,0.07302999999999998,0.07200000000000001,0.8575999999999999,0.07046666666666666
2015-02-15,,,,,,,,
2015-02-16,,,,,,,,
2015-02-17,,,,,,,,
2015-02-18,,,,,,,,
2015-02-19,,,,,,,,
2015-02-20,,,,,,,,
2015-02-21,,,,,,,,
2015-02-22,,,,,,,,
2015-02-23,,,,,,,,
2015-02-24,,,,,,,,
2015-02-25,,,,,,,,
2015-02-26,,,,,,,,
2015-02-27,,,,,,,,
2015-02-28,,,,,,,,
2015-03-01,,,,,,,,
2015-03-02,,,,,,,,
2015-03-03,,,,,,,,
2015-03-04,,,,,,,,
2015-03-05,,,,,,,,
2015-03-06,,,,,,,,
2015-03-07,,,,,,,,
2015-03-08,,,,,,,,
2015-03-09,,,,,,,,
2015-03-10,,,,,,,,
2015-03-11,,,,,,,,
2015-03-12,,,,,,,,
2015-03-13,,,,,,,,
2015-03-14,,,,,,,,
2015-03-15,,,,,,,,
2015-03-16,,,,,,,,
2015-03-17,,,,,,,,
2015-03-18,,,,,,,,
2015-03-19,,,,,,,,
2015-03-20,,,,,,,,
2015-03-21,,,,,,,,
2015-03-22,,,,,,,,
2015-03-23,,,,,,,,
2015-03-24,,,,,,,,
2015-03-25,,,,,,,,
2015-03-26,,,,,,,,
2015-03-27,,,,,,,,
2015-03-28,,,,,,,,
2015-03-29,,,,,,,,
2015-03-30,,,,,,,,
2015-03-31,,,,,0.2874536585365854,0.1364390243902439,0.8100243902439024,0.05351219512195122
2015-04-01,,,,,0.3274265306122449,0.1143265306122449,0.8352448979591837,0.05038775510204081
2015-04-02,,,,,0.27798999999999996,0.1135,0.8393,0.0472
2015-04-03,,,,,,,,
2015-04-04,,,,,,,,
2015-04-05,,,,,,,,
2015-04-06,,,,,,,,
2015-04-07,,,,,,,,
2015-04-08,,,,,,,,
2015-04-09,,,,,,,,
2015-04-10,,,,,,,,
2015-04-11,,,,,,,,
2015-04-12,,,,,,,,
2015-04-13,,,,,,,,
2015-04-14,,,,,,,,
2015-04-15,,,,,,,,
2015-04-16,,,,,,,,
2015-04-17,,,,,,,,
2015-04-18,,,,,,,,
2015-04-19,,,,,,,,
2015-04-20,,,,,,,,
2015-04-21,,,,,,,,
2015-04-22,,,,,,,,
2015-04-23,,,,,,,,
2015-04-24,,,,,,,,
2015-04-25,,,,,,,,
2015-04-26,,,,,,,,
2015-04-27,,,,,,,,
2015-04-28,,,,,,,,
2015-04-29,,,,,,,,
2015-04-30,,,,,,,,
2015-05-01,,,,,,,,
2015-05-02,,,,,,,,
2015-05-03,,,,,,,,
2015-05-04,,,,,,,,
2015-05-05,,,,,,,,
2015-05-06,,,,,,,,
2015-05-07,,,,,,,,
2015-05-08,,,,,,,,
2015-05-09,,,,,,,,
2015-05-10,,,,,,,,
2015-05-11,,,,,,,,
2015-05-12,,,,,,,,
2015-05-13,,,,,,,,
2015-05-14,,,,,0.16433478260869566,0.10686956521739131,0.8598695652173913,0.033217391304347824
2015-05-15,,,,,0.1945625,0.10140625,0.8370625,0.0615625
2015-05-16,,,,,0.30285,0.141375,0.7913333333333333,0.06729166666666667
2015-05-17,,,,,0.1351421052631579,0.1051578947368421,0.828,0.06689473684210527
2015-05-18,,,,,0.26252615384615385,0.09698461538461539,0.8429384615384615,0.06013846153846154
2015-05-19,,,,,0.2702833333333333,0.09208333333333334,0.8515555555555555,0.05630555555555556
2015-05-20,,,,,0.9767,0.133,0.806,0.061
2015-05-21,,,,,,,,
2015-05-22,,,,,,,,
2015-05-23,,,,,,,,
2015-05-24,,,,,,,,
2015-05-25,,,,,,,,
2015-05-26,,,,,,,,
2015-05-27,,,,,,,,
2015-05-28,,,,,,,,
2015-05-29,,,,,,,,
2015-05-30,,,,,,,,
2015-05-31,,,,,,,,
2015-06-01,,,,,,,,
2015-06-02,,,,,,,,
2015-06-03,,,,,,,,
2015-06-04,,,,,,,,
2015-06-05,,,,,,,,
2015-06-06,,,,,,,,
2015-06-07,,,,,,,,
2015-06-08,,,,,,,,
2015-06-09,,,,,,,,
2015-06-10,,,,,,,,
2015-06-11,,,,,,,,
2015-06-12,,,,,,,,
2015-06-13,,,,,,,,
2015-06-14,,,,,,,,
2015-06-15,,,,,,,,
2015-06-16,,,,,,,,
2015-06-17,,,,,,,,
2015-06-18,,,,,,,,
2015-06-19,,,,,,,,
2015-06-20,,,,,,,,
2015-06-21,,,,,,,,
2015-06-22,,,,,,,,
2015-06-23,,,,,,,,
2015-06-24,,,,,,,,
2015-06-25,,,,,,,,
2015-06-26,,,,,,,,
2015-06-27,,,,,,,,
2015-06-28,,,,,,,,
2015-06-29,,,,,,,,
2015-06-30,,,,,,,,
2015-07-01,,,,,,,,
2015-07-02,,,,,0.06382380952380953,0.08695238095238096,0.8420952380952381,0.07088095238095238
2015-07-03,,,,,0.32035517241379313,0.1126551724137931,0.8445172413793103,0.04279310344827587
2015-07-04,,,,,0.4499473684210526,0.1355263157894737,0.8212631578947368,0.043263157894736844
2015-07-05,,,,,0.08951999999999999,0.0945,0.8168,0.0889
2015-07-06,,,,,,,,
2015-07-07,,,,,,,,
2015-07-08,,,,,,,,
2015-07-09,,,,,,,,
2015-07-10,,,,,,,,
2015-07-11,,,,,,,,
2015-07-12,,,,,,,,
2015-07-13,,,,,,,,
2015-07-14,,,,,,,,
2015-07-15,,,,,,,,
2015-07-16,,,,,,,,
2015-07-17,,,,,,,,
2015-07-18,,,,,,,,
2015-07-19,,,,,,,,
2015-07-20,,,,,,,,
2015-07-21,,,,,,,,
2015-07-22,,,,,,,,
2015-07-23,,,,,,,,
2015-07-24,,,,,,,,
2015-07-25,,,,,,,,
2015-07-26,,,,,,,,
2015-07-27,,,,,,,,
2015-07-28,,,,,,,,
2015-07-29,,,,,,,,
2015-07-30,,,,,,,,
2015-07-31,,,,,,,,
2015-08-01,,,,,,,,
2015-08-02,,,,,,,,
2015-08-03,,,,,,,,
2015-08-04,,,,,,,,
2015-08-05,,,,,,,,
2015-08-06,,,,,,,,
2015-08-07,,,,,,,,
2015-08-08,,,,,,,,
2015-08-09,,,,,,,,
2015-08-10,,,,,,,,
2015-08-11,,,,,,,,
2015-08-12,,,,,,,,
2015-08-13,,,,,,,,
2015-08-14,,,,,,,,
2015-08-15,,,,,,,,
2015-08-16,,,,,,,,
2015-08-17,,,,,,,,
2015-08-18,,,,,,,,
2015-08-19,,,,,0.005887500000000018,0.118,0.785875,0.09625
2015-08-20,,,,,0.34754222222222225,0.13556666666666667,0.8162111111111111,0.04822222222222222
2015-08-21,,,,,0.366975,0.10411538461538461,0.8421730769230769,0.05374038461538462
2015-08-22,,,,,0.3329408163265306,0.12323469387755102,0.8403877551020409,0.036408163265306125
2015-08-23,,,,,,,,
2015-08-24,,,,,,,,
2015-08-25,,,,,,,,
2015-08-26,,,,,,,,
2015-08-27,,,,,,,,
2015-08-28,,,,,,,,
2015-08-29,,,,,,,,
2015-08-30,,,,,,,,
2015-08-31,,,,,,,,
2015-09-01,,,,,,,,
2015-09-02,,,,,,,,
2015-09-03,,,,,,,,
2015-09-04,,,,,,,,
2015-09-05,,,,,,,,
2015-09-06,,,,,,,,
2015-09-07,,,,,,,,
2015-09-08,,,,,,,,
2015-09-09,,,,,,,,
2015-09-10,,,,,,,,
2015-09-11,,,,,,,,
2015-09-12,,,,,,,,
2015-09-13,,,,,,,,
2015-09-14,,,,,,,,
2015-09-15,,,,,,,,
2015-09-16,,,,,,,,
2015-09-17,,,,,,,,
2015-09-18,,,,,,,,
2015-09-19,,,,,,,,
2015-09-20,,,,,,,,
2015-09-21,,,,,,,,
2015-09-22,,,,,,,,
2015-09-23,,,,,,,,
2015-09-24,,,,,,,,
2015-09-25,,,,,,,,
2015-09-26,,,,,,,,
2015-09-27,,,,,,,,
2015-09-28,,,,,,,,
2015-09-29,,,,,,,,
2015-09-30,,,,,,,,
2015-10-01,,,,,,,,
2015-10-02,,,,,,,,
2015-10-03,,,,,,,,
2015-10-04,,,,,0.38022666666666666,0.13266666666666665,0.7909333333333334,0.07633333333333334
2015-10-05,,,,,0.256702,0.11822,0.83768,0.04408
2015-10-06,,,,,0.12538285714285713,0.0856,0.8512285714285714,0.06314285714285714
2015-10-07,,,,,,,,
2015-10-08,,,,,,,,
2015-10-09,,,,,,,,
2015-10-10,,,,,,,,
2015-10-11,,,,,,,,
2015-10-12,,,,,,,,
2015-10-13,,,,,,,,
2015-10-14,,,,,,,,
2015-10-15,,,,,,,,
2015-10-16,,,,,,,,
2015-10-17,,,,,,,,
2015-10-18,,,,,,,,
2015-10-19,,,,,,,,
2015-10-20,,,,,,,,
2015-10-21,,,,,,,,
2015-10-22,,,,,,,,
2015-10-23,,,,,,,,
2015-10-24,,,,,,,,
2015-10-25,,,,,,,,
2015-10-26,,,,,,,,
2015-10-27,,,,,,,,
2015-10-28,,,,,,,,
2015-10-29,,,,,,,,
2015-10-30,,,,,,,,
2015-10-31,,,,,,,,
2015-11-01,,,,,,,,
2015-11-02,,,,,,,,
2015-11-03,,,,,,,,
2015-11-04,,,,,,,,
2015-11-05,,,,,,,,
2015-11-06,,,,,,,,
2015-11-07,,,,,,,,
2015-11-08,,,,,,,,
2015-11-09,,,,,,,,
2015-11-10,,,,,,,,
2015-11-11,,,,,,,,
2015-11-12,,,,,,,,
2015-11-13,,,,,,,,
2015-11-14,,,,,,,,
2015-11-15,,,,,,,,
2015-11-16,,,,,,,,
2015-11-17,,,,,,,,
2015-11-18,,,,,0.3378607142857143,0.11353571428571428,0.8550714285714286,0.031392857142857146
2015-11-19,,,,,0.29489189189189186,0.11440540540540539,0.8215945945945946,0.06405405405405405
2015-11-20,,,,,0.4137119047619048,0.14323809523809525,0.8069999999999999,0.04971428571428572
2015-11-21,,,,,0.3273764705882353,0.11623529411764706,0.8304117647058823,0.05341176470588235
2015-11-22,,,,,0.4186740740740741,0.11285185185185186,0.8477777777777779,0.03937037037037037
2015-11-23,,,,,0.2697914893617021,0.1097872340425532,0.8316382978723404,0.0584468085106383
2015-11-24,,,,,0.7066,0.206,0.794,0.0
2015-11-25,,,,,,,,
2015-11-26,,,,,,,,
2015-11-27,,,,,,,,
2015-11-28,,,,,,,,
2015-11-29,,,,,,,,
2015-11-30,,,,,,,,
2015-12-01,,,,,,,,
2015-12-02,,,,,,,,
2015-12-03,,,,,,,,
2015-12-04,,,,,,,,
2015-12-05,,,,,,,,
2015-12-06,,,,,,,,
2015-12-07,,,,,,,,
2015-12-08,,,,,,,,
2015-12-09,,,,,,,,
2015-12-10,,,,,,,,
2015-12-11,,,,,,,,
2015-12-12,,,,,,,,
2015-12-13,,,,,,,,
2015-12-14,,,,,,,,
2015-12-15,,,,,,,,
2015-12-16,,,,,,,,
2015-12-17,,,,,,,,
2015-12-18,,,,,,,,
2015-12-19,,,,,,,,
2015-12-20,,,,,,,,
2015-12-21,,,,,,,,
2015-12-22,,,,,,,,
2015-12-23,,,,,,,,
2015-12-24,,,,,,,,
2015-12-25,,,,,,,,
2015-12-26,,,,,,,,
2015-12-27,,,,,,,,
2015-12-28,,,,,,,,
2015-12-29,,,,,,,,
2015-12-30,,,,,,,,
2015-12-31,,,,,,,,
2016-01-01,,,,,,,,
2016-01-02,,,,,,,,
2016-01-03,,,,,,,,
2016-01-04,,,,,,,,
2016-01-05,,,,,,,,
2016-01-06,,,,,,,,
2016-01-07,,,,,0.2542138461538462,0.10126153846153846,0.8434923076923077,0.055261538461538466
2016-01-08,,,,,0.19341142857142857,0.10465714285714287,0.8370285714285715,0.058314285714285714
2016-01-09,,,,,,,,
2016-01-10,,,,,,,,
2016-01-11,,,,,,,,
2016-01-12,,,,,,,,
2016-01-13,,,,,,,,
2016-01-14,,,,,,,,
2016-01-15,,,,,,,,
2016-01-16,,,,,,,,
2016-01-17,,,,,,,,
2016-01-18,,,,,,,,
2016-01-19,,,,,,,,
2016-01-20,,,,,,,,
2016-01-21,,,,,,,,
2016-01-22,,,,,,,,
2016-01-23,,,,,,,,
2016-01-24,,,,,,,,
2016-01-25,,,,,,,,
2016-01-26,,,,,,,,
2016-01-27,,,,,,,,
2016-01-28,,,,,,,,
2016-01-29,,,,,,,,
2016-01-30,,,,,,,,
2016-01-31,,,,,,,,
2016-02-01,,,,,,,,
2016-02-02,,,,,,,,
2016-02-03,,,,,,,,
2016-02-04,,,,,,,,
2016-02-05,,,,,,,,
2016-02-06,,,,,,,,
2016-02-07,,,,,,,,
2016-02-08,,,,,,,,
2016-02-09,,,,,,,,
2016-02-10,,,,,,,,
2016-02-11,,,,,,,,
2016-02-12,,,,,,,,
2016-02-13,,,,,,,,
2016-02-14,,,,,,,,
2016-02-15,,,,,,,,
2016-02-16,,,,,,,,
2016-02-17,,,,,,,,
2016-02-18,,,,,,,,
2016-02-19,,,,,,,,
2016-02-20,,,,,,,,
2016-02-21,,,,,0.23404285714285716,0.08585714285714285,0.87,0.04414285714285714
2016-02-22,,,,,0.18481333333333336,0.09785,0.8583666666666667,0.04376666666666666
2016-02-23,,,,,0.27773454545454546,0.12261818181818182,0.8261636363636363,0.051254545454545455
2016-02-24,,,,,0.382471875,0.111515625,0.840109375,0.048390625
2016-02-25,,,,,0.3084653846153846,0.11961538461538461,0.8227307692307692,0.05765384615384615
2016-02-26,,,,,0.32157377049180325,0.1309016393442623,0.8211475409836066,0.04795081967213115
2016-02-27,,,,,0.21305714285714286,0.11271428571428573,0.8369642857142857,0.05039285714285714
2016-02-28,,,,,0.0615,0.0755,0.844,0.0805
2016-02-29,,,,,0.3105644444444445,0.11575555555555557,0.8363111111111111,0.04786666666666666
2016-03-01,,,,,0.19818333333333335,0.09145833333333332,0.8477083333333333,0.06083333333333333
2016-03-02,,,,,,,,
2016-03-03,,,,,,,,
2016-03-04,,,,,,,,
2016-03-05,,,,,,,,
2016-03-06,,,,,,,,
2016-03-07,,,,,,,,
2016-03-08,,,,,,,,
2016-03-09,,,,,,,,
2016-03-10,,,,,,,,
2016-03-11,,,,,,,,
2016-03-12,,,,,,,,
2016-03-13,,,,,,,,
2016-03-14,,,,,,,,
2016-03-15,,,,,,,,
2016-03-16,,,,,,,,
2016-03-17,,,,,,,,
2016-03-18,,,,,,,,
2016-03-19,,,,,,,,
2016-03-20,,,,,,,,
2016-03-21,,,,,,,,
2016-03-22,,,,,,,,
2016-03-23,,,,,,,,
2016-03-24,,,,,,,,
2016-03-25,,,,,,,,
2016-03-26,,,,,,,,
2016-03-27,,,,,,,,
2016-03-28,,,,,,,,
2016-03-29,,,,,,,,
2016-03-30,,,,,,,,
2016-03-31,,,,,,,,
2016-04-01,,,,,,,,
2016-04-02,,,,,,,,
2016-04-03,,,,,,,,
2016-04-04,,,,,,,,
2016-04-05,,,,,,,,
2016-04-06,,,,,,,,
2016-04-07,,,,,,,,
2016-04-08,,,,,,,,
2016-04-09,,,,,,,,
2016-04-10,,,,,,,,
2016-04-11,,,,,,,,
2016-04-12,,,,,,,,
2016-04-13,,,,,,,,
2016-04-14,,,,,0.2663806451612903,0.09958064516129031,0.8398494623655913,0.06046236559139785
2016-04-15,,,,,0.4737857142857143,0.1127142857142857,0.8141428571428572,0.07314285714285715
2016-04-16,,,,,,,,
2016-04-17,,,,,,,,
2016-04-18,,,,,,,,
2016-04-19,,,,,,,,
2016-04-20,,,,,,,,
2016-04-21,,,,,,,,
2016-04-22,,,,,,,,
2016-04-23,,,,,,,,
2016-04-24,,,,,,,,
2016-04-25,,,,,,,,
2016-04-26,,,,,,,,
2016-04-27,,,,,,,,
2016-04-28,,,,,,,,
2016-04-29,,,,,,,,
2016-04-30,,,,,,,,
2016-05-01,,,,,,,,
2016-05-02,,,,,,,,
2016-05-03,,,,,,,,
2016-05-04,,,,,,,,
2016-05-05,,,,,,,,
2016-05-06,,,,,,,,
2016-05-07,,,,,,,,
2016-05-08,,,,,,,,
2016-05-09,,,,,,,,
2016-05-10,,,,,,,,
2016-05-11,,,,,,,,
2016-05-12,,,,,,,,
2016-05-13,,,,,,,,
2016-05-14,,,,,,,,
2016-05-15,,,,,,,,
2016-05-16,,,,,,,,
2016-05-17,,,,,,,,
2016-05-18,,,,,,,,
2016-05-19,,,,,,,,
2016-05-20,,,,,,,,
2016-05-21,,,,,,,,
2016-05-22,,,,,,,,
2016-05-23,,,,,,,,
2016-05-24,,,,,,,,
2016-05-25,,,,,,,,
2016-05-26,,,,,0.2792861111111111,0.10886111111111112,0.8250277777777778,0.0661111111111111
2016-05-27,,,,,0.27615,0.1049375,0.8258125,0.0693125
2016-05-28,,,,,0.16201904761904762,0.09495238095238095,0.8341428571428571,0.07090476190476191
2016-05-29,,,,,0.26775714285714286,0.10685714285714286,0.8505,0.04264285714285714
2016-05-30,,,,,0.0414904761904762,0.08785714285714286,0.8388571428571429,0.07319047619047618
2016-05-31,,,,,0.27852000000000005,0.12174285714285715,0.8283142857142857,0.04994285714285714
2016-06-01,,,,,0.30228285714285713,0.11117142857142857,0.8316285714285714,0.05725714285714286
2016-06-02,,,,,0.44239999999999996,0.10883333333333334,0.8584999999999999,0.03283333333333333
2016-06-03,,,,,,,,
2016-06-04,,,,,,,,
2016-06-05,,,,,,,,
2016-06-06,,,,,,,,
2016-06-07,,,,,,,,
2016-06-08,,,,,,,,
2016-06-09,,,,,,,,
2016-06-10,,,,,,,,
2016-06-11,,,,,,,,
2016-06-12,,,,,,,,
2016-06-13,,,,,,,,
2016-06-14,,,,,,,,
2016-06-15,,,,,,,,
2016-06-16,,,,,,,,
2016-06-17,,,,,,,,
2016-06-18,,,,,,,,
2016-06-19,,,,,,,,
2016-06-20,,,,,,,,
2016-06-21,,,,,,,,
2016-06-22,,,,,,,,
2016-06-23,,,,,,,,
2016-06-24,,,,,,,,
2016-06-25,,,,,,,,
2016-06-26,,,,,,,,
2016-06-27,,,,,,,,
2016-06-28,,,,,,,,
2016-06-29,,,,,,,,
2016-06-30,,,,,,,,
2016-07-01,,,,,,,,
2016-07-02,,,,,,,,
2016-07-03,,,,,,,,
2016-07-04,,,,,,,,
2016-07-05,,,,,,,,
2016-07-06,,,,,,,,
2016-07-07,,,,,,,,
2016-07-08,,,,,,,,
2016-07-09,,,,,,,,
2016-07-10,,,,,,,,
2016-07-11,,,,,,,,
2016-07-12,,,,,,,,
2016-07-13,,,,,0.32803076923076924,0.14284615384615384,0.8100769230769231,0.047
2016-07-14,,,,,0.25780714285714285,0.11803571428571429,0.8406428571428571,0.041428571428571426
2016-07-15,,,,,0.4547457142857143,0.11942857142857143,0.8471428571428571,0.033485714285714285
2016-07-16,,,,,0.4567772727272727,0.11722727272727274,0.8358636363636364,0.04690909090909091
2016-07-17,,,,,0.040100000000000025,0.081,0.8005,0.1185
2016-07-18,,,,,,,,
2016-07-19,,,,,,,,
2016-07-20,,,,,,,,
2016-07-21,,,,,,,,
2016-07-22,,,,,,,,
2016-07-23,,,,,,,,
2016-07-24,,,,,,,,
2016-07-25,,,,,,,,
2016-07-26,,,,,,,,
2016-07-27,,,,,,,,
2016-07-28,,,,,,,,
2016-07-29,,,,,,,,
2016-07-30,,,,,,,,
2016-07-31,,,,,,,,
2016-08-01,,,,,,,,
2016-08-02,,,,,,,,
2016-08-03,,,,,,,,
2016-08-04,,,,,,,,
2016-08-05,,,,,,,,
2016-08-06,,,,,,,,
2016-08-07,,,,,,,,
2016-08-08,,,,,,,,
2016-08-09,,,,,,,,
2016-08-10,,,,,,,,
2016-08-11,,,,,,,,
2016-08-12,,,,,,,,
2016-08-13,,,,,,,,
2016-08-14,,,,,,,,
2016-08-15,,,,,,,,
2016-08-16,,,,,,,,
2016-08-17,,,,,,,,
2016-08-18,,,,,,,,
2016-08-19,,,,,,,,
2016-08-20,,,,,,,,
2016-08-21,,,,,,,,
2016-08-22,,,,,,,,
2016-08-23,,,,,,,,
2016-08-24,,,,,,,,
2016-08-25,,,,,,,,
2016-08-26,,,,,,,,
2016-08-27,,,,,,,,
2016-08-28,,,,,0.39965384615384614,0.16592307692307692,0.7906153846153846,0.04338461538461539
2016-08-29,,,,,0.21453333333333333,0.08956862745098039,0.8571960784313726,0.0531764705882353
2016-08-30,,,,,0.13979166666666665,0.10102777777777777,0.8484166666666666,0.050583333333333334
2016-08-31,,,,,0.2604257142857143,0.11314285714285714,0.8339714285714286,0.052885714285714286
2016-09-01,,,,,0.2889131578947368,0.10742105263157894,0.8616842105263158,0.03092105263157895
2016-09-02,,,,,0.5215272727272727,0.15148484848484847,0.8115757575757576,0.036909090909090905
2016-09-03,,,,,0.47351153846153843,0.16742307692307692,0.7807307692307692,0.05188461538461538
2016-09-04,,,,,0.07536818181818182,0.08481818181818182,0.8541818181818183,0.060954545454545456
2016-09-05,,,,,0.1411181818181818,0.08695454545454545,0.8347727272727273,0.07822727272727273
2016-09-06,,,,,0.2593541666666667,0.09129166666666666,0.8588333333333332,0.049916666666666665
2016-09-07,,,,,,,,
2016-09-08,,,,,,,,
2016-09-09,,,,,,,,
2016-09-10,,,,,,,,
2016-09-11,,,,,,,,
2016-09-12,,,,,,,,
2016-09-13,,,,,,,,
2016-09-14,,,,,,,,
2016-09-15,,,,,,,,
2016-09-16,,,,,,,,
2016-09-17,,,,,,,,
2016-09-18,,,,,,,,
2016-09-19,,,,,,,,
2016-09-20,,,,,,,,
2016-09-21,,,,,,,,
2016-09-22,,,,,,,,
2016-09-23,,,,,,,,
2016-09-24,,,,,,,,
2016-09-25,,,,,,,,
2016-09-26,,,,,,,,
2016-09-27,,,,,,,,
2016-09-28,,,,,,,,
2016-09-29,,,,,,,,
2016-09-30,,,,,,,,
2016-10-01,,,,,,,,
2016-10-02,,,,,,,,
2016-10-03,,,,,,,,
2016-10-04,,,,,,,,
2016-10-05,,,,,,,,
2016-10-06,,,,,,,,
2016-10-07,,,,,,,,
2016-10-08,,,,,,,,
2016-10-09,,,,,,,,
2016-10-10,,,,,,,,
2016-10-11,,,,,,,,
2016-10-12,,,,,,,,
2016-10-13,,,,,,,,
2016-10-14,,,,,,,,
2016-10-15,,,,,,,,
2016-10-16,,,,,,,,
2016-10-17,,,,,,,,
2016-10-18,,,,,0.3334611111111111,0.13872222222222222,0.8024444444444445,0.058805555555555555
2016-10-19,,,,,0.2832181818181818,0.10390909090909091,0.8389090909090909,0.05718181818181818
2016-10-20,,,,,0.37467500000000004,0.11699999999999999,0.8265416666666666,0.05629166666666666
2016-10-21,,,,,0.42362666666666665,0.12206666666666667,0.8223333333333332,0.05566666666666666
2016-10-22,,,,,0.041366666666666656,0.18633333333333335,0.7386666666666667,0.07466666666666666
2016-10-23,,,,,,,,
2016-10-24,,,,,,,,
2016-10-25,,,,,,,,
2016-10-26,,,,,,,,
2016-10-27,,,,,,,,
2016-10-28,,,,,,,,
2016-10-29,,,,,,,,
2016-10-30,,,,,,,,
2016-10-31,,,,,,,,
2016-11-01,,,,,,,,
2016-11-02,,,,,,,,
2016-11-03,,,,,,,,
2016-11-04,,,,,,,,
2016-11-05,,,,,,,,
2016-11-06,,,,,,,,
2016-11-07,,,,,,,,
2016-11-08,,,,,,,,
2016-11-09,,,,,,,,
2016-11-10,,,,,,,,
2016-11-11,,,,,,,,
2016-11-12,,,,,,,,
2016-11-13,,,,,,,,
2016-11-14,,,,,,,,
2016-11-15,,,,,,,,
2016-11-16,,,,,,,,
2016-11-17,,,,,,,,
2016-11-18,,,,,,,,
2016-11-19,,,,,,,,
2016-11-20,,,,,,,,
2016-11-21,,,,,,,,
2016-11-22,,,,,,,,
2016-11-23,,,,,,,,
2016-11-24,,,,,,,,
2016-11-25,,,,,,,,
2016-11-26,,,,,,,,
2016-11-27,,,,,,,,
2016-11-28,,,,,,,,
2016-11-29,,,,,,,,
2016-11-30,,,,,,,,
2016-12-01,,,,,,,,
2016-12-02,,,,,,,,
2016-12-03,,,,,0.25617083333333335,0.11166666666666668,0.8450833333333333,0.043250000000000004
2016-12-04,,,,,0.39221875,0.11625,0.8381875,0.04553125
2016-12-05,,,,,0.23899696969696968,0.09809090909090909,0.8516363636363636,0.05024242424242425
2016-12-06,,,,,0.3738142857142857,0.12689285714285714,0.8187857142857143,0.05425000000000001
2016-12-07,,,,,0.5145875,0.13216666666666665,0.8225416666666666,0.045375
2016-12-08,,,,,0.463645945945946,0.13943243243243242,0.8037567567567567,0.05681081081081081
2016-12-09,,,,,0.22255,0.07963636363636363,0.8670000000000001,0.05336363636363636
2016-12-10,,,,,,,,
2016-12-11,,,,,,,,
2016-12-12,,,,,,,,
2016-12-13,,,,,,,,
2016-12-14,,,,,,,,
2016-12-15,,,,,,,,
2016-12-16,,,,,,,,
2016-12-17,,,,,,,,
2016-12-18,,,,,,,,
2016-12-19,,,,,,,,
2016-12-20,,,,,,,,
2016-12-21,,,,,,,,
2016-12-22,,,,,,,,
2016-12-23,,,,,,,,
2016-12-24,,,,,,,,
2016-12-25,,,,,,,,
2016-12-26,,,,,,,,
2016-12-27,,,,,,,,
2016-12-28,,,,,,,,
2016-12-29,,,,,,,,
2016-12-30,,,,,,,,
2016-12-31,,,,,,,,
2017-01-01,,,,,,,,
2017-01-02,,,,,,,,
2017-01-03,,,,,,,,
2017-01-04,,,,,,,,
2017-01-05,,,,,,,,
2017-01-06,,,,,,,,
2017-01-07,,,,,,,,
2017-01-08,,,,,,,,
2017-01-09,,,,,,,,
2017-01-10,,,,,,,,
2017-01-11,,,,,,,,
2017-01-12,,,,,,,,
2017-01-13,,,,,,,,
2017-01-14,,,,,,,,
2017-01-15,,,,,,,,
2017-01-16,,,,,,,,
2017-01-17,,,,,,,,
2017-01-18,,,,,,,,
2017-01-19,,,,,,,,
2017-01-20,,,,,,,,
2017-01-21,,,,,,,,
2017-01-22,,,,,,,,
2017-01-23,,,,,0.24510000000000004,0.1075128205128205,0.8321794871794871,0.06028205128205128
2017-01-24,,,,,0.20537931034482756,0.10979310344827586,0.8248620689655172,0.06525862068965517
2017-01-25,,,,,-0.6246333333333333,0.07633333333333332,0.7466666666666667,0.17700000000000002
2017-01-26,,,,,,,,
2017-01-27,,,,,,,,
2017-01-28,,,,,,,,
2017-01-29,,,,,,,,
2017-01-30,,,,,,,,
2017-01-31,,,,,,,,
2017-02-01,,,,,,,,
2017-02-02,,,,,,,,
2017-02-03,,,,,,,,
2017-02-04,,,,,,,,
2017-02-05,,,,,,,,
2017-02-06,,,,,,,,
2017-02-07,,,,,,,,
2017-02-08,,,,,,,,
2017-02-09,,,,,,,,
2017-02-10,,,,,,,,
2017-02-11,,,,,,,,
2017-02-12,,,,,,,,
2017-02-13,,,,,,,,
2017-02-14,,,,,,,,
2017-02-15,,,,,,,,
2017-02-16,,,,,,,,
2017-02-17,,,,,,,,
2017-02-18,,,,,,,,
2017-02-19,,,,,,,,
2017-02-20,,,,,,,,
2017-02-21,,,,,,,,
2017-02-22,,,,,,,,
2017-02-23,,,,,,,,
2017-02-24,,,,,,,,
2017-02-25,,,,,,,,
2017-02-26,,,,,,,,
2017-02-27,,,,,,,,
2017-02-28,,,,,,,,
2017-03-01,,,,,,,,
2017-03-02,,,,,,,,
2017-03-03,,,,,,,,
2017-03-04,,,,,,,,
2017-03-05,,,,,,,,
2017-03-06,,,,,,,,
2017-03-07,,,,,,,,
2017-03-08,,,,,,,,
2017-03-09,,,,,,,,
2017-03-10,,,,,0.13027142857142857,0.09707936507936507,0.8374126984126984,0.06558730158730158
2017-03-11,,,,,0.49268275862068966,0.14772413793103448,0.7945517241379311,0.057827586206896556
2017-03-12,,,,,0.405680701754386,0.12882456140350876,0.8109649122807018,0.060192982456140354
2017-03-13,,,,,0.40468358208955224,0.1157910447761194,0.8307611940298507,0.053462686567164186
2017-03-14,,,,,0.29641,0.10752222222222221,0.8401333333333333,0.0524
2017-03-15,,,,,0.22069473684210525,0.07636842105263157,0.8736491228070176,0.05
2017-03-16,,,,,0.1500054054054054,0.09091891891891891,0.8370810810810811,0.07197297297297298
2017-03-17,,,,,,,,
2017-03-18,,,,,,,,
2017-03-19,,,,,,,,
2017-03-20,,,,,,,,
2017-03-21,,,,,,,,
2017-03-22,,,,,,,,
2017-03-23,,,,,,,,
2017-03-24,,,,,,,,
2017-03-25,,,,,,,,
2017-03-26,,,,,,,,
2017-03-27,,,,,,,,
2017-03-28,,,,,,,,
2017-03-29,,,,,,,,
2017-03-30,,,,,,,,
2017-03-31,,,,,,,,
2017-04-01,,,,,,,,
2017-04-02,,,,,,,,
2017-04-03,,,,,,,,
2017-04-04,,,,,,,,
2017-04-05,,,,,,,,
2017-04-06,,,,,,,,
2017-04-07,,,,,,,,
2017-04-08,,,,,,,,
2017-04-09,,,,,,,,
2017-04-10,,,,,,,,
2017-04-11,,,,,,,,
2017-04-12,,,,,,,,
2017-04-13,,,,,,,,
2017-04-14,,,,,,,,
2017-04-15,,,,,,,,
2017-04-16,,,,,,,,
2017-04-17,,,,,,,,
2017-04-18,,,,,,,,
2017-04-19,,,,,,,,
2017-04-20,,,,,0.15467999999999998,0.08520000000000001,0.8842000000000001,0.0306
2017-04-21,,,,,0.2745142857142857,0.10176190476190476,0.8584761904761904,0.03980952380952381
2017-04-22,,,,,0.15678571428571428,0.08864285714285715,0.8587857142857143,0.05257142857142857
2017-04-23,,,,,0.3133529411764706,0.11329411764705882,0.8188823529411764,0.06782352941176471
2017-04-24,,,,,0.2381625,0.123375,0.78925,0.08737500000000001
2017-04-25,,,,,,,,
2017-04-26,,,,,,,,
2017-04-27,,,,,,,,
2017-04-28,,,,,,,,
2017-04-29,,,,,,,,
2017-04-30,,,,,,,,
2017-05-01,,,,,,,,
2017-05-02,,,,,,,,
2017-05-03,,,,,,,,
2017-05-04,,,,,,,,
2017-05-05,,,,,,,,
2017-05-06,,,,,,,,
2017-05-07,,,,,,,,
2017-05-08,,,,,,,,
2017-05-09,,,,,,,,
2017-05-10,,,,,,,,
2017-05-11,,,,,,,,
2017-05-12,,,,,,,,
2017-05-13,,,,,,,,
2017-05-14,,,,,,,,
2017-05-15,,,,,,,,
2017-05-16,,,,,,,,
2017-05-17,,,,,,,,
2017-05-18,,,,,,,,
2017-05-19,,,,,,,,
2017-05-20,,,,,,,,
2017-05-21,,,,,,,,
2017-05-22,,,,,,,,
2017-05-23,,,,,,,,
2017-05-24,,,,,,,,
2017-05-25,,,,,,,,
2017-05-26,,,,,,,,
2017-05-27,,,,,,,,
2017-05-28,,,,,,,,
2017-05-29,,,,,,,,
2017-05-30,,,,,,,,
2017-05-31,,,,,0.389,0.12063333333333334,0.8361,0.043333333333333335
2017-06-01,,,,,0.2784528301886792,0.1259622641509434,0.8317735849056604,0.04224528301886792
2017-06-02,,,,,0.19946712328767122,0.10094520547945206,0.841,0.05802739726027397
2017-06-03,,,,,0.3098228571428571,0.09942857142857142,0.8490857142857143,0.05142857142857143
2017-06-04,,,,,0.3779444444444444,0.11888888888888889,0.832,0.04922222222222222
2017-06-05,,,,,,,,
2017-06-06,,,,,,,,
2017-06-07,,,,,,,,
2017-06-08,,,,,,,,
2017-06-09,,,,,,,,
2017-06-10,,,,,,,,
2017-06-11,,,,,,,,
2017-06-12,,,,,,,,
2017-06-13,,,,,,,,
2017-06-14,,,,,,,,
2017-06-15,,,,,,,,
2017-06-16,,,,,,,,
2017-06-17,,,,,,,,
2017-06-18,,,,,,,,
2017-06-19,,,,,,,,
2017-06-20,,,,,,,,
2017-06-21,,,,,,,,
2017-06-22,,,,,,,,
2017-06-23,,,,,,,,
2017-06-24,,,,,,,,
2017-06-25,,,,,,,,
2017-06-26,,,,,,,,
2017-06-27,,,,,,,,
2017-06-28,,,,,,,,
2017-06-29,,,,,,,,
2017-06-30,,,,,,,,
2017-07-01,,,,,,,,
2017-07-02,,,,,,,,
2017-07-03,,,,,,,,
2017-07-04,,,,,,,,
2017-07-05,,,,,,,,
2017-07-06,,,,,,,,
2017-07-07,,,,,,,,
2017-07-08,,,,,,,,
2017-07-09,,,,,,,,
2017-07-10,,,,,,,,
2017-07-11,,,,,0.2587125,0.13959375,0.804625,0.05578125
2017-07-12,,,,,0.25160294117647064,0.13586764705882354,0.7998529411764705,0.06427941176470589
2017-07-13,,,,,,,,
2017-07-14,,,,,,,,
2017-07-15,,,,,,,,
2017-07-16,,,,,,,,
2017-07-17,,,,,,,,
2017-07-18,,,,,,,,
2017-07-19,,,,,,,,
2017-07-20,,,,,,,,
2017-07-21,,,,,,,,
2017-07-22,,,,,,,,
2017-07-23,,,,,,,,
2017-07-24,,,,,,,,
2017-07-25,,,,,,,,
2017-07-26,,,,,,,,
2017-07-27,,,,,,,,
2017-07-28,,,,,,,,
2017-07-29,,,,,,,,
2017-07-30,,,,,,,,
2017-07-31,,,,,,,,
2017-08-01,,,,,,,,
2017-08-02,,,,,,,,
2017-08-03,,,,,,,,
2017-08-04,,,,,,,,
2017-08-05,,,,,,,,
2017-08-06,,,,,,,,
2017-08-07,,,,,,,,
2017-08-08,,,,,,,,
2017-08-09,,,,,,,,
2017-08-10,,,,,,,,
2017-08-11,,,,,,,,
2017-08-12,,,,,,,,
2017-08-13,,,,,,,,
2017-08-14,,,,,,,,
2017-08-15,,,,,,,,
2017-08-16,,,,,,,,
2017-08-17,,,,,0.20406000000000005,0.122,0.8466000000000001,0.0314
2017-08-18,,,,,0.31985,0.12964285714285714,0.8190178571428571,0.05132142857142857
2017-08-19,,,,,0.290725,0.1197142857142857,0.8330714285714286,0.047214285714285716
2017-08-20,,,,,-0.020233333333333336,0.06646666666666666,0.869,0.06446666666666666
2017-08-21,,,,,0.17455967741935485,0.09758064516129032,0.8484354838709678,0.05390322580645161
2017-08-22,,,,,0.4462824324324325,0.12958108108108107,0.8266486486486486,0.043756756756756755
2017-08-23,,,,,0.3151563636363636,0.11934545454545455,0.8395636363636364,0.041109090909090915
2017-08-24,,,,,0.57674,0.19260000000000002,0.7844,0.023
2017-08-25,,,,,,,,
2017-08-26,,,,,,,,
2017-08-27,,,,,,,,
2017-08-28,,,,,,,,
2017-08-29,,,,,,,,
2017-08-30,,,,,,,,
2017-08-31,,,,,0.2994769230769231,0.12489743589743589,0.8294358974358974,0.045641025641025644
2017-09-01,,,,,,,,
2017-09-02,,,,,,,,
2017-09-03,,,,,,,,
2017-09-04,,,,,,,,
2017-09-05,,,,,,,,
2017-09-06,,,,,,,,
2017-09-07,,,,,,,,
2017-09-08,,,,,,,,
2017-09-09,,,,,,,,
2017-09-10,,,,,,,,
2017-09-11,,,,,,,,
2017-09-12,,,,,,,,
2017-09-13,,,,,,,,
2017-09-14,,,,,,,,
2017-09-15,,,,,,,,
2017-09-16,,,,,,,,
2017-09-17,,,,,,,,
2017-09-18,,,,,,,,
2017-09-19,,,,,,,,
2017-09-20,,,,,,,,
2017-09-21,,,,,,,,
2017-09-22,,,,,,,,
2017-09-23,,,,,,,,
2017-09-24,,,,,,,,
2017-09-25,,,,,,,,
2017-09-26,,,,,,,,
2017-09-27,,,,,,,,
2017-09-28,,,,,,,,
2017-09-29,,,,,,,,
2017-09-30,,,,,0.23214666666666667,0.10200000000000001,0.8255333333333332,0.07253333333333334
2017-10-01,,,,,-0.0018631578947368357,0.09010526315789473,0.8262105263157895,0.08357894736842106
2017-10-02,,,,,0.1478125,0.091875,0.840125,0.068
2017-10-03,,,,,,,,
2017-10-04,,,,,,,,
2017-10-05,,,,,,,,
2017-10-06,,,,,,,,
2017-10-07,,,,,,,,
2017-10-08,,,,,,,,
2017-10-09,,,,,,,,
2017-10-10,,,,,,,,
2017-10-11,,,,,,,,
2017-10-12,,,,,,,,
2017-10-13,,,,,,,,
2017-10-14,,,,,,,,
2017-10-15,,,,,,,,
2017-10-16,,,,,,,,
2017-10-17,,,,,,,,
2017-10-18,,,,,,,,
2017-10-19,,,,,,,,
2017-10-20,,,,,,,,
2017-10-21,,,,,,,,
2017-10-22,,,,,,,,
2017-10-23,,,,,,,,
2017-10-24,,,,,,,,
2017-10-25,,,,,,,,
2017-10-26,,,,,,,,
2017-10-27,,,,,,,,
2017-10-28,,,,,,,,
2017-10-29,,,,,,,,
2017-10-30,,,,,,,,
2017-10-31,,,,,,,,
2017-11-01,,,,,,,,
2017-11-02,,,,,,,,
2017-11-03,,,,,,,,
2017-11-04,,,,,,,,
2017-11-05,,,,,,,,
2017-11-06,,,,,,,,
2017-11-07,,,,,,,,
2017-11-08,,,,,0.46016,0.1557,0.7937000000000001,0.0506
2017-11-09,,,,,0.22257241379310347,0.10827586206896551,0.8356666666666667,0.05610344827586207
2017-11-10,,,,,0.39694769230769233,0.11938461538461538,0.8337692307692308,0.04681538461538462
2017-11-11,,,,,0.2784157894736842,0.12215789473684212,0.8064473684210526,0.07134210526315789
2017-11-12,,,,,,,,
2017-11-13,,,,,,,,
2017-11-14,,,,,,,,
2017-11-15,,,,,,,,
2017-11-16,,,,,,,,
2017-11-17,,,,,,,,
2017-11-18,,,,,,,,
2017-11-19,,,,,,,,
2017-11-20,,,,,,,,
2017-11-21,,,,,,,,
2017-11-22,,,,,,,,
2017-11-23,,,,,,,,
2017-11-24,,,,,,,,
2017-11-25,,,,,,,,
2017-11-26,,,,,,,,
2017-11-27,,,,,,,,
2017-11-28,,,,,,,,
2017-11-29,,,,,,,,
2017-11-30,,,,,,,,
2017-12-01,,,,,,,,
2017-12-02,,,,,,,,
2017-12-03,,,,,,,,
2017-12-04,,,,,,,,
2017-12-05,,,,,,,,
2017-12-06,,,,,,,,
2017-12-07,,,,,,,,
2017-12-08,,,,,,,,
2017-12-09,,,,,,,,
2017-12-10,,,,,,,,
2017-12-11,,,,,,,,
2017-12-12,,,,,,,,
2017-12-13,,,,,,,,
2017-12-14,,,,,,,,
2017-12-15,,,,,,,,
2017-12-16,,,,,,,,
2017-12-17,,,,,,,,
2017-12-18,,,,,,,,
2017-12-19,,,,,,,,
2017-12-20,,,,,0.3987063829787234,0.12006382978723404,0.832,0.04795744680851064
2017-12-21,,,,,0.24839056603773585,0.09901886792452831,0.8569622641509433,0.044018867924528304
2017-12-22,,,,,,,,
2017-12-23,,,,,,,,
2017-12-24,,,,,,,,
2017-12-25,,,,,,,,
2017-12-26,,,,,,,,
2017-12-27,,,,,,,,
2017-12-28,,,,,,,,
2017-12-29,,,,,,,,
2017-12-30,,,,,,,,
2017-12-31,,,,,,,,
2018-01-01,,,,,,,,
2018-01-02,,,,,,,,
2018-01-03,,,,,,,,
2018-01-04,,,,,,,,
2018-01-05,,,,,,,,
2018-01-06,,,,,,,,
2018-01-07,,,,,,,,
2018-01-08,,,,,,,,
2018-01-09,,,,,,,,
2018-01-10,,,,,,,,
2018-01-11,,,,,,,,
2018-01-12,,,,,,,,
2018-01-13,,,,,,,,
2018-01-14,,,,,,,,
2018-01-15,,,,,,,,
2018-01-16,,,,,,,,
2018-01-17,,,,,,,,
2018-01-18,,,,,,,,
2018-01-19,,,,,,,,
2018-01-20,,,,,,,,
2018-01-21,,,,,,,,
2018-01-22,,,,,,,,
2018-01-23,,,,,,,,
2018-01-24,,,,,,,,
2018-01-25,,,,,,,,
2018-01-26,,,,,,,,
2018-01-27,,,,,,,,
2018-01-28,,,,,,,,
2018-01-29,,,,,0.23904444444444445,0.10875555555555556,0.8228666666666667,0.06844444444444445
2018-01-30,,,,,0.2986034285714286,0.1222,0.8312685714285715,0.04654857142857143
2018-01-31,,,,,0.31503021582733814,0.1154388489208633,0.8402230215827338,0.04435971223021583
2018-02-01,,,,,,,,
2018-02-02,,,,,,,,
2018-02-03,,,,,,,,
2018-02-04,,,,,,,,
2018-02-05,,,,,,,,
2018-02-06,,,,,,,,
2018-02-07,,,,,,,,
2018-02-08,,,,,,,,
2018-02-09,,,,,,,,
2018-02-10,,,,,,,,
2018-02-11,,,,,,,,
2018-02-12,,,,,,,,
2018-02-13,,,,,,,,
2018-02-14,,,,,,,,
2018-02-15,,,,,,,,
2018-02-16,,,,,,,,
2018-02-17,,,,,,,,
2018-02-18,,,,,,,,
2018-02-19,,,,,,,,
2018-02-20,,,,,,,,
2018-02-21,,,,,,,,
2018-02-22,,,,,,,,
2018-02-23,,,,,,,,
2018-02-24,,,,,,,,
2018-02-25,,,,,,,,
2018-02-26,,,,,,,,
2018-02-27,,,,,,,,
2018-02-28,,,,,,,,
2018-03-01,,,,,,,,
2018-03-02,,,,,,,,
2018-03-03,,,,,,,,
2018-03-04,,,,,,,,
2018-03-05,,,,,,,,
2018-03-06,,,,,,,,
2018-03-07,,,,,,,,
2018-03-08,,,,,,,,
2018-03-09,,,,,,,,
2018-03-10,,,,,,,,
2018-03-11,,,,,,,,
2018-03-12,,,,,,,,
2018-03-13,,,,,,,,
2018-03-14,,,,,,,,
2018-03-15,,,,,,,,
2018-03-16,,,,,,,,
2018-03-17,,,,,,,,
2018-03-18,,,,,,,,
2018-03-19,,,,,,,,
2018-03-20,,,,,,,,
2018-03-21,,,,,,,,
2018-03-22,,,,,,,,
2018-03-23,,,,,,,,
2018-03-24,,,,,,,,
2018-03-25,,,,,,,,
2018-03-26,,,,,,,,
2018-03-27,,,,,,,,
2018-03-28,,,,,,,,
2018-03-29,,,,,,,,
2018-03-30,,,,,,,,
2018-03-31,,,,,0.22696666666666665,0.08066666666666666,0.8667777777777778,0.05255555555555556
2018-04-01,,,,,0.2569565217391304,0.108,0.8470000000000001,0.04495652173913044
2018-04-02,,,,,,,,
2018-04-03,,,,,,,,
2018-04-04,,,,,,,,
2018-04-05,,,,,,,,
2018-04-06,,,,,,,,
2018-04-07,,,,,,,,
2018-04-08,,,,,,,,
2018-04-09,,,,,,,,
2018-04-10,,,,,,,,
2018-04-11,,,,,,,,
2018-04-12,,,,,,,,
2018-04-13,,,,,,,,
2018-04-14,,,,,,,,
2018-04-15,,,,,,,,
2018-04-16,,,,,,,,
2018-04-17,,,,,,,,
2018-04-18,,,,,,,,
2018-04-19,,,,,,,,
2018-04-20,,,,,,,,
2018-04-21,,,,,,,,
2018-04-22,,,,,,,,
2018-04-23,,,,,,,,
2018-04-24,,,,,,,,
2018-04-25,,,,,,,,
2018-04-26,,,,,,,,
2018-04-27,,,,,,,,
2018-04-28,,,,,,,,
2018-04-29,,,,,,,,
2018-04-30,,,,,,,,
2018-05-01,,,,,,,,
2018-05-02,,,,,,,,
2018-05-03,,,,,,,,
2018-05-04,,,,,,,,
2018-05-05,,,,,,,,
2018-05-06,,,,,,,,
2018-05-07,,,,,,,,
2018-05-08,,,,,,,,
2018-05-09,,,,,,,,
2018-05-10,,,,,,,,
2018-05-11,,,,,,,,
2018-05-12,,,,,,,,
2018-05-13,,,,,,,,
2018-05-14,,,,,,,,
2018-05-15,,,,,,,,
2018-05-16,,,,,,,,
2018-05-17,,,,,0.10873620689655172,0.09353448275862068,0.8438275862068966,0.06270689655172414
2018-05-18,,,,,0.16814761904761905,0.09788095238095237,0.8371428571428571,0.065
2018-05-19,,,,,,,,
2018-05-20,,,,,,,,
2018-05-21,,,,,,,,
2018-05-22,,,,,,,,
2018-05-23,,,,,,,,
2018-05-24,,,,,,,,
2018-05-25,,,,,,,,
2018-05-26,,,,,,,,
2018-05-27,,,,,,,,
2018-05-28,,,,,,,,
2018-05-29,,,,,,,,
2018-05-30,,,,,,,,
2018-05-31,,,,,,,,
2018-06-01,,,,,,,,
2018-06-02,,,,,,,,
2018-06-03,,,,,,,,
2018-06-04,,,,,,,,
2018-06-05,,,,,,,,
2018-06-06,,,,,,,,
2018-06-07,,,,,,,,
2018-06-08,,,,,,,,
2018-06-09,,,,,,,,
2018-06-10,,,,,,,,
2018-06-11,,,,,,,,
2018-06-12,,,,,,,,
2018-06-13,,,,,,,,
2018-06-14,,,,,,,,
2018-06-15,,,,,,,,
2018-06-16,,,,,,,,
2018-06-17,,,,,,,,
2018-06-18,,,,,,,,
2018-06-19,,,,,,,,
2018-06-20,,,,,,,,
2018-06-21,,,,,,,,
2018-06-22,,,,,,,,
2018-06-23,,,,,,,,
2018-06-24,,,,,,,,
2018-06-25,,,,,,,,
2018-06-26,,,,,,,,
2018-06-27,,,,,,,,
2018-06-28,,,,,,,,
2018-06-29,,,,,,,,
2018-06-30,,,,,,,,
2018-07-01,,,,,,,,
2018-07-02,,,,,,,,
2018-07-03,,,,,0.23097638888888886,0.1244861111111111,0.8260555555555555,0.049527777777777775
2018-07-04,,,,,0.25686341463414636,0.11352845528455285,0.8273902439024391,0.0591219512195122
2018-07-05,,,,,-0.14931999999999998,0.088,0.8324,0.0796
2018-07-06,,,,,,,,
2018-07-07,,,,,,,,
2018-07-08,,,,,,,,
2018-07-09,,,,,,,,
2018-07-10,,,,,,,,
2018-07-11,,,,,,,,
2018-07-12,,,,,,,,
2018-07-13,,,,,,,,
2018-07-14,,,,,,,,
2018-07-15,,,,,,,,
2018-07-16,,,,,,,,
2018-07-17,,,,,,,,
2018-07-18,,,,,,,,
2018-07-19,,,,,,,,
2018-07-20,,,,,,,,
2018-07-21,,,,,,,,
2018-07-22,,,,,,,,
2018-07-23,,,,,,,,
2018-07-24,,,,,,,,
2018-07-25,,,,,,,,
2018-07-26,,,,,,,,
2018-07-27,,,,,,,,
2018-07-28,,,,,,,,
2018-07-29,,,,,,,,
2018-07-30,,,,,,,,
2018-07-31,,,,,,,,
2018-08-01,,,,,,,,
2018-08-02,,,,,,,,
2018-08-03,,,,,,,,
2018-08-04,,,,,,,,
2018-08-05,,,,,,,,
2018-08-06,,,,,,,,
2018-08-07,,,,,,,,
2018-08-08,,,,,,,,
2018-08-09,,,,,,,,
2018-08-10,,,,,,,,
2018-08-11,,,,,,,,
2018-08-12,,,,,,,,
2018-08-13,,,,,,,,
2018-08-14,,,,,,,,
2018-08-15,,,,,,,,
2018-08-16,,,,,,,,
2018-08-17,,,,,,,,
2018-08-18,,,,,,,,
2018-08-19,,,,,,,,
2018-08-20,,,,,0.27534835164835164,0.11082417582417581,0.8291538461538462,0.060043956043956036
2018-08-21,,,,,0.23393333333333333,0.10155555555555557,0.8452222222222222,0.05311111111111111
2018-08-22,,,,,,,,
2018-08-23,,,,,,,,
2018-08-24,,,,,,,,
2018-08-25,,,,,,,,
2018-08-26,,,,,,,,
2018-08-27,,,,,,,,
2018-08-28,,,,,,,,
2018-08-29,,,,,,,,
2018-08-30,,,,,,,,
2018-08-31,,,,,,,,
2018-09-01,,,,,,,,
2018-09-02,,,,,,,,
2018-09-03,,,,,,,,
2018-09-04,,,,,,,,
2018-09-05,,,,,,,,
2018-09-06,,,,,,,,
2018-09-07,,,,,,,,
2018-09-08,,,,,,,,
2018-09-09,,,,,,,,
2018-09-10,,,,,,,,
2018-09-11,,,,,,,,
2018-09-12,,,,,,,,
2018-09-13,,,,,,,,
2018-09-14,,,,,,,,
2018-09-15,,,,,,,,
2018-09-16,,,,,,,,
2018-09-17,,,,,,,,
2018-09-18,,,,,,,,
2018-09-19,,,,,,,,
2018-09-20,,,,,,,,
2018-09-21,,,,,,,,
2018-09-22,,,,,,,,
2018-09-23,,,,,,,,
2018-09-24,,,,,,,,
2018-09-25,,,,,,,,
2018-09-26,,,,,,,,
2018-09-27,,,,,,,,
2018-09-28,,,,,,,,
2018-09-29,,,,,,,,
2018-09-30,,,,,,,,
2018-10-01,,,,,,,,
2018-10-02,,,,,,,,
2018-10-03,,,,,,,,
2018-10-04,,,,,,,,
2018-10-05,,,,,,,,
2018-10-06,,,,,0.14078148148148148,0.11420987654320987,0.8259135802469136,0.05987654320987654
2018-10-07,,,,,0.3385398843930636,0.13113872832369944,0.821335260115607,0.0475664739884393
2018-10-08,,,,,0.18911739130434785,0.10378260869565217,0.8547608695652175,0.04141304347826087
2018-10-09,,,,,,,,
2018-10-10,,,,,,,,
2018-10-11,,,,,,,,
2018-10-12,,,,,,,,
2018-10-13,,,,,,,,
2018-10-14,,,,,,,,
2018-10-15,,,,,,,,
2018-10-16,,,,,,,,
2018-10-17,,,,,,,,
2018-10-18,,,,,,,,
2018-10-19,,,,,,,,
2018-10-20,,,,,,,,
2018-10-21,,,,,,,,
2018-10-22,,,,,,,,
2018-10-23,,,,,,,,
2018-10-24,,,,,,,,
2018-10-25,,,,,,,,
2018-10-26,,,,,,,,
2018-10-27,,,,,,,,
2018-10-28,,,,,,,,
2018-10-29,,,,,,,,
2018-10-30,,,,,,,,
2018-10-31,,,,,,,,
2018-11-01,,,,,,,,
2018-11-02,,,,,,,,
2018-11-03,,,,,,,,
2018-11-04,,,,,,,,
2018-11-05,,,,,,,,
2018-11-06,,,,,,,,
2018-11-07,,,,,,,,
2018-11-08,,,,,,,,
2018-11-09,,,,,,,,
2018-11-10,,,,,,,,
2018-11-11,,,,,,,,
2018-11-12,,,,,,,,
2018-11-13,,,,,,,,
2018-11-14,,,,,,,,
2018-11-15,,,,,,,,
2018-11-16,,,,,,,,
2018-11-17,,,,,,,,
2018-11-18,,,,,,,,
2018-11-19,,,,,,,,
2018-11-20,,,,,,,,
2018-11-21,,,,,,,,
2018-11-22,,,,,,,,
2018-11-23,,,,,,,,
2018-11-24,,,,,0.226937,0.10226,0.83673,0.06103
2018-11-25,,,,,,,,
2018-11-26,,,,,,,,
2018-11-27,,,,,,,,
2018-11-28,,,,,,,,
2018-11-29,,,,,,,,
2018-11-30,,,,,,,,
2018-12-01,,,,,,,,
2018-12-02,,,,,,,,
2018-12-03,,,,,,,,
2018-12-04,,,,,,,,
2018-12-05,,,,,,,,
2018-12-06,,,,,,,,
2018-12-07,,,,,,,,
2018-12-08,,,,,,,,
2018-12-09,,,,,,,,
2018-12-10,,,,,,,,
2018-12-11,,,,,,,,
2018-12-12,,,,,,,,
2018-12-13,,,,,,,,
2018-12-14,,,,,,,,
2018-12-15,,,,,,,,
2018-12-16,,,,,,,,
2018-12-17,,,,,,,,
2018-12-18,,,,,,,,
2018-12-19,,,,,,,,
2018-12-20,,,,,,,,
2018-12-21,,,,,,,,
2018-12-22,,,,,,,,
2018-12-23,,,,,,,,
2018-12-24,,,,,,,,
2018-12-25,,,,,,,,
2018-12-26,,,,,,,,
2018-12-27,,,,,,,,
2018-12-28,,,,,,,,
2018-12-29,,,,,,,,
2018-12-30,,,,,,,,
2018-12-31,,,,,,,,
2019-01-01,,,,,,,,
2019-01-02,,,,,,,,
2019-01-03,,,,,,,,
2019-01-04,,,,,,,,
2019-01-05,,,,,,,,
2019-01-06,,,,,,,,
2019-01-07,,,,,,,,
2019-01-08,,,,,,,,
2019-01-09,,,,,,,,
2019-01-10,,,,,0.2503314432989691,0.11671134020618557,0.8194329896907216,0.0639020618556701
2019-01-11,,,,,0.32048333333333334,0.1625,0.759,0.0785
2019-01-12,,,,,,,,
2019-01-13,,,,,,,,
2019-01-14,,,,,,,,
2019-01-15,,,,,,,,
2019-01-16,,,,,,,,
2019-01-17,,,,,,,,
2019-01-18,,,,,,,,
2019-01-19,,,,,,,,
2019-01-20,,,,,,,,
2019-01-21,,,,,,,,
2019-01-22,,,,,,,,
2019-01-23,,,,,,,,
2019-01-24,,,,,,,,
2019-01-25,,,,,,,,
2019-01-26,,,,,,,,
2019-01-27,,,,,,,,
2019-01-28,,,,,,,,
2019-01-29,,,,,,,,
2019-01-30,,,,,,,,
2019-01-31,,,,,,,,
2019-02-01,,,,,,,,
2019-02-02,,,,,,,,
2019-02-03,,,,,,,,
2019-02-04,,,,,,,,
2019-02-05,,,,,,,,
2019-02-06,,,,,,,,
2019-02-07,,,,,,,,
2019-02-08,,,,,,,,
2019-02-09,,,,,,,,
2019-02-10,,,,,,,,
2019-02-11,,,,,,,,
2019-02-12,,,,,,,,
2019-02-13,,,,,,,,
2019-02-14,,,,,,,,
2019-02-15,,,,,,,,
2019-02-16,,,,,,,,
2019-02-17,,,,,,,,
2019-02-18,,,,,,,,
2019-02-19,,,,,,,,
2019-02-20,,,,,,,,
2019-02-21,,,,,,,,
2019-02-22,,,,,,,,
2019-02-23,,,,,,,,
2019-02-24,,,,,,,,
2019-02-25,,,,,,,,
2019-02-26,,,,,0.20806923076923076,0.10881538461538462,0.8259846153846154,0.0652
2019-02-27,,,,,0.2568542857142857,0.11391428571428572,0.8384,0.04768571428571429
2019-02-28,,,,,,,,
2019-03-01,,,,,,,,
2019-03-02,,,,,,,,
2019-03-03,,,,,,,,
2019-03-04,,,,,,,,
2019-03-05,,,,,,,,
2019-03-06,,,,,,,,
2019-03-07,,,,,,,,
2019-03-08,,,,,,,,
2019-03-09,,,,,,,,
2019-03-10,,,,,,,,
2019-03-11,,,,,,,,
2019-03-12,,,,,,,,
2019-03-13,,,,,,,,
2019-03-14,,,,,,,,
2019-03-15,,,,,,,,
2019-03-16,,,,,,,,
2019-03-17,,,,,,,,
2019-03-18,,,,,,,,
2019-03-19,,,,,,,,
2019-03-20,,,,,,,,
2019-03-21,,,,,,,,
2019-03-22,,,,,,,,
2019-03-23,,,,,,,,
2019-03-24,,,,,,,,
2019-03-25,,,,,,,,
2019-03-26,,,,,,,,
2019-03-27,,,,,,,,
2019-03-28,,,,,,,,
2019-03-29,,,,,,,,
2019-03-30,,,,,,,,
2019-03-31,,,,,,,,
2019-04-01,,,,,,,,
2019-04-02,,,,,,,,
2019-04-03,,,,,,,,
2019-04-04,,,,,,,,
2019-04-05,,,,,,,,
2019-04-06,,,,,,,,
2019-04-07,,,,,,,,
2019-04-08,,,,,,,,
2019-04-09,,,,,,,,
2019-04-10,,,,,,,,
2019-04-11,,,,,,,,
2019-04-12,,,,,,,,
2019-04-13,,,,,,,,
2019-04-14,,,,,0.1839375,0.108875,0.81571875,0.07540625
2019-04-15,,,,,0.24121525423728812,0.10159322033898305,0.8493389830508474,0.04905084745762712
2019-04-16,,,,,0.29890263157894736,0.1055421052631579,0.8496368421052632,0.04484210526315789
2019-04-17,,,,,,,,
2019-04-18,,,,,,,,
2019-04-19,,,,,,,,
2019-04-20,,,,,,,,
2019-04-21,,,,,,,,
2019-04-22,,,,,,,,
2019-04-23,,,,,,,,
2019-04-24,,,,,,,,
2019-04-25,,,,,,,,
2019-04-26,,,,,,,,
2019-04-27,,,,,,,,
2019-04-28,,,,,,,,
2019-04-29,,,,,,,,
2019-04-30,,,,,,,,
2019-05-01,,,,,,,,
2019-05-02,,,,,,,,
2019-05-03,,,,,,,,
2019-05-04,,,,,,,,
2019-05-05,,,,,,,,
2019-05-06,,,,,,,,
2019-05-07,,,,,,,,
2019-05-08,,,,,,,,
2019-05-09,,,,,,,,
2019-05-10,,,,,,,,
2019-05-11,,,,,,,,
2019-05-12,,,,,,,,
2019-05-13,,,,,,,,
2019-05-14,,,,,,,,
2019-05-15,,,,,,,,
2019-05-16,,,,,,,,
2019-05-17,,,,,,,,
2019-05-18,,,,,,,,
2019-05-19,,,,,,,,
2019-05-20,,,,,,,,
2019-05-21,,,,,,,,
2019-05-22,,,,,,,,
2019-05-23,,,,,,,,
2019-05-24,,,,,,,,
2019-05-25,,,,,,,,
2019-05-26,,,,,,,,
2019-05-27,,,,,,,,
2019-05-28,,,,,,,,
2019-05-29,,,,,,,,
2019-05-30,,,,,,,,
2019-05-31,,,,,,,,
2019-06-01,,,,,,,,
2019-06-02,,,,,0.2149716049382716,0.11135802469135803,0.8366666666666667,0.05191358024691358
2019-06-03,,,,,0.4643894736842105,0.2161578947368421,0.7256842105263158,0.058210526315789476
2019-06-04,,,,,,,,
2019-06-05,,,,,,,,
2019-06-06,,,,,,,,
2019-06-07,,,,,,,,
2019-06-08,,,,,,,,
2019-06-09,,,,,,,,
2019-06-10,,,,,,,,
2019-06-11,,,,,,,,
2019-06-12,,,,,,,,
2019-06-13,,,,,,,,
2019-06-14,,,,,,,,
2019-06-15,,,,,,,,
2019-06-16,,,,,,,,
2019-06-17,,,,,,,,
2019-06-18,,,,,,,,
2019-06-19,,,,,,,,
2019-06-20,,,,,,,,
2019-06-21,,,,,,,,
2019-06-22,,,,,,,,
2019-06-23,,,,,,,,
2019-06-24,,,,,,,,
2019-06-25,,,,,,,,
2019-06-26,,,,,,,,
2019-06-27,,,,,,,,
2019-06-28,,,,,,,,
2019-06-29,,,,,,,,
2019-06-30,,,,,,,,
2019-07-01,,,,,,,,
2019-07-02,,,,,,,,
2019-07-03,,,,,,,,
2019-07-04,,,,,,,,
2019-07-05,,,,,,,,
2019-07-06,,,,,,,,
2019-07-07,,,,,,,,
2019-07-08,,,,,,,,
2019-07-09,,,,,,,,
2019-07-10,,,,,,,,
2019-07-11,,,,,,,,
2019-07-12,,,,,,,,
2019-07-13,,,,,,,,
2019-07-14,,,,,,,,
2019-07-15,,,,,,,,
2019-07-16,,,,,,,,
2019-07-17,,,,,,,,
2019-07-18,,,,,,,,
2019-07-19,,,,,,,,
2019-07-20,,,,,0.27151658291457287,0.10386934673366835,0.8372361809045227,0.0588391959798995
2019-07-21,,,,,,,,
2019-07-22,,,,,,,,
2019-07-23,,,,,,,,
2019-07-24,,,,,,,,
2019-07-25,,,,,,,,
2019-07-26,,,,,,,,
2019-07-27,,,,,,,,
2019-07-28,,,,,,,,
2019-07-29,,,,,,,,
2019-07-30,,,,,,,,
2019-07-31,,,,,,,,
2019-08-01,,,,,,,,
2019-08-02,,,,,,,,
2019-08-03,,,,,,,,
2019-08-04,,,,,,,,
2019-08-05,,,,,,,,
2019-08-06,,,,,,,,
2019-08-07,,,,,,,,
2019-08-08,,,,,,,,
2019-08-09,,,,,,,,
2019-08-10,,,,,,,,
2019-08-11,,,,,,,,
2019-08-12,,,,,,,,
2019-08-13,,,,,,,,
2019-08-14,,,,,,,,
2019-08-15,,,,,,,,
2019-08-16,,,,,,,,
2019-08-17,,,,,,,,
2019-08-18,,,,,,,,
2019-08-19,,,,,,,,
2019-08-20,,,,,,,,
2019-08-21,,,,,,,,
2019-08-22,,,,,,,,
2019-08-23,,,,,,,,
2019-08-24,,,,,,,,
2019-08-25,,,,,,,,
2019-08-26,,,,,,,,
2019-08-27,,,,,,,,
2019-08-28,,,,,,,,
2019-08-29,,,,,,,,
2019-08-30,,,,,,,,
2019-08-31,,,,,,,,
2019-09-01,,,,,,,,
2019-09-02,,,,,,,,
2019-09-03,,,,,,,,
2019-09-04,,,,,,,,
2019-09-05,,,,,,,,
2019-09-06,,,,,,,,
2019-09-07,,,,,,,,
2019-09-08,,,,,,,,
2019-09-09,,,,,,,,
2019-09-10,,,,,,,,
2019-09-11,,,,,,,,
2019-09-12,,,,,,,,
2019-09-13,,,,,,,,
2019-09-14,,,,,,,,
2019-09-15,,,,,,,,
2019-09-16,,,,,,,,
2019-09-17,,,,,,,,
2019-09-18,,,,,,,,
2019-09-19,,,,,,,,
2019-09-20,,,,,,,,
2019-09-21,,,,,,,,
2019-09-22,,,,,,,,
2019-09-23,,,,,,,,
2019-09-24,,,,,,,,
2019-09-25,,,,,,,,
2019-09-26,,,,,,,,
2019-09-27,,,,,,,,
2019-09-28,,,,,,,,
2019-09-29,,,,,,,,
2019-09-30,,,,,,,,
2019-10-01,,,,,,,,
2019-10-02,,,,,,,,
2019-10-03,,,,,,,,
2019-10-04,,,,,,,,
2019-10-05,,,,,,,,
2019-10-06,,,,,,,,
2019-10-07,,,,,,,,
2019-10-08,,,,,,,,
2019-10-09,,,,,,,,
2019-10-10,,,,,,,,
2019-10-11,,,,,,,,
2019-10-12,,,,,,,,
2019-10-13,,,,,,,,
2019-10-14,,,,,,,,
2019-10-15,,,,,,,,
2019-10-16,,,,,,,,
2019-10-17,,,,,,,,
2019-10-18,,,,,,,,
2019-10-19,,,,,,,,
2019-10-20,,,,,,,,
2019-10-21,,,,,,,,
2019-10-22,,,,,0.21038235294117646,0.10472549019607844,0.8402156862745098,0.055058823529411764
2019-10-23,,,,,0.32663489932885903,0.1103758389261745,0.8388590604026845,0.05080536912751678
2019-10-24,,,,,,,,
2019-10-25,,,,,,,,
2019-10-26,,,,,,,,
2019-10-27,,,,,,,,
2019-10-28,,,,,,,,
2019-10-29,,,,,,,,
2019-10-30,,,,,,,,
2019-10-31,,,,,,,,
2019-11-01,,,,,,,,
2019-11-02,,,,,,,,
2019-11-03,,,,,,,,
2019-11-04,,,,,,,,
2019-11-05,,,,,,,,
2019-11-06,,,,,,,,
2019-11-07,,,,,,,,
2019-11-08,,,,,,,,
2019-11-09,,,,,,,,
2019-11-10,,,,,,,,
2019-11-11,,,,,,,,
2019-11-12,,,,,,,,
2019-11-13,,,,,,,,
2019-11-14,,,,,,,,
2019-11-15,,,,,,,,
2019-11-16,,,,,,,,
2019-11-17,,,,,,,,
2019-11-18,,,,,,,,
2019-11-19,,,,,,,,
2019-11-20,,,,,,,,
2019-11-21,,,,,,,,
2019-11-22,,,,,,,,
2019-11-23,,,,,,,,
2019-11-24,,,,,,,,
2019-11-25,,,,,,,,
2019-11-26,,,,,,,,
2019-11-27,,,,,,,,
2019-11-28,,,,,,,,
2019-11-29,,,,,,,,
2019-11-30,,,,,,,,
2019-12-01,,,,,,,,
2019-12-02,,,,,,,,
2019-12-03,,,,,,,,
2019-12-04,,,,,,,,
2019-12-05,,,,,,,,
2019-12-06,,,,,,,,
2019-12-07,,,,,,,,
2019-12-08,,,,,,,,
2019-12-09,,,,,,,,
2019-12-10,,,,,,,,
2019-12-11,,,,,,,,
2019-12-12,,,,,,,,
2019-12-13,,,,,,,,
2019-12-14,,,,,,,,
2019-12-15,,,,,,,,
2019-12-16,,,,,,,,
2019-12-17,,,,,,,,
2019-12-18,,,,,,,,
2019-12-19,,,,,,,,
2019-12-20,,,,,,,,
2019-12-21,,,,,,,,
2019-12-22,,,,,,,,
2019-12-23,,,,,,,,
2019-12-24,,,,,,,,
2019-12-25,,,,,,,,
2019-12-26,,,,,,,,
2019-12-27,,,,,,,,
2019-12-28,,,,,,,,
2019-12-29,,,,,,,,
2019-12-30,,,,,,,,
2019-12-31,,,,,,,,
2020-01-01,,,,,,,,
2020-01-02,,,,,,,,
2020-01-03,,,,,,,,
2020-01-04,,,,,,,,
2020-01-05,,,,,,,,
2020-01-06,,,,,,,,
2020-01-07,,,,,,,,
2020-01-08,,,,,,,,
2020-01-09,,,,,,,,
2020-01-10,,,,,,,,
2020-01-11,,,,,,,,
2020-01-12,,,,,,,,
2020-01-13,,,,,,,,
2020-01-14,,,,,,,,
2020-01-15,,,,,,,,
2020-01-16,,,,,,,,
2020-01-17,,,,,,,,
2020-01-18,,,,,,,,
2020-01-19,,,,,,,,
2020-01-20,,,,,,,,
2020-01-21,,,,,,,,
2020-01-22,,,,,,,,
2020-01-23,,,,,,,,
2020-01-24,,,,,,,,
2020-01-25,,,,,,,,
2020-01-26,,,,,0.355504,0.11120000000000001,0.8391,0.049699999999999994
2020-01-27,,,,,,,,
2020-01-28,,,,,,,,
2020-01-29,,,,,,,,
2020-01-30,,,,,,,,
2020-01-31,,,,,,,,
2020-02-01,,,,,,,,
2020-02-02,,,,,,,,
2020-02-03,,,,,,,,
2020-02-04,,,,,,,,
2020-02-05,,,,,,,,
2020-02-06,,,,,,,,
2020-02-07,,,,,,,,
2020-02-08,,,,,,,,
2020-02-09,,,,,,,,
2020-02-10,,,,,,,,
2020-02-11,,,,,,,,
2020-02-12,,,,,,,,
2020-02-13,,,,,,,,
2020-02-14,,,,,,,,
2020-02-15,,,,,,,,
2020-02-16,,,,,,,,
2020-02-17,,,,,,,,
2020-02-18,,,,,,,,
2020-02-19,,,,,,,,
2020-02-20,,,,,,,,
2020-02-21,,,,,,,,
2020-02-22,,,,,,,,
2020-02-23,,,,,,,,
2020-02-24,,,,,,,,
2020-02-25,,,,,,,,
2020-02-26,,,,,,,,
2020-02-27,,,,,,,,
2020-02-28,,,,,,,,
2020-02-29,,,,,,,,
2020-03-01,,,,,,,,
2020-03-02,,,,,,,,
2020-03-03,,,,,,,,
2020-03-04,,,,,,,,
2020-03-05,,,,,,,,
2020-03-06,,,,,,,,
2020-03-07,,,,,,,,
2020-03-08,,,,,,,,
2020-03-09,,,,,,,,
2020-03-10,,,,,,,,
2020-03-11,,,,,,,,
2020-03-12,,,,,,,,
2020-03-13,,,,,,,,
2020-03-14,,,,,,,,
2020-03-15,,,,,,,,
2020-03-16,,,,,,,,
2020-03-17,,,,,,,,
2020-03-18,,,,,,,,
2020-03-19,,,,,,,,
2020-03-20,,,,,,,,
2020-03-21,,,,,,,,
2020-03-22,,,,,,,,
2020-03-23,,,,,,,,
2020-03-24,,,,,,,,
2020-03-25,,,,,,,,
2020-03-26,,,,,,,,
2020-03-27,,,,,,,,
2020-03-28,,,,,,,,
2020-03-29,,,,,,,,
2020-03-30,,,,,,,,
2020-03-31,,,,,,,,
2020-04-01,,,,,,,,
2020-04-02,,,,,,,,
2020-04-03,,,,,,,,
2020-04-04,,,,,,,,
2020-04-05,,,,,,,,
2020-04-06,,,,,,,,
2020-04-07,,,,,,,,
2020-04-08,,,,,,,,
2020-04-09,,,,,,,,
2020-04-10,,,,,,,,
2020-04-11,,,,,,,,
2020-04-12,,,,,,,,
2020-04-13,,,,,,,,
2020-04-14,,,,,,,,
2020-04-15,,,,,,,,
2020-04-16,,,,,,,,
2020-04-17,,,,,,,,
2020-04-18,,,,,,,,
2020-04-19,,,,,,,,
2020-04-20,,,,,,,,
2020-04-21,,,,,,,,
2020-04-22,,,,,,,,
2020-04-23,,,,,,,,
2020-04-24,,,,,,,,
2020-04-25,,,,,,,,
2020-04-26,,,,,,,,
2020-04-27,,,,,,,,
2020-04-28,,,,,,,,
2020-04-29,,,,,,,,
2020-04-30,,,,,0.4040299516908213,0.1229855072463768,0.8292367149758454,0.0477487922705314
2020-05-01,,,,,0.3078021505376344,0.11027956989247312,0.8424731182795698,0.04725806451612904
2020-05-02,,,,,,,,
2020-05-03,,,,,,,,
2020-05-04,,,,,,,,
2020-05-05,,,,,,,,
2020-05-06,,,,,,,,
2020-05-07,,,,,,,,
2020-05-08,,,,,,,,
2020-05-09,,,,,,,,
2020-05-10,,,,,,,,
2020-05-11,,,,,,,,
2020-05-12,,,,,,,,
2020-05-13,,,,,,,,
2020-05-14,,,,,,,,
2020-05-15,,,,,,,,
2020-05-16,,,,,,,,
2020-05-17,,,,,,,,
2020-05-18,,,,,,,,
2020-05-19,,,,,,,,
2020-05-20,,,,,,,,
2020-05-21,,,,,,,,
2020-05-22,,,,,,,,
2020-05-23,,,,,,,,
2020-05-24,,,,,,,,
2020-05-25,,,,,,,,
2020-05-26,,,,,,,,
2020-05-27,,,,,,,,
2020-05-28,,,,,,,,
2020-05-29,,,,,,,,
2020-05-30,,,,,,,,
2020-05-31,,,,,,,,
2020-06-01,,,,,,,,
2020-06-02,,,,,,,,
2020-06-03,,,,,,,,
2020-06-04,,,,,,,,
2020-06-05,,,,,,,,
2020-06-06,,,,,,,,
2020-06-07,,,,,,,,
2020-06-08,,,,,,,,
2020-06-09,,,,,,,,
2020-06-10,,,,,,,,
2020-06-11,,,,,,,,
2020-06-12,,,,,,,,
2020-06-13,,,,,,,,
2020-06-14,,,,,,,,
2020-06-15,,,,,,,,
2020-06-16,,,,,,,,
2020-06-17,,,,,,,,
2020-06-18,,,,,,,,
2020-06-19,,,,,,,,
2020-06-20,,,,,,,,
2020-06-21,,,,,,,,
2020-06-22,,,,,,,,
2020-06-23,,,,,,,,
2020-06-24,,,,,,,,
2020-06-25,,,,,,,,
2020-06-26,,,,,,,,
2020-06-27,,,,,,,,
2020-06-28,,,,,,,,
2020-06-29,,,,,,,,
2020-06-30,,,,,,,,
2020-07-01,,,,,,,,
2020-07-02,,,,,,,,
2020-07-03,,,,,,,,
2020-07-04,,,,,,,,
2020-07-05,,,,,,,,
2020-07-06,,,,,,,,
2020-07-07,,,,,,,,
2020-07-08,,,,,,,,
2020-07-09,,,,,,,,
2020-07-10,,,,,,,,
2020-07-11,,,,,,,,
2020-07-12,,,,,,,,
2020-07-13,,,,,,,,
2020-07-14,,,,,,,,
2020-07-15,,,,,,,,
2020-07-16,,,,,,,,
2020-07-17,,,,,,,,
2020-07-18,,,,,,,,
2020-07-19,,,,,,,,
2020-07-20,,,,,,,,
2020-07-21,,,,,,,,
2020-07-22,,,,,,,,
2020-07-23,,,,,,,,
2020-07-24,,,,,,,,
2020-07-25,,,,,,,,
2020-07-26,,,,,,,,
2020-07-27,,,,,,,,
2020-07-28,,,,,,,,
2020-07-29,,,,,,,,
2020-07-30,,,,,,,,
2020-07-31,,,,,,,,
2020-08-01,,,,,,,,
2020-08-02,,,,,,,,
2020-08-03,,,,,0.29923125,0.11649999999999999,0.8354166666666667,0.04804166666666667
2020-08-04,,,,,0.5073,0.11324999999999999,0.867,0.02
2020-08-05,,,,,,,,
2020-08-06,,,,,,,,
2020-08-07,,,,,,,,
2020-08-08,,,,,,,,
2020-08-09,,,,,,,,
2020-08-10,,,,,,,,
2020-08-11,,,,,,,,
2020-08-12,,,,,,,,
2020-08-13,,,,,,,,
2020-08-14,,,,,,,,
2020-08-15,,,,,,,,
2020-08-16,,,,,,,,
2020-08-17,,,,,,,,
2020-08-18,,,,,,,,
2020-08-19,,,,,,,,
2020-08-20,,,,,,,,
2020-08-21,,,,,,,,
2020-08-22,,,,,,,,
2020-08-23,,,,,,,,
2020-08-24,,,,,,,,
2020-08-25,,,,,,,,
2020-08-26,,,,,,,,
2020-08-27,,,,,,,,
2020-08-28,,,,,,,,
2020-08-29,,,,,,,,
2020-08-30,,,,,,,,
2020-08-31,,,,,,,,
2020-09-01,,,,,,,,
2020-09-02,,,,,,,,
2020-09-03,,,,,,,,
2020-09-04,,,,,,,,
2020-09-05,,,,,,,,
2020-09-06,,,,,,,,
2020-09-07,,,,,,,,
2020-09-08,,,,,,,,
2020-09-09,,,,,,,,
2020-09-10,,,,,,,,
2020-09-11,,,,,,,,
2020-09-12,,,,,,,,
2020-09-13,,,,,,,,
2020-09-14,,,,,,,,
2020-09-15,,,,,,,,
2020-09-16,,,,,,,,
2020-09-17,,,,,,,,
2020-09-18,,,,,,,,
2020-09-19,,,,,,,,
2020-09-20,,,,,,,,
2020-09-21,,,,,,,,
2020-09-22,,,,,,,,
2020-09-23,,,,,,,,
2020-09-24,,,,,,,,
2020-09-25,,,,,,,,
2020-09-26,,,,,,,,
2020-09-27,,,,,,,,
2020-09-28,,,,,,,,
2020-09-29,,,,,,,,
2020-09-30,,,,,,,,
2020-10-01,,,,,,,,
2020-10-02,,,,,,,,
2020-10-03,,,,,,,,
2020-10-04,,,,,,,,
2020-10-05,,,,,,,,
2020-10-06,,,,,,,,
2020-10-07,,,,,,,,
2020-10-08,,,,,,,,
2020-10-09,,,,,,,,
2020-10-10,,,,,,,,
2020-10-11,,,,,,,,
2020-10-12,,,,,,,,
2020-10-13,,,,,,,,
2020-10-14,,,,,,,,
2020-10-15,,,,,,,,
2020-10-16,,,,,,,,
2020-10-17,,,,,,,,
2020-10-18,,,,,,,,
2020-10-19,,,,,,,,
2020-10-20,,,,,,,,
2020-10-21,,,,,,,,
2020-10-22,,,,,,,,
2020-10-23,,,,,,,,
2020-10-24,,,,,,,,
2020-10-25,,,,,,,,
2020-10-26,,,,,,,,
2020-10-27,,,,,,,,
2020-10-28,,,,,,,,
2020-10-29,,,,,,,,
2020-10-30,,,,,,,,
2020-10-31,,,,,,,,
2020-11-01,,,,,,,,
2020-11-02,,,,,,,,
2020-11-03,,,,,,,,
2020-11-04,,,,,,,,
2020-11-05,,,,,,,,
2020-11-06,,,,,0.2709697986577181,0.11304697986577182,0.8340872483221476,0.05288590604026846
2020-11-07,,,,,0.2904921568627451,0.10029411764705883,0.8640980392156863,0.035627450980392154
2020-11-08,,,,,,,,
2020-11-09,,,,,,,,
2020-11-10,,,,,,,,
2020-11-11,,,,,,,,
2020-11-12,,,,,,,,
2020-11-13,,,,,,,,
2020-11-14,,,,,,,,
2020-11-15,,,,,,,,
2020-11-16,,,,,,,,
2020-11-17,,,,,,,,
2020-11-18,,,,,,,,
2020-11-19,,,,,,,,
2020-11-20,,,,,,,,
2020-11-21,,,,,,,,
2020-11-22,,,,,,,,
2020-11-23,,,,,,,,
2020-11-24,,,,,,,,
2020-11-25,,,,,,,,
2020-11-26,,,,,,,,
2020-11-27,,,,,,,,
2020-11-28,,,,,,,,
2020-11-29,,,,,,,,
2020-11-30,,,,,,,,
2020-12-01,,,,,,,,
2020-12-02,,,,,,,,
2020-12-03,,,,,,,,
2020-12-04,,,,,,,,
2020-12-05,,,,,,,,
2020-12-06,,,,,,,,
2020-12-07,,,,,,,,
2020-12-08,,,,,,,,
2020-12-09,,,,,,,,
2020-12-10,,,,,,,,
2020-12-11,,,,,,,,
2020-12-12,,,,,,,,
2020-12-13,,,,,,,,
2020-12-14,,,,,,,,
2020-12-15,,,,,,,,
2020-12-16,,,,,,,,
2020-12-17,,,,,,,,
2020-12-18,,,,,,,,
2020-12-19,,,,,,,,
2020-12-20,,,,,,,,
2020-12-21,,,,,,,,
2020-12-22,,,,,,,,
2020-12-23,,,,,,,,
2020-12-24,,,,,,,,
2020-12-25,,,,,,,,
2020-12-26,,,,,,,,
2020-12-27,,,,,,,,
2020-12-28,,,,,,,,
2020-12-29,,,,,,,,
2020-12-30,,,,,,,,
2020-12-31,,,,,,,,
2021-01-01,,,,,,,,
2021-01-02,,,,,,,,
2021-01-03,,,,,,,,
2021-01-04,,,,,,,,
2021-01-05,,,,,,,,
2021-01-06,,,,,,,,
2021-01-07,,,,,,,,
2021-01-08,,,,,,,,
2021-01-09,,,,,,,,
2021-01-10,,,,,,,,
2021-01-11,,,,,,,,
2021-01-12,,,,,,,,
2021-01-13,,,,,,,,
2021-01-14,,,,,,,,
2021-01-15,,,,,,,,
2021-01-16,,,,,,,,
2021-01-17,,,,,,,,
2021-01-18,,,,,,,,
2021-01-19,,,,,,,,
2021-01-20,,,,,,,,
2021-01-21,,,,,,,,
2021-01-22,,,,,,,,
2021-01-23,,,,,,,,
2021-01-24,,,,,,,,
2021-01-25,,,,,,,,
2021-01-26,,,,,,,,
2021-01-27,,,,,,,,
2021-01-28,,,,,,,,
2021-01-29,,,,,,,,
2021-01-30,,,,,,,,
2021-01-31,,,,,,,,
2021-02-01,,,,,,,,
2021-02-02,,,,,,,,
2021-02-03,,,,,,,,
2021-02-04,,,,,,,,
2021-02-05,,,,,,,,
2021-02-06,,,,,,,,
2021-02-07,,,,,,,,
2021-02-08,,,,,,,,
2021-02-09,,,,,,,,
2021-02-10,,,,,0.36688299999999996,0.12457000000000001,0.8406699999999999,0.03471
2021-02-11,,,,,,,,
2021-02-12,,,,,,,,
2021-02-13,,,,,,,,
2021-02-14,,,,,,,,
2021-02-15,,,,,,,,
2021-02-16,,,,,,,,
2021-02-17,,,,,,,,
2021-02-18,,,,,,,,
2021-02-19,,,,,,,,
2021-02-20,,,,,,,,
2021-02-21,,,,,,,,
2021-02-22,,,,,,,,
2021-02-23,,,,,,,,
2021-02-24,,,,,,,,
2021-02-25,,,,,,,,
2021-02-26,,,,,,,,
2021-02-27,,,,,,,,
2021-02-28,,,,,,,,
2021-03-01,,,,,,,,
2021-03-02,,,,,,,,
2021-03-03,,,,,,,,
2021-03-04,,,,,,,,
2021-03-05,,,,,,,,
2021-03-06,,,,,,,,
2021-03-07,,,,,,,,
2021-03-08,,,,,,,,
2021-03-09,,,,,,,,
2021-03-10,,,,,,,,
2021-03-11,,,,,,,,
2021-03-12,,,,,,,,
2021-03-13,,,,,,,,
2021-03-14,,,,,,,,
2021-03-15,,,,,,,,
2021-03-16,,,,,,,,
2021-03-17,,,,,,,,
2021-03-18,,,,,,,,
2021-03-19,,,,,,,,
2021-03-20,,,,,,,,
2021-03-21,,,,,,,,
2021-03-22,,,,,,,,
2021-03-23,,,,,,,,
2021-03-24,,,,,,,,
2021-03-25,,,,,,,,
2021-03-26,,,,,,,,
2021-03-27,,,,,,,,
2021-03-28,,,,,,,,
2021-03-29,,,,,,,,
2021-03-30,,,,,,,,
2021-03-31,,,,,,,,
2021-04-01,,,,,,,,
2021-04-02,,,,,,,,
2021-04-03,,,,,,,,
2021-04-04,,,,,,,,
2021-04-05,,,,,,,,
2021-04-06,,,,,,,,
2021-04-07,,,,,,,,
2021-04-08,,,,,,,,
2021-04-09,,,,,,,,
2021-04-10,,,,,,,,
2021-04-11,,,,,,,,
2021-04-12,,,,,,,,
2021-04-13,,,,,,,,
2021-04-14,,,,,,,,
2021-04-15,,,,,,,,
2021-04-16,,,,,,,,
2021-04-17,,,,,,,,
2021-04-18,,,,,,,,
2021-04-19,,,,,,,,
2021-04-20,,,,,,,,
2021-04-21,,,,,,,,
2021-04-22,,,,,,,,
2021-04-23,,,,,,,,
2021-04-24,,,,,,,,
2021-04-25,,,,,,,,
2021-04-26,,,,,,,,
2021-04-27,,,,,,,,
2021-04-28,,,,,,,,
2021-04-29,,,,,,,,
2021-04-30,,,,,,,,
2021-05-01,,,,,,,,
2021-05-02,,,,,,,,
2021-05-03,,,,,,,,
2021-05-04,,,,,,,,
2021-05-05,,,,,,,,
2021-05-06,,,,,,,,
2021-05-07,,,,,,,,
2021-05-08,,,,,,,,
2021-05-09,,,,,,,,
2021-05-10,,,,,,,,
2021-05-11,,,,,,,,
2021-05-12,,,,,,,,
2021-05-13,,,,,,,,
2021-05-14,,,,,,,,
2021-05-15,,,,,,,,
2021-05-16,,,,,0.28713545150501674,0.11960869565217391,0.8304916387959866,0.049899665551839466
2021-05-17,,,,,,,,
2021-05-18,,,,,,,,
2021-05-19,,,,,,,,
2021-05-20,,,,,,,,
2021-05-21,,,,,,,,
2021-05-22,,,,,,,,
2021-05-23,,,,,,,,
2021-05-24,,,,,,,,
2021-05-25,,,,,,,,
2021-05-26,,,,,,,,
2021-05-27,,,,,,,,
2021-05-28,,,,,,,,
2021-05-29,,,,,,,,
2021-05-30,,,,,,,,
2021-05-31,,,,,,,,
2021-06-01,,,,,,,,
2021-06-02,,,,,,,,
2021-06-03,,,,,,,,
2021-06-04,,,,,,,,
2021-06-05,,,,,,,,
2021-06-06,,,,,,,,
2021-06-07,,,,,,,,
2021-06-08,,,,,,,,
2021-06-09,,,,,,,,
2021-06-10,,,,,,,,
2021-06-11,,,,,,,,
2021-06-12,,,,,,,,
2021-06-13,,,,,,,,
2021-06-14,,,,,,,,
2021-06-15,,,,,,,,
2021-06-16,,,,,,,,
2021-06-17,,,,,,,,
2021-06-18,,,,,,,,
2021-06-19,,,,,,,,
2021-06-20,,,,,,,,
2021-06-21,,,,,,,,
2021-06-22,,,,,,,,
2021-06-23,,,,,,,,
2021-06-24,,,,,,,,
2021-06-25,,,,,,,,
2021-06-26,,,,,,,,
2021-06-27,,,,,,,,
2021-06-28,,,,,,,,
2021-06-29,,,,,,,,
2021-06-30,,,,,,,,
2021-07-01,,,,,,,,
2021-07-02,,,,,,,,
2021-07-03,,,,,,,,
2021-07-04,,,,,,,,
2021-07-05,,,,,,,,
2021-07-06,,,,,,,,
2021-07-07,,,,,,,,
2021-07-08,,,,,,,,
2021-07-09,,,,,,,,
2021-07-10,,,,,,,,
2021-07-11,,,,,,,,
2021-07-12,,,,,,,,
2021-07-13,,,,,,,,
2021-07-14,,,,,,,,
2021-07-15,,,,,,,,
2021-07-16,,,,,,,,
2021-07-17,,,,,,,,
2021-07-18,,,,,,,,
2021-07-19,,,,,,,,
2021-07-20,,,,,,,,
2021-07-21,,,,,,,,
2021-07-22,,,,,,,,
2021-07-23,,,,,,,,
2021-07-24,,,,,,,,
2021-07-25,,,,,,,,
2021-07-26,,,,,,,,
2021-07-27,,,,,,,,
2021-07-28,,,,,,,,
2021-07-29,,,,,,,,
2021-07-30,,,,,,,,
2021-07-31,,,,,,,,
2021-08-01,,,,,,,,
2021-08-02,,,,,,,,
2021-08-03,,,,,,,,
2021-08-04,,,,,,,,
2021-08-05,,,,,,,,
2021-08-06,,,,,,,,
2021-08-07,,,,,,,,
2021-08-08,,,,,,,,
2021-08-09,,,,,,,,
2021-08-10,,,,,,,,
2021-08-11,,,,,,,,
2021-08-12,,,,,,,,
2021-08-13,,,,,,,,
2021-08-14,,,,,,,,
2021-08-15,,,,,,,,
2021-08-16,,,,,,,,
2021-08-17,,,,,,,,
2021-08-18,,,,,,,,
2021-08-19,,,,,0.340098,0.12046,0.8259000000000001,0.05371000000000001
2021-08-20,,,,,,,,
2021-08-21,,,,,,,,
2021-08-22,,,,,,,,
2021-08-23,,,,,,,,
2021-08-24,,,,,,,,
2021-08-25,,,,,,,,
2021-08-26,,,,,,,,
2021-08-27,,,,,,,,
2021-08-28,,,,,,,,
2021-08-29,,,,,,,,
2021-08-30,,,,,,,,
2021-08-31,,,,,,,,
2021-09-01,,,,,,,,
2021-09-02,,,,,,,,
2021-09-03,,,,,,,,
2021-09-04,,,,,,,,
2021-09-05,,,,,,,,
2021-09-06,,,,,,,,
2021-09-07,,,,,,,,
2021-09-08,,,,,,,,
2021-09-09,,,,,,,,
2021-09-10,,,,,,,,
2021-09-11,,,,,,,,
2021-09-12,,,,,,,,
2021-09-13,,,,,,,,
2021-09-14,,,,,,,,
2021-09-15,,,,,,,,
2021-09-16,,,,,,,,
2021-09-17,,,,,,,,
2021-09-18,,,,,,,,
2021-09-19,,,,,,,,
2021-09-20,,,,,,,,
2021-09-21,,,,,,,,
2021-09-22,,,,,,,,
2021-09-23,,,,,,,,
2021-09-24,,,,,,,,
2021-09-25,,,,,,,,
2021-09-26,,,,,,,,
2021-09-27,,,,,,,,
2021-09-28,,,,,,,,
2021-09-29,,,,,,,,
2021-09-30,,,,,,,,
2021-10-01,,,,,,,,
2021-10-02,,,,,,,,
2021-10-03,,,,,,,,
2021-10-04,,,,,,,,
2021-10-05,,,,,,,,
2021-10-06,,,,,,,,
2021-10-07,,,,,,,,
2021-10-08,,,,,,,,
2021-10-09,,,,,,,,
2021-10-10,,,,,,,,
2021-10-11,,,,,,,,
2021-10-12,,,,,,,,
2021-10-13,,,,,,,,
2021-10-14,,,,,,,,
2021-10-15,,,,,,,,
2021-10-16,,,,,,,,
2021-10-17,,,,,,,,
2021-10-18,,,,,,,,
2021-10-19,,,,,,,,
2021-10-20,,,,,,,,
2021-10-21,,,,,,,,
2021-10-22,,,,,,,,
2021-10-23,,,,,,,,
2021-10-24,,,,,,,,
2021-10-25,,,,,,,,
2021-10-26,,,,,,,,
2021-10-27,,,,,,,,
2021-10-28,,,,,,,,
2021-10-29,,,,,,,,
2021-10-30,,,,,,,,
2021-10-31,,,,,,,,
2021-11-01,,,,,,,,
2021-11-02,,,,,,,,
2021-11-03,,,,,,,,
2021-11-04,,,,,,,,
2021-11-05,,,,,,,,
2021-11-06,,,,,,,,
2021-11-07,,,,,,,,
2021-11-08,,,,,,,,
2021-11-09,,,,,,,,
2021-11-10,,,,,,,,
2021-11-11,,,,,,,,
2021-11-12,,,,,,,,
2021-11-13,,,,,,,,
2021-11-14,,,,,,,,
2021-11-15,,,,,,,,
2021-11-16,,,,,,,,
2021-11-17,,,,,,,,
2021-11-18,,,,,,,,
2021-11-19,,,,,,,,
2021-11-20,,,,,,,,
2021-11-21,,,,,,,,
2021-11-22,,,,,0.2976255,0.117115,0.8315649999999999,0.05132
2021-11-23,,,,,,,,
2021-11-24,,,,,,,,
2021-11-25,,,,,,,,
2021-11-26,,,,,,,,
2021-11-27,,,,,,,,
2021-11-28,,,,,,,,
2021-11-29,,,,,,,,
2021-11-30,,,,,,,,
2021-12-01,,,,,,,,
2021-12-02,,,,,,,,
2021-12-03,,,,,,,,
2021-12-04,,,,,,,,
2021-12-05,,,,,,,,
2021-12-06,,,,,,,,
2021-12-07,,,,,,,,
2021-12-08,,,,,,,,
2021-12-09,,,,,,,,
2021-12-10,,,,,,,,
2021-12-11,,,,,,,,
2021-12-12,,,,,,,,
2021-12-13,,,,,,,,
2021-12-14,,,,,,,,
2021-12-15,,,,,,,,
2021-12-16,,,,,,,,
2021-12-17,,,,,,,,
2021-12-18,,,,,,,,
2021-12-19,,,,,,,,
2021-12-20,,,,,,,,
2021-12-21,,,,,,,,
2021-12-22,,,,,,,,
2021-12-23,,,,,,,,
2021-12-24,,,,,,,,
2021-12-25,,,,,,,,
2021-12-26,,,,,,,,
2021-12-27,,,,,,,,
2021-12-28,,,,,,,,
2021-12-29,,,,,,,,
2021-12-30,,,,,,,,
2021-12-31,,,,,,,,
2022-01-01,,,,,,,,
2022-01-02,,,,,,,,
2022-01-03,,,,,,,,
2022-01-04,,,,,,,,
2022-01-05,,,,,,,,
2022-01-06,,,,,,,,
2022-01-07,,,,,,,,
2022-01-08,,,,,,,,
2022-01-09,,,,,,,,
2022-01-10,,,,,,,,
2022-01-11,,,,,,,,
2022-01-12,,,,,,,,
2022-01-13,,,,,,,,
2022-01-14,,,,,,,,
2022-01-15,,,,,,,,
2022-01-16,,,,,,,,
2022-01-17,,,,,,,,
2022-01-18,,,,,,,,
2022-01-19,,,,,,,,
2022-01-20,,,,,,,,
2022-01-21,,,,,,,,
2022-01-22,,,,,,,,
2022-01-23,,,,,,,,
2022-01-24,,,,,,,,
2022-01-25,,,,,,,,
2022-01-26,,,,,,,,
2022-01-27,,,,,,,,
2022-01-28,,,,,,,,
2022-01-29,,,,,,,,
2022-01-30,,,,,,,,
2022-01-31,,,,,,,,
2022-02-01,,,,,,,,
2022-02-02,,,,,,,,
2022-02-03,,,,,,,,
2022-02-04,,,,,,,,
2022-02-05,,,,,,,,
2022-02-06,,,,,,,,
2022-02-07,,,,,,,,
2022-02-08,,,,,,,,
2022-02-09,,,,,,,,
2022-02-10,,,,,,,,
2022-02-11,,,,,,,,
2022-02-12,,,,,,,,
2022-02-13,,,,,,,,
2022-02-14,,,,,,,,
2022-02-15,,,,,,,,
2022-02-16,,,,,,,,
2022-02-17,,,,,,,,
2022-02-18,,,,,,,,
2022-02-19,,,,,,,,
2022-02-20,,,,,,,,
2022-02-21,,,,,,,,
2022-02-22,,,,,,,,
2022-02-23,,,,,,,,
2022-02-24,,,,,,,,
2022-02-25,,,,,0.27200399999999997,0.10804,0.83197,0.06006
2022-02-26,,,,,,,,
2022-02-27,,,,,,,,
2022-02-28,,,,,,,,
2022-03-01,,,,,,,,
2022-03-02,,,,,,,,
2022-03-03,,,,,,,,
2022-03-04,,,,,,,,
2022-03-05,,,,,,,,
2022-03-06,,,,,,,,
2022-03-07,,,,,,,,
2022-03-08,,,,,,,,
2022-03-09,,,,,,,,
2022-03-10,,,,,,,,
2022-03-11,,,,,,,,
2022-03-12,,,,,,,,
2022-03-13,,,,,,,,
2022-03-14,,,,,,,,
2022-03-15,,,,,,,,
2022-03-16,,,,,,,,
2022-03-17,,,,,,,,
2022-03-18,,,,,,,,
2022-03-19,,,,,,,,
2022-03-20,,,,,,,,
2022-03-21,,,,,,,,
2022-03-22,,,,,,,,
2022-03-23,,,,,,,,
2022-03-24,,,,,,,,
2022-03-25,,,,,,,,
2022-03-26,,,,,,,,
2022-03-27,,,,,,,,
2022-03-28,,,,,,,,
2022-03-29,,,,,,,,
2022-03-30,,,,,,,,
2022-03-31,,,,,,,,
2022-04-01,,,,,,,,
2022-04-02,,,,,,,,
2022-04-03,,,,,,,,
2022-04-04,,,,,,,,
2022-04-05,,,,,,,,
2022-04-06,,,,,,,,
2022-04-07,,,,,,,,
2022-04-08,,,,,,,,
2022-04-09,,,,,,,,
2022-04-10,,,,,,,,
2022-04-11,,,,,,,,
2022-04-12,,,,,,,,
2022-04-13,,,,,,,,
2022-04-14,,,,,,,,
2022-04-15,,,,,,,,
2022-04-16,,,,,,,,
2022-04-17,,,,,,,,
2022-04-18,,,,,,,,
2022-04-19,,,,,,,,
2022-04-20,,,,,,,,
2022-04-21,,,,,,,,
2022-04-22,,,,,,,,
2022-04-23,,,,,,,,
2022-04-24,,,,,,,,
2022-04-25,,,,,,,,
2022-04-26,,,,,,,,
2022-04-27,,,,,,,,
2022-04-28,,,,,,,,
2022-04-29,,,,,,,,
2022-04-30,,,,,,,,
2022-05-01,,,,,,,,
2022-05-02,,,,,,,,
2022-05-03,,,,,,,,
2022-05-04,,,,,,,,
2022-05-05,,,,,,,,
2022-05-06,,,,,,,,
2022-05-07,,,,,,,,
2022-05-08,,,,,,,,
2022-05-09,,,,,,,,
2022-05-10,,,,,,,,
2022-05-11,,,,,,,,
2022-05-12,,,,,,,,
2022-05-13,,,,,,,,
2022-05-14,,,,,,,,
2022-05-15,,,,,,,,
2022-05-16,,,,,,,,
2022-05-17,,,,,,,,
2022-05-18,,,,,,,,
2022-05-19,,,,,,,,
2022-05-20,,,,,,,,
2022-05-21,,,,,,,,
2022-05-22,,,,,,,,
2022-05-23,,,,,,,,
2022-05-24,,,,,,,,
2022-05-25,,,,,,,,
2022-05-26,,,,,,,,
2022-05-27,,,,,,,,
2022-05-28,,,,,,,,
2022-05-29,,,,,,,,
2022-05-30,,,,,,,,
2022-05-31,,,,,0.28273133333333333,0.10824666666666666,0.84479,0.04695
2022-06-06,0.246635,0.0873,0.8785000000000001,0.03415,,,,
