,stockmarket_compound_sentiment,stockmarket_positive_sentiment,stockmarket_neutral_sentiment,stockmarket_negative_sentiment,close,volume
2015-12-01,0.2732,0.174,0.826,0.0,8.88,734733.0
2015-12-02,0.2732,0.174,0.826,0.0,8.73,212898.0
2015-12-03,0.2732,0.174,0.826,0.0,8.72,523551.0
2015-12-04,-0.7184,0.0,0.793,0.207,8.89,403099.0
2015-12-07,-0.7925,0.0,0.851,0.149,8.34,460234.0
2015-12-08,-0.7925,0.0,0.851,0.149,8.31,372204.0
2015-12-09,-0.7925,0.0,0.851,0.149,8.63,300710.0
2015-12-10,-0.7925,0.0,0.851,0.149,8.69,182602.0
2015-12-11,0.8122,0.113,0.887,0.0,8.38,364773.0
2015-12-14,0.8122,0.113,0.887,0.0,8.27,298190.0
2015-12-15,0.8122,0.113,0.887,0.0,8.46,264515.0
2015-12-16,0.8122,0.113,0.887,0.0,8.88,431320.0
2015-12-17,0.8122,0.113,0.887,0.0,8.61,445572.0
2015-12-18,0.8122,0.113,0.887,0.0,8.64,663997.0
2015-12-21,0.8122,0.113,0.887,0.0,9.12,474227.0
2015-12-22,0.8122,0.113,0.887,0.0,9.26,421850.0
2015-12-23,0.8122,0.113,0.887,0.0,9.22,310002.0
2015-12-24,0.8655,0.072,0.872,0.055,9.41,130538.0
2015-12-28,0.8655,0.072,0.872,0.055,9.2,437389.0
2015-12-29,0.8655,0.072,0.872,0.055,9.43,245796.0
2015-12-30,0.8655,0.072,0.872,0.055,9.25,266300.0
2015-12-31,0.6124,0.143,0.806,0.051,9.29,296442.0
2016-01-04,0.6124,0.143,0.806,0.051,9.2,559669.0
2016-01-05,0.6124,0.143,0.806,0.051,9.08,384886.0
2016-01-06,0.6124,0.143,0.806,0.051,8.95,286986.0
2016-01-07,0.6124,0.143,0.806,0.051,8.63,387037.0
2016-01-08,0.6124,0.143,0.806,0.051,8.35,365641.0
2016-01-11,0.6003,0.133,0.764,0.103,8.24,299593.0
2016-01-12,0.6003,0.133,0.764,0.103,8.18,301083.0
2016-01-13,0.6003,0.133,0.764,0.103,8.1,290961.0
2016-01-14,0.6003,0.133,0.764,0.103,7.82,410285.0
2016-01-15,0.6003,0.133,0.764,0.103,7.35,566460.0
2016-01-19,-0.4767,0.028,0.902,0.07,6.67,466691.0
2016-01-20,-0.4767,0.028,0.902,0.07,6.47,1908194.0
2016-01-21,-0.4767,0.028,0.902,0.07,6.73,617559.0
2016-01-22,-0.4767,0.028,0.902,0.07,6.61,586982.0
2016-01-25,-0.8523,0.084,0.799,0.118,6.23,617764.0
2016-01-26,-0.8523,0.084,0.799,0.118,6.17,2428939.0
2016-01-27,-0.8523,0.084,0.799,0.118,6.54,1152339.0
2016-01-28,-0.8523,0.084,0.799,0.118,6.85,519496.0
2016-01-29,-0.8523,0.084,0.799,0.118,6.93,427652.0
2016-02-01,-0.2878,0.065,0.832,0.103,7.0,388630.0
2016-02-02,-0.2878,0.065,0.832,0.103,6.83,503831.0
2016-02-03,-0.2878,0.065,0.832,0.103,7.3,270976.0
2016-02-04,-0.2878,0.065,0.832,0.103,7.11,336009.0
2016-02-05,-0.2878,0.065,0.832,0.103,6.93,309137.0
2016-02-08,0.6037,0.119,0.881,0.0,6.8,311316.0
2016-02-09,0.6037,0.119,0.881,0.0,6.67,218756.0
2016-02-10,0.6037,0.119,0.881,0.0,6.46,334538.0
2016-02-11,0.9965,0.128,0.829,0.043,6.43,247796.0
2016-02-12,0.9965,0.128,0.829,0.043,6.54,160298.0
2016-02-16,-0.9001,0.032,0.848,0.12,6.68,347811.0
2016-02-17,-0.6177,0.121,0.742,0.137,6.85,285142.0
2016-02-18,-0.6177,0.121,0.742,0.137,6.72,263059.0
2016-02-19,0.9413,0.186,0.768,0.045,6.89,206824.0
2016-02-22,0.9413,0.186,0.768,0.045,6.91,201877.0
2016-02-23,0.9413,0.186,0.768,0.045,6.73,211228.0
2016-02-24,0.7692,0.1005,0.8240000000000001,0.076,6.87,190257.0
2016-02-25,0.7692,0.1005,0.8240000000000001,0.076,6.91,221363.0
2016-02-26,0.7692,0.1005,0.8240000000000001,0.076,7.07,186236.0
2016-02-29,0.7692,0.1005,0.8240000000000001,0.076,7.29,517843.0
2016-03-01,0.7692,0.1005,0.8240000000000001,0.076,7.27,174552.0
2016-03-02,0.7692,0.1005,0.8240000000000001,0.076,7.71,245996.0
2016-03-03,0.7692,0.1005,0.8240000000000001,0.076,7.8,438116.0
2016-03-04,0.7692,0.1005,0.8240000000000001,0.076,8.03,478651.0
2016-03-07,0.7692,0.1005,0.8240000000000001,0.076,8.38,393683.0
2016-03-08,0.7692,0.1005,0.8240000000000001,0.076,8.31,523839.0
2016-03-09,0.7692,0.1005,0.8240000000000001,0.076,8.34,635753.0
2016-03-10,0.7692,0.1005,0.8240000000000001,0.076,8.24,372873.0
2016-03-11,0.7692,0.1005,0.8240000000000001,0.076,8.52,406572.0
2016-03-14,0.9392,0.144,0.811,0.045,8.49,429447.0
2016-03-15,0.9392,0.144,0.811,0.045,8.1,261179.0
2016-03-16,0.9392,0.144,0.811,0.045,8.61,568309.0
2016-03-17,0.9392,0.144,0.811,0.045,8.83,442653.0
2016-03-18,0.9392,0.144,0.811,0.045,8.99,730994.0
2016-03-21,0.9392,0.144,0.811,0.045,8.93,376715.0
2016-03-22,0.9392,0.144,0.811,0.045,8.76,347472.0
2016-03-23,0.9392,0.144,0.811,0.045,8.83,361793.0
2016-03-24,0.9392,0.144,0.811,0.045,9.11,405490.0
2016-03-28,0.9392,0.144,0.811,0.045,9.06,276429.0
2016-03-29,0.9392,0.144,0.811,0.045,9.17,379706.0
2016-03-30,0.9392,0.144,0.811,0.045,9.33,539984.0
2016-03-31,0.9392,0.144,0.811,0.045,9.44,532823.0
2016-04-01,0.9392,0.144,0.811,0.045,9.48,327443.0
2016-04-04,0.9392,0.144,0.811,0.045,9.4,421087.0
2016-04-05,0.9392,0.144,0.811,0.045,9.15,262906.0
2016-04-06,0.9392,0.144,0.811,0.045,9.25,276617.0
2016-04-07,0.9392,0.144,0.811,0.045,8.88,342839.0
2016-04-08,0.9392,0.144,0.811,0.045,8.97,253541.0
2016-04-11,0.9392,0.144,0.811,0.045,9.05,299962.0
2016-04-12,0.9392,0.144,0.811,0.045,9.34,376788.0
2016-04-13,0.9392,0.144,0.811,0.045,9.35,207875.0
2016-04-14,0.9392,0.144,0.811,0.045,9.33,312616.0
2016-04-15,0.9392,0.144,0.811,0.045,9.28,571243.0
2016-04-18,0.9392,0.144,0.811,0.045,9.63,460776.0
2016-04-19,0.9392,0.144,0.811,0.045,9.8,358865.0
2016-04-20,0.9392,0.144,0.811,0.045,9.8,251105.0
2016-04-21,0.9392,0.144,0.811,0.045,9.89,372875.0
2016-04-22,0.9392,0.144,0.811,0.045,9.88,193221.0
2016-04-25,-0.2052,0.029,0.93,0.041,9.85,218138.0
2016-04-26,-0.2052,0.029,0.93,0.041,9.98,471606.0
2016-04-27,0.16375,0.10600000000000001,0.7855000000000001,0.10850000000000001,9.89,322463.0
2016-04-28,0.16375,0.10600000000000001,0.7855000000000001,0.10850000000000001,9.81,564658.0
2016-04-29,0.16375,0.10600000000000001,0.7855000000000001,0.10850000000000001,9.72,275709.0
2016-05-02,0.16375,0.10600000000000001,0.7855000000000001,0.10850000000000001,9.59,629825.0
2016-05-03,0.16375,0.10600000000000001,0.7855000000000001,0.10850000000000001,9.26,534953.0
2016-05-04,0.16375,0.10600000000000001,0.7855000000000001,0.10850000000000001,9.6,671637.0
2016-05-05,0.16375,0.10600000000000001,0.7855000000000001,0.10850000000000001,9.27,341991.0
2016-05-06,0.9889,0.277,0.696,0.028,9.29,214165.0
2016-05-09,0.9889,0.277,0.696,0.028,9.09,201593.0
2016-05-10,0.9889,0.277,0.696,0.028,9.19,313040.0
2016-05-11,0.9889,0.277,0.696,0.028,9.51,350035.0
2016-05-12,0.9889,0.277,0.696,0.028,9.2,243247.0
2016-05-13,0.9889,0.277,0.696,0.028,9.32,201527.0
2016-05-16,0.9889,0.277,0.696,0.028,9.32,275470.0
2016-05-17,0.9889,0.277,0.696,0.028,9.23,295723.0
2016-05-18,0.9889,0.277,0.696,0.028,9.31,266953.0
2016-05-19,0.9889,0.277,0.696,0.028,9.34,210734.0
2016-05-20,0.9889,0.277,0.696,0.028,9.58,190959.0
2016-05-23,0.9889,0.277,0.696,0.028,9.66,306962.0
2016-05-24,0.9889,0.277,0.696,0.028,9.76,227735.0
2016-05-25,0.9889,0.277,0.696,0.028,9.87,202327.0
2016-05-26,0.9889,0.277,0.696,0.028,8.62,5307199.0
2016-05-27,0.34,0.124,0.876,0.0,8.96,7314113.0
2016-05-31,0.34,0.124,0.876,0.0,9.21,1375970.0
2016-06-01,0.34,0.124,0.876,0.0,9.415,611285.0
2016-06-02,0.34,0.124,0.876,0.0,9.62,407147.0
2016-06-03,0.34,0.124,0.876,0.0,9.47,676422.0
2016-06-06,0.34,0.124,0.876,0.0,9.45,548058.0
2016-06-07,0.34,0.124,0.876,0.0,9.64,386510.0
2016-06-08,0.34,0.124,0.876,0.0,9.43,330168.0
2016-06-09,0.34,0.124,0.876,0.0,9.305,460822.0
2016-06-10,0.34,0.124,0.876,0.0,8.96,495676.0
2016-06-13,0.34,0.124,0.876,0.0,8.88,774611.0
2016-06-14,0.34,0.124,0.876,0.0,8.66,399915.0
2016-06-15,0.34,0.124,0.876,0.0,8.6,380322.0
2016-06-16,0.34,0.124,0.876,0.0,8.47,302939.0
2016-06-17,0.34,0.124,0.876,0.0,8.37,1227780.0
2016-06-20,-0.5171,0.0,0.964,0.036,8.38,726196.0
2016-06-21,-0.1139,0.01,0.977,0.014,8.41,383578.0
2016-06-22,-0.1139,0.01,0.977,0.014,8.58,793595.0
2016-06-23,-0.1139,0.01,0.977,0.014,8.89,734284.0
2016-06-24,-0.1139,0.01,0.977,0.014,8.62,944186.0
2016-06-27,-0.1139,0.01,0.977,0.014,7.95,593348.0
2016-06-28,-0.631,0.0,0.853,0.147,8.18,386824.0
2016-06-29,-0.631,0.0,0.853,0.147,8.19,470526.0
2016-06-30,-0.631,0.0,0.853,0.147,8.83,896197.0
2016-07-01,-0.631,0.0,0.853,0.147,8.86,417772.0
2016-07-05,0.2263,0.073,0.927,0.0,8.6,547509.0
2016-07-06,0.2263,0.073,0.927,0.0,8.83,572426.0
2016-07-07,0.2263,0.073,0.927,0.0,8.36,388436.0
2016-07-08,0.2263,0.073,0.927,0.0,8.51,538324.0
2016-07-11,-0.4515,0.0,0.908,0.092,8.85,366072.0
2016-07-12,-0.4515,0.0,0.908,0.092,8.87,756722.0
2016-07-13,-0.4515,0.0,0.908,0.092,8.8,397510.0
2016-07-14,-0.4515,0.0,0.908,0.092,8.91,312143.0
2016-07-15,-0.4515,0.0,0.908,0.092,8.91,328601.0
2016-07-18,-0.4515,0.0,0.908,0.092,8.92,298321.0
2016-07-19,-0.4515,0.0,0.908,0.092,8.89,201443.0
2016-07-20,-0.4515,0.0,0.908,0.092,8.87,444330.0
2016-07-21,-0.4515,0.0,0.908,0.092,8.93,290377.0
2016-07-22,-0.4515,0.0,0.908,0.092,8.9,369867.0
2016-07-25,-0.4515,0.0,0.908,0.092,8.83,247439.0
2016-07-26,-0.8934,0.0,0.855,0.145,8.86,528204.0
2016-07-27,-0.8934,0.0,0.855,0.145,9.13,242833.0
2016-07-28,-0.8934,0.0,0.855,0.145,9.38,899021.0
2016-07-29,-0.8934,0.0,0.855,0.145,9.75,682785.0
2016-08-01,-0.8934,0.0,0.855,0.145,9.45,701061.0
2016-08-02,-0.8934,0.0,0.855,0.145,9.47,401851.0
2016-08-03,-0.8934,0.0,0.855,0.145,9.74,421221.0
2016-08-04,-0.8934,0.0,0.855,0.145,9.65,299134.0
2016-08-05,-0.8934,0.0,0.855,0.145,9.64,591594.0
2016-08-08,-0.8934,0.0,0.855,0.145,9.66,580951.0
2016-08-09,-0.8934,0.0,0.855,0.145,9.61,399890.0
2016-08-10,-0.8934,0.0,0.855,0.145,9.38,695458.0
2016-08-11,-0.8934,0.0,0.855,0.145,9.41,993452.0
2016-08-12,-0.8934,0.0,0.855,0.145,9.25,547288.0
2016-08-15,-0.8934,0.0,0.855,0.145,9.22,203688.0
2016-08-16,-0.8934,0.0,0.855,0.145,9.08,345036.0
2016-08-17,-0.8934,0.0,0.855,0.145,9.13,408185.0
2016-08-18,-0.8934,0.0,0.855,0.145,9.23,211840.0
2016-08-19,-0.8934,0.0,0.855,0.145,9.29,347352.0
2016-08-22,0.296,0.155,0.845,0.0,8.92,310289.0
2016-08-23,0.296,0.155,0.845,0.0,8.85,242074.0
2016-08-24,0.296,0.155,0.845,0.0,8.58,636271.0
2016-08-25,0.296,0.155,0.845,0.0,8.72,445066.0
2016-08-26,0.296,0.155,0.845,0.0,8.7,304963.0
2016-08-29,0.296,0.155,0.845,0.0,8.69,366679.0
2016-08-30,0.296,0.155,0.845,0.0,8.77,414182.0
2016-08-31,0.296,0.155,0.845,0.0,8.97,854129.0
2016-09-01,0.8767,0.325,0.675,0.0,8.87,249848.0
2016-09-02,0.8767,0.325,0.675,0.0,8.88,169572.0
2016-09-06,0.7835,0.084,0.879,0.038,8.82,185649.0
2016-09-07,0.7835,0.084,0.879,0.038,8.83,303594.0
2016-09-08,0.7835,0.084,0.879,0.038,8.89,263036.0
2016-09-09,0.7835,0.084,0.879,0.038,8.46,680303.0
2016-09-12,0.7835,0.084,0.879,0.038,8.59,271497.0
2016-09-13,0.7835,0.084,0.879,0.038,8.24,621008.0
2016-09-14,0.7835,0.084,0.879,0.038,8.07,515995.0
2016-09-15,0.7835,0.084,0.879,0.038,8.16,566032.0
2016-09-16,0.7835,0.084,0.879,0.038,8.07,583480.0
2016-09-19,0.7835,0.084,0.879,0.038,8.25,329367.0
2016-09-20,0.7835,0.084,0.879,0.038,8.14,206343.0
2016-09-21,0.7835,0.084,0.879,0.038,8.3,765825.0
2016-09-22,0.7835,0.084,0.879,0.038,8.45,298603.0
2016-09-23,0.7835,0.084,0.879,0.038,8.27,1082988.0
2016-09-26,0.9946,0.07,0.905,0.026,7.97,975550.0
2016-09-27,0.9946,0.07,0.905,0.026,8.06,278159.0
2016-09-28,0.9946,0.07,0.905,0.026,8.38,286733.0
2016-09-29,0.9946,0.07,0.905,0.026,8.26,465723.0
2016-09-30,0.9946,0.07,0.905,0.026,8.47,398728.0
2016-10-03,0.9946,0.07,0.905,0.026,8.45,146143.0
2016-10-04,0.9946,0.07,0.905,0.026,8.7,229713.0
2016-10-05,0.9946,0.07,0.905,0.026,8.81,475245.0
2016-10-06,0.9946,0.07,0.905,0.026,9.22,308196.0
2016-10-07,0.9946,0.07,0.905,0.026,9.07,229143.0
2016-10-10,0.0516,0.137,0.735,0.127,9.08,184292.0
2016-10-11,0.0516,0.078,0.825,0.097,9.02,190933.0
2016-10-12,0.0516,0.078,0.825,0.097,9.02,114674.0
2016-10-13,0.0516,0.078,0.825,0.097,8.85,213370.0
2016-10-14,0.0516,0.078,0.825,0.097,8.87,122438.0
2016-10-17,0.0516,0.078,0.825,0.097,8.87,140786.0
2016-10-18,0.0516,0.078,0.825,0.097,8.85,117354.0
2016-10-19,0.0516,0.078,0.825,0.097,9.13,242957.0
2016-10-20,0.0516,0.078,0.825,0.097,9.04,183245.0
2016-10-21,0.0516,0.078,0.825,0.097,9.09,326745.0
2016-10-24,0.0516,0.078,0.825,0.097,9.06,297704.0
2016-10-25,0.0516,0.078,0.825,0.097,8.8,318794.0
2016-10-26,0.0516,0.078,0.825,0.097,8.66,383233.0
2016-10-27,0.0516,0.078,0.825,0.097,8.5,289795.0
2016-10-28,0.0516,0.078,0.825,0.097,8.51,642177.0
2016-10-31,-0.06584999999999999,0.0405,0.886,0.0735,8.75,426273.0
2016-11-01,-0.06584999999999999,0.0405,0.886,0.0735,8.8,1217970.0
2016-11-02,-0.06584999999999999,0.0405,0.886,0.0735,9.05,442192.0
2016-11-03,-0.06584999999999999,0.0405,0.886,0.0735,8.35,790467.0
2016-11-04,-0.06584999999999999,0.0405,0.886,0.0735,8.4,590985.0
2016-11-07,-0.06584999999999999,0.0405,0.886,0.0735,8.85,446587.0
2016-11-08,-0.06584999999999999,0.0405,0.886,0.0735,9.25,459483.0
2016-11-09,-0.06584999999999999,0.0405,0.886,0.0735,9.0,620334.0
2016-11-10,-0.06584999999999999,0.0405,0.886,0.0735,9.35,662608.0
2016-11-11,-0.06584999999999999,0.0405,0.886,0.0735,9.2,527192.0
2016-11-14,-0.06584999999999999,0.0405,0.886,0.0735,9.3,413599.0
2016-11-15,-0.06584999999999999,0.0405,0.886,0.0735,9.15,479501.0
2016-11-16,-0.06584999999999999,0.0405,0.886,0.0735,9.3,332708.0
2016-11-17,-0.06584999999999999,0.0405,0.886,0.0735,9.15,287977.0
2016-11-18,-0.06584999999999999,0.0405,0.886,0.0735,9.5,761696.0
2016-11-21,-0.06584999999999999,0.0405,0.886,0.0735,9.7,367194.0
2016-11-22,-0.06584999999999999,0.0405,0.886,0.0735,9.6,368874.0
2016-11-23,-0.06584999999999999,0.0405,0.886,0.0735,9.8,401837.0
2016-11-25,0.0,0.0,1.0,0.0,9.75,75528.0
2016-11-28,0.0258,0.205,0.639,0.155,9.65,189046.0
2016-11-29,0.0258,0.205,0.639,0.155,9.6,694112.0
2016-11-30,0.0258,0.205,0.639,0.155,9.75,646494.0
2016-12-01,0.0258,0.205,0.639,0.155,9.9,432845.0
2016-12-02,0.0258,0.205,0.639,0.155,9.8,360266.0
2016-12-05,0.0258,0.205,0.639,0.155,9.9,649907.0
2016-12-06,0.0258,0.205,0.639,0.155,9.85,358211.0
2016-12-07,0.0258,0.205,0.639,0.155,10.25,1505609.0
2016-12-08,0.0258,0.205,0.639,0.155,10.35,574605.0
2016-12-09,0.0258,0.205,0.639,0.155,10.25,523729.0
2016-12-12,0.0258,0.205,0.639,0.155,10.0,651850.0
2016-12-13,0.0258,0.205,0.639,0.155,10.05,608905.0
2016-12-14,-0.1027,0.074,0.839,0.087,9.6,375550.0
2016-12-15,-0.1027,0.074,0.839,0.087,9.55,852970.0
2016-12-16,-0.1027,0.074,0.839,0.087,9.75,614689.0
2016-12-19,-0.1027,0.074,0.839,0.087,9.8,407016.0
2016-12-20,0.5106,0.231,0.769,0.0,10.05,273510.0
2016-12-21,0.5106,0.231,0.769,0.0,10.05,189517.0
2016-12-22,0.5106,0.231,0.769,0.0,9.85,219990.0
2016-12-23,0.5106,0.231,0.769,0.0,9.9,144162.0
2016-12-27,0.993,0.199,0.769,0.032,9.95,236908.0
2016-12-28,0.993,0.199,0.769,0.032,10.0,234530.0
2016-12-29,0.993,0.199,0.769,0.032,9.9,278798.0
2016-12-30,0.993,0.199,0.769,0.032,9.7,244422.0
2017-01-03,0.993,0.199,0.769,0.032,9.95,281596.0
2017-01-04,0.993,0.199,0.769,0.032,9.9,469180.0
2017-01-05,0.993,0.199,0.769,0.032,9.65,319304.0
2017-01-06,0.993,0.199,0.769,0.032,9.5,309960.0
2017-01-09,0.993,0.199,0.769,0.032,9.2,472362.0
2017-01-10,-0.4659,0.041,0.904,0.055,9.3,1156158.0
2017-01-11,-0.4659,0.041,0.904,0.055,9.25,378835.0
2017-01-12,-0.4659,0.041,0.904,0.055,9.1,228690.0
2017-01-13,-0.4659,0.041,0.904,0.055,9.1,204001.0
2017-01-17,0.8846,0.1,0.8465,0.0535,8.9,255574.0
2017-01-18,0.8846,0.1,0.8465,0.0535,8.95,178934.0
2017-01-19,0.8846,0.1,0.8465,0.0535,8.9,228108.0
2017-01-20,0.8846,0.1,0.8465,0.0535,9.0,286440.0
2017-01-23,0.8846,0.1,0.8465,0.0535,9.1,513105.0
2017-01-24,0.8846,0.1,0.8465,0.0535,9.05,248956.0
2017-01-25,0.8846,0.1,0.8465,0.0535,8.95,231354.0
2017-01-26,0.8846,0.1,0.8465,0.0535,8.95,302460.0
2017-01-27,0.8846,0.1,0.8465,0.0535,8.95,247293.0
2017-01-30,0.8846,0.1,0.8465,0.0535,8.45,245101.0
2017-01-31,0.8846,0.1,0.8465,0.0535,8.7,438522.0
2017-02-01,0.8846,0.1,0.8465,0.0535,8.45,166109.0
2017-02-02,0.8846,0.1,0.8465,0.0535,8.4,171644.0
2017-02-03,0.8846,0.1,0.8465,0.0535,8.6,281512.0
2017-02-06,0.4215,0.174,0.826,0.0,8.45,112600.0
2017-02-07,0.4215,0.174,0.826,0.0,8.65,251062.0
2017-02-08,0.4215,0.174,0.826,0.0,8.7,306813.0
2017-02-09,0.4215,0.174,0.826,0.0,8.85,332584.0
2017-02-10,0.0,0.0,1.0,0.0,9.05,250620.0
2017-02-13,0.1754,0.15,0.716,0.134,8.75,186133.0
2017-02-14,0.1754,0.15,0.716,0.134,8.85,456088.0
2017-02-15,0.1754,0.15,0.716,0.134,8.6,149845.0
2017-02-16,0.1754,0.15,0.716,0.134,8.8,310016.0
2017-02-17,0.1754,0.15,0.716,0.134,9.0,297796.0
2017-02-21,0.1754,0.15,0.716,0.134,8.8,141293.0
2017-02-22,0.1754,0.15,0.716,0.134,8.7,166871.0
2017-02-23,0.1754,0.15,0.716,0.134,8.7,224190.0
2017-02-24,0.1754,0.15,0.716,0.134,8.425,208433.0
2017-02-27,0.1754,0.15,0.716,0.134,8.7,255268.0
2017-02-28,0.1754,0.15,0.716,0.134,8.9,507735.0
2017-03-01,0.1754,0.15,0.716,0.134,9.35,492629.0
2017-03-02,0.1754,0.15,0.716,0.134,9.3,478751.0
2017-03-03,0.1754,0.15,0.716,0.134,9.1,222910.0
2017-03-06,0.1754,0.15,0.716,0.134,9.0,348593.0
2017-03-07,0.1754,0.15,0.716,0.134,9.0,213590.0
2017-03-08,0.1754,0.15,0.716,0.134,9.4,470955.0
2017-03-09,0.1754,0.15,0.716,0.134,9.45,270854.0
2017-03-10,0.1754,0.15,0.716,0.134,9.5,250123.0
2017-03-13,0.1754,0.15,0.716,0.134,9.7,226057.0
2017-03-14,0.1754,0.15,0.716,0.134,9.8,259074.0
2017-03-15,0.96,0.151,0.836,0.014,9.9,202766.0
2017-03-16,0.96,0.151,0.836,0.014,10.15,336645.0
2017-03-17,0.96,0.151,0.836,0.014,10.5,520334.0
2017-03-20,0.96,0.151,0.836,0.014,10.4,915692.0
2017-03-21,0.96,0.151,0.836,0.014,10.05,492141.0
2017-03-22,0.96,0.151,0.836,0.014,10.0,292839.0
2017-03-23,0.96,0.151,0.836,0.014,10.05,190090.0
2017-03-24,0.96,0.151,0.836,0.014,9.95,224107.0
2017-03-27,0.96,0.151,0.836,0.014,9.9,364657.0
2017-03-28,0.96,0.151,0.836,0.014,9.85,189707.0
2017-03-29,-0.9081,0.028,0.79,0.181,10.2,711174.0
2017-03-30,-0.9081,0.028,0.79,0.181,10.15,424033.0
2017-03-31,-0.9081,0.028,0.79,0.181,10.45,581984.0
2017-04-03,-0.9081,0.028,0.79,0.181,10.35,242059.0
2017-04-04,-0.9081,0.028,0.79,0.181,10.3,326119.0
2017-04-05,-0.9081,0.028,0.79,0.181,9.95,412182.0
2017-04-06,-0.9634,0.092,0.741,0.166,10.1,650546.0
2017-04-07,-0.9634,0.092,0.741,0.166,9.95,440077.0
2017-04-10,-0.9634,0.092,0.741,0.166,10.25,295735.0
2017-04-11,-0.9634,0.092,0.741,0.166,10.3,215029.0
2017-04-12,-0.9634,0.092,0.741,0.166,10.2,177633.0
2017-04-13,-0.9634,0.092,0.741,0.166,9.9,275653.0
2017-04-17,-0.9634,0.092,0.741,0.166,10.2,307998.0
2017-04-18,0.8390999999999998,0.18333333333333335,0.7646666666666667,0.052,9.95,355485.0
2017-04-19,0.8390999999999998,0.18333333333333335,0.7646666666666667,0.052,10.1,395940.0
2017-04-20,0.9958,0.107,0.866,0.026,10.25,192473.0
2017-04-21,0.9958,0.107,0.866,0.026,10.3,367934.0
2017-04-24,0.9958,0.107,0.866,0.026,10.35,264098.0
2017-04-25,0.9971,0.098,0.88,0.022,10.5,208659.0
2017-04-26,0.9971,0.098,0.88,0.022,10.475,249145.0
2017-04-27,0.9971,0.098,0.88,0.022,10.55,224791.0
2017-04-28,0.9971,0.098,0.88,0.022,10.45,253224.0
2017-05-01,0.9971,0.098,0.88,0.022,10.55,361110.0
2017-05-02,0.9971,0.098,0.88,0.022,10.55,219349.0
2017-05-03,0.9971,0.098,0.88,0.022,10.3,226915.0
2017-05-04,0.9971,0.098,0.88,0.022,10.15,166639.0
2017-05-05,0.9971,0.098,0.88,0.022,11.8,1453107.0
2017-05-08,0.9971,0.098,0.88,0.022,12.25,718899.0
2017-05-09,0.9971,0.098,0.88,0.022,12.5,610993.0
2017-05-10,0.9971,0.098,0.88,0.022,12.45,413307.0
2017-05-11,0.9971,0.098,0.88,0.022,11.85,327695.0
2017-05-12,0.9971,0.098,0.88,0.022,11.65,349993.0
2017-05-15,0.9971,0.098,0.88,0.022,11.4,402856.0
2017-05-16,0.9971,0.098,0.88,0.022,11.5,343808.0
2017-05-17,0.9971,0.098,0.88,0.022,11.15,318103.0
2017-05-18,0.9971,0.098,0.88,0.022,11.5,316043.0
2017-05-19,0.4497,0.067,0.914,0.019,11.4,272189.0
2017-05-22,0.4497,0.067,0.914,0.019,11.35,226264.0
2017-05-23,0.4497,0.067,0.914,0.019,11.3,250289.0
2017-05-24,0.0,0.0,1.0,0.0,11.3,299909.0
2017-05-25,0.0,0.0,1.0,0.0,11.3,312245.0
2017-05-26,0.9971,0.135,0.822,0.043,11.3,355292.0
2017-05-30,0.8873,0.085,0.879,0.036,11.05,387451.0
2017-05-31,0.8873,0.085,0.879,0.036,11.3,367815.0
2017-06-01,0.8873,0.085,0.879,0.036,11.45,364615.0
2017-06-02,-0.5797,0.093,0.753,0.154,11.45,332999.0
2017-06-05,-0.5797,0.093,0.753,0.154,11.35,281618.0
2017-06-06,-0.5797,0.093,0.753,0.154,11.35,282137.0
2017-06-07,-0.5797,0.093,0.753,0.154,11.05,291247.0
2017-06-08,-0.5797,0.093,0.753,0.154,11.2,287433.0
2017-06-09,-0.5797,0.093,0.753,0.154,11.4,429547.0
2017-06-12,-0.5797,0.093,0.753,0.154,11.8,446629.0
2017-06-13,0.7096,0.088,0.912,0.0,11.95,273645.0
2017-06-14,0.7096,0.088,0.912,0.0,12.0,929411.0
2017-06-15,0.7096,0.088,0.912,0.0,12.2,435337.0
2017-06-16,0.7096,0.088,0.912,0.0,12.375,1308244.0
2017-06-19,0.9743,0.088,0.861,0.051,12.0,331769.0
2017-06-20,0.9743,0.088,0.861,0.051,12.35,411363.0
2017-06-21,0.9743,0.088,0.861,0.051,12.1,534148.0
2017-06-22,0.9743,0.088,0.861,0.051,12.0,343331.0
2017-06-23,0.9743,0.088,0.861,0.051,12.5,820713.0
2017-06-26,0.9743,0.088,0.861,0.051,12.8,1189639.0
2017-06-27,0.9743,0.088,0.861,0.051,12.65,553594.0
2017-06-28,0.9743,0.088,0.861,0.051,12.55,466897.0
2017-06-29,0.9743,0.088,0.861,0.051,12.75,450700.0
2017-06-30,0.9743,0.088,0.861,0.051,12.95,728802.0
2017-07-03,0.9743,0.088,0.861,0.051,13.1,484986.0
2017-07-05,0.3857,0.134,0.742,0.124,12.4,1048695.0
2017-07-06,0.3857,0.134,0.742,0.124,12.35,542954.0
2017-07-07,0.3857,0.134,0.742,0.124,12.3,466041.0
2017-07-10,0.3857,0.134,0.742,0.124,12.4,789715.0
2017-07-11,0.3857,0.134,0.742,0.124,12.05,434488.0
2017-07-12,0.3857,0.134,0.742,0.124,12.1,484803.0
2017-07-13,0.3857,0.134,0.742,0.124,12.2,386125.0
2017-07-14,0.3857,0.134,0.742,0.124,12.25,260574.0
2017-07-17,0.3857,0.134,0.742,0.124,12.3,370343.0
2017-07-18,0.3857,0.134,0.742,0.124,12.25,239577.0
2017-07-19,0.3857,0.134,0.742,0.124,12.3,211736.0
2017-07-20,0.3857,0.134,0.742,0.124,12.4,227669.0
2017-07-21,0.3857,0.134,0.742,0.124,12.55,475887.0
2017-07-24,0.3857,0.134,0.742,0.124,12.75,431785.0
2017-07-25,0.3857,0.134,0.742,0.124,12.75,432225.0
2017-07-26,0.3857,0.134,0.742,0.124,12.6,313541.0
2017-07-27,0.3857,0.134,0.742,0.124,12.6,265527.0
2017-07-28,0.3857,0.134,0.742,0.124,12.55,302043.0
2017-07-31,0.3857,0.134,0.742,0.124,12.5,436274.0
2017-08-01,0.3857,0.134,0.742,0.124,12.65,322985.0
2017-08-02,0.3857,0.134,0.742,0.124,12.55,275941.0
2017-08-03,0.3857,0.134,0.742,0.124,12.7,491520.0
2017-08-04,0.3857,0.134,0.742,0.124,12.0,833167.0
2017-08-07,0.4588,0.158,0.842,0.0,12.025,326731.0
2017-08-08,0.4588,0.158,0.842,0.0,11.75,709813.0
2017-08-09,0.4588,0.158,0.842,0.0,11.65,918846.0
2017-08-10,0.4588,0.158,0.842,0.0,11.55,716472.0
2017-08-11,-0.1779,0.064,0.877,0.059,11.55,407572.0
2017-08-14,-0.1779,0.064,0.877,0.059,11.6,685423.0
2017-08-15,0.988,0.11,0.882,0.008,11.5,458012.0
2017-08-16,0.988,0.11,0.882,0.008,11.15,556789.0
2017-08-17,0.988,0.11,0.882,0.008,10.95,391285.0
2017-08-18,0.9969,0.164,0.83,0.006,11.1,396349.0
2017-08-21,-0.8047,0.0,0.823,0.177,11.1,364241.0
2017-08-22,-0.8047,0.0,0.823,0.177,11.2,833273.0
2017-08-23,-0.8047,0.0,0.823,0.177,11.6,901837.0
2017-08-24,0.9947,0.137,0.835,0.028,11.75,201142.0
2017-08-25,0.9947,0.137,0.835,0.028,12.0,221045.0
2017-08-28,-0.2732,0.041,0.89,0.069,12.0,271398.0
2017-08-29,-0.2732,0.041,0.89,0.069,12.05,212376.0
2017-08-30,-0.2732,0.041,0.89,0.069,12.1,278768.0
2017-08-31,-0.2732,0.041,0.89,0.069,12.1,300094.0
2017-09-01,-0.2732,0.041,0.89,0.069,12.25,228125.0
2017-09-05,-0.2732,0.041,0.89,0.069,12.25,405826.0
2017-09-06,-0.2732,0.041,0.89,0.069,12.15,214208.0
2017-09-07,-0.2732,0.041,0.89,0.069,12.25,154735.0
2017-09-08,-0.2732,0.041,0.89,0.069,12.05,216501.0
2017-09-11,-0.2732,0.041,0.89,0.069,12.2,223235.0
2017-09-12,-0.2732,0.041,0.89,0.069,12.6,275871.0
2017-09-13,-0.2732,0.041,0.89,0.069,12.75,278490.0
2017-09-14,-0.2732,0.041,0.89,0.069,12.75,325916.0
2017-09-15,-0.2732,0.041,0.89,0.069,12.95,1106291.0
2017-09-18,-0.2732,0.041,0.89,0.069,13.0,386223.0
2017-09-19,-0.2732,0.041,0.89,0.069,12.9,148356.0
2017-09-20,-0.2732,0.041,0.89,0.069,13.4,739282.0
2017-09-21,-0.2732,0.041,0.89,0.069,13.1,268816.0
2017-09-22,-0.2732,0.041,0.89,0.069,13.15,293077.0
2017-09-25,-0.2732,0.041,0.89,0.069,13.35,244182.0
2017-09-26,-0.2732,0.041,0.89,0.069,13.25,634795.0
2017-09-27,-0.2732,0.041,0.89,0.069,12.45,1721954.0
2017-09-28,-0.2732,0.041,0.89,0.069,12.2,457841.0
2017-09-29,-0.2732,0.041,0.89,0.069,12.15,425854.0
2017-10-02,0.5267,0.124,0.876,0.0,12.35,466237.0
2017-10-03,0.5267,0.124,0.876,0.0,12.4,306138.0
2017-10-04,0.5267,0.124,0.876,0.0,12.2,254691.0
2017-10-05,0.4019,0.091,0.909,0.0,12.1,369063.0
2017-10-06,0.9705,0.125,0.827,0.048,11.6,450805.0
2017-10-09,0.9705,0.125,0.827,0.048,11.6,253992.0
2017-10-10,0.9705,0.125,0.827,0.048,11.75,446149.0
2017-10-11,0.9705,0.125,0.827,0.048,11.7,477172.0
2017-10-12,0.4215,0.259,0.741,0.0,11.55,312544.0
2017-10-13,0.4215,0.259,0.741,0.0,11.5,158493.0
2017-10-16,0.4215,0.259,0.741,0.0,11.4,319434.0
2017-10-17,0.4215,0.259,0.741,0.0,11.2,206945.0
2017-10-18,0.4215,0.259,0.741,0.0,11.6,748168.0
2017-10-19,0.9156,0.117,0.883,0.0,11.7,534641.0
2017-10-20,0.9156,0.117,0.883,0.0,12.05,469346.0
2017-10-23,0.9156,0.117,0.883,0.0,11.9,425849.0
2017-10-24,0.9156,0.117,0.883,0.0,12.1,149057.0
2017-10-25,0.9156,0.117,0.883,0.0,12.0,382370.0
2017-10-26,0.9156,0.117,0.883,0.0,11.95,151963.0
2017-10-27,0.9156,0.117,0.883,0.0,12.1,199080.0
2017-10-30,0.9156,0.117,0.883,0.0,12.0,156956.0
2017-10-31,0.9156,0.117,0.883,0.0,12.1,431032.0
2017-11-01,0.9156,0.117,0.883,0.0,11.825,210946.0
2017-11-02,0.9156,0.117,0.883,0.0,11.65,229816.0
2017-11-03,0.9156,0.117,0.883,0.0,11.55,262895.0
2017-11-06,-0.2732,0.0,0.909,0.091,11.7,271788.0
2017-11-07,-0.2732,0.0,0.909,0.091,11.8,435570.0
2017-11-08,-0.2732,0.0,0.909,0.091,12.0,759752.0
2017-11-09,-0.2732,0.0,0.909,0.091,11.5,487422.0
2017-11-10,-0.2732,0.0,0.909,0.091,11.35,340963.0
2017-11-13,-0.2732,0.0,0.909,0.091,11.1,713465.0
2017-11-14,-0.8088,0.044,0.863,0.092,11.0,459756.0
2017-11-15,-0.8088,0.044,0.863,0.092,10.6,345322.0
2017-11-16,0.4019,0.03,0.97,0.0,10.9,561696.0
2017-11-17,0.4019,0.03,0.97,0.0,10.9,214112.0
2017-11-20,0.4019,0.03,0.97,0.0,11.25,249766.0
2017-11-21,-0.10115,0.0265,0.9365,0.037,11.25,225179.0
2017-11-22,-0.10115,0.0265,0.9365,0.037,11.15,167930.0
2017-11-24,-0.10115,0.0265,0.9365,0.037,11.2,104879.0
2017-11-27,-0.10115,0.0265,0.9365,0.037,10.9,337182.0
2017-11-28,-0.10115,0.0265,0.9365,0.037,10.8,278893.0
2017-11-29,-0.10115,0.0265,0.9365,0.037,10.85,234821.0
2017-11-30,0.8699,0.147,0.8375,0.016,11.35,439387.0
2017-12-01,0.9968,0.141,0.796,0.063,11.4,350310.0
2017-12-04,0.9088,0.109,0.852,0.039,11.15,563382.0
2017-12-05,0.9088,0.109,0.852,0.039,11.3,427495.0
2017-12-06,0.09900000000000003,0.08,0.857,0.063,11.4,630621.0
2017-12-07,0.09900000000000003,0.08,0.857,0.063,11.5,364220.0
2017-12-08,0.09900000000000003,0.08,0.857,0.063,11.55,240407.0
2017-12-11,0.09900000000000003,0.08,0.857,0.063,11.7,375896.0
2017-12-12,0.09900000000000003,0.08,0.857,0.063,11.4,313378.0
2017-12-13,0.09900000000000003,0.08,0.857,0.063,11.0,436047.0
2017-12-14,0.09900000000000003,0.08,0.857,0.063,10.9,275471.0
2017-12-15,0.09900000000000003,0.08,0.857,0.063,11.35,677270.0
2017-12-18,0.09900000000000003,0.08,0.857,0.063,11.35,245885.0
2017-12-19,0.09900000000000003,0.08,0.857,0.063,11.8,664988.0
2017-12-20,0.14115,0.065,0.91,0.025,11.8,600525.0
2017-12-21,0.14115,0.065,0.91,0.025,11.95,397669.0
2017-12-22,0.668,0.14250000000000002,0.7985,0.058499999999999996,11.75,388543.0
2017-12-26,0.668,0.14250000000000002,0.7985,0.058499999999999996,11.5,362221.0
2017-12-27,0.668,0.14250000000000002,0.7985,0.058499999999999996,11.85,274557.0
2017-12-28,0.668,0.14250000000000002,0.7985,0.058499999999999996,12.0,266205.0
2017-12-29,0.668,0.14250000000000002,0.7985,0.058499999999999996,11.8,304304.0
2018-01-02,-0.3818,0.112,0.743,0.145,11.9,299910.0
2018-01-03,-0.3818,0.112,0.743,0.145,11.75,315138.0
2018-01-04,-0.3818,0.112,0.743,0.145,11.55,814266.0
2018-01-05,-0.3818,0.112,0.743,0.145,11.3,401071.0
2018-01-08,-0.3818,0.112,0.743,0.145,11.05,622892.0
2018-01-09,-0.3818,0.112,0.743,0.145,11.05,435501.0
2018-01-10,-0.3818,0.112,0.743,0.145,11.0,342026.0
2018-01-11,-0.3818,0.112,0.743,0.145,11.3,181682.0
2018-01-12,-0.3818,0.112,0.743,0.145,11.25,221704.0
2018-01-16,-0.3818,0.112,0.743,0.145,11.0,313844.0
2018-01-17,-0.3818,0.112,0.743,0.145,11.125,293195.0
2018-01-18,-0.3818,0.112,0.743,0.145,10.9,322162.0
2018-01-19,-0.3818,0.112,0.743,0.145,11.05,236215.0
2018-01-22,0.296,0.121,0.761,0.117,10.95,241810.0
2018-01-23,0.296,0.121,0.761,0.117,10.9,160911.0
2018-01-24,0.296,0.121,0.761,0.117,10.95,205409.0
2018-01-25,0.9947,0.087,0.879,0.033,10.95,541143.0
2018-01-26,0.9947,0.087,0.879,0.033,11.0,340448.0
2018-01-29,0.1655,0.03,0.97,0.0,10.7,551990.0
2018-01-30,0.1655,0.03,0.97,0.0,10.6,299329.0
2018-01-31,0.1655,0.03,0.97,0.0,10.7,252517.0
2018-02-01,0.1655,0.03,0.97,0.0,10.4,253999.0
2018-02-02,0.1655,0.03,0.97,0.0,10.25,568140.0
2018-02-05,0.1655,0.03,0.97,0.0,9.8,415934.0
2018-02-06,0.1655,0.03,0.97,0.0,9.85,428677.0
2018-02-07,0.1655,0.03,0.97,0.0,9.9,430612.0
2018-02-08,0.1655,0.03,0.97,0.0,10.3,746543.0
2018-02-09,0.1655,0.03,0.97,0.0,11.0,1076573.0
2018-02-12,0.1655,0.03,0.97,0.0,10.85,371949.0
2018-02-13,0.1655,0.03,0.97,0.0,10.85,294914.0
2018-02-14,0.1655,0.03,0.97,0.0,11.05,241621.0
2018-02-15,0.1655,0.03,0.97,0.0,11.25,202571.0
2018-02-16,0.1655,0.03,0.97,0.0,11.65,348487.0
2018-02-20,0.1655,0.03,0.97,0.0,11.35,355818.0
2018-02-21,0.1655,0.03,0.97,0.0,11.6,550821.0
2018-02-22,0.1655,0.03,0.97,0.0,11.45,390852.0
2018-02-23,0.1655,0.03,0.97,0.0,11.35,231992.0
2018-02-26,0.1655,0.03,0.97,0.0,11.25,324661.0
2018-02-27,0.1655,0.03,0.97,0.0,11.0,243267.0
2018-02-28,0.1655,0.03,0.97,0.0,11.1,297752.0
2018-03-01,0.1655,0.03,0.97,0.0,10.8,373985.0
2018-03-02,0.1655,0.03,0.97,0.0,10.9,690041.0
2018-03-05,0.1655,0.03,0.97,0.0,10.9,347137.0
2018-03-06,0.1655,0.03,0.97,0.0,10.9,451885.0
2018-03-07,0.1655,0.03,0.97,0.0,10.85,363987.0
2018-03-08,0.1655,0.03,0.97,0.0,10.9,388789.0
2018-03-09,0.1655,0.03,0.97,0.0,11.2,961826.0
2018-03-12,0.1655,0.03,0.97,0.0,10.9,440606.0
2018-03-13,0.1655,0.03,0.97,0.0,11.05,630942.0
2018-03-14,0.1655,0.03,0.97,0.0,11.3,847297.0
2018-03-15,0.1655,0.03,0.97,0.0,11.75,682471.0
2018-03-16,0.1655,0.03,0.97,0.0,12.05,743839.0
2018-03-19,0.1655,0.03,0.97,0.0,12.25,532146.0
2018-03-20,0.1655,0.03,0.97,0.0,12.25,544061.0
2018-03-21,0.1655,0.03,0.97,0.0,12.3,406731.0
2018-03-22,0.1655,0.03,0.97,0.0,12.2,661481.0
2018-03-23,0.1655,0.03,0.97,0.0,12.1,491602.0
2018-03-26,0.1655,0.03,0.97,0.0,12.65,684664.0
2018-03-27,0.1655,0.03,0.97,0.0,12.65,637359.0
2018-03-28,0.1655,0.03,0.97,0.0,12.6,505799.0
2018-03-29,0.1655,0.03,0.97,0.0,12.8,730662.0
2018-04-02,0.1655,0.03,0.97,0.0,12.8,444076.0
2018-04-03,0.99,0.122,0.832,0.046,13.0,476685.0
2018-04-04,0.99,0.122,0.832,0.046,13.2,778901.0
2018-04-05,0.9793,0.161,0.839,0.0,13.7,1701301.0
2018-04-06,0.9793,0.161,0.839,0.0,13.8,925830.0
2018-04-09,0.0,0.086,0.828,0.086,13.5,672599.0
2018-04-10,0.0,0.086,0.828,0.086,13.5,494306.0
2018-04-11,0.0,0.086,0.828,0.086,13.5,474063.0
2018-04-12,0.4389,0.127,0.799,0.074,13.45,430671.0
2018-04-13,0.4389,0.127,0.799,0.074,13.5,354134.0
2018-04-16,0.89,0.123,0.877,0.0,13.4,787982.0
2018-04-17,0.89,0.123,0.877,0.0,13.1,588171.0
2018-04-18,0.89,0.123,0.877,0.0,13.35,830300.0
2018-04-19,0.89,0.123,0.877,0.0,12.95,453924.0
2018-04-20,-0.881,0.052,0.86,0.088,12.95,927142.0
2018-04-23,-0.881,0.052,0.86,0.088,13.0,651994.0
2018-04-24,-0.881,0.052,0.86,0.088,13.05,387732.0
2018-04-25,0.4389,0.127,0.799,0.074,13.0,589266.0
2018-04-26,0.4389,0.127,0.799,0.074,13.25,364974.0
2018-04-27,0.4389,0.127,0.799,0.074,13.15,357846.0
2018-04-30,0.5927,0.091,0.848,0.061,12.9,437060.0
2018-05-01,0.5927,0.091,0.848,0.061,13.15,392786.0
2018-05-02,0.0129,0.08,0.841,0.079,13.3,298914.0
2018-05-03,0.0129,0.08,0.841,0.079,13.35,413086.0
2018-05-04,0.0129,0.08,0.841,0.079,13.2,1310235.0
2018-05-07,0.65375,0.1465,0.81075,0.043,13.25,1420724.0
2018-05-08,0.65375,0.1465,0.81075,0.043,13.45,500205.0
2018-05-09,0.65375,0.1465,0.81075,0.043,13.5,745248.0
2018-05-10,0.7236,0.193,0.748,0.059,13.7,449362.0
2018-05-11,0.6125499999999999,0.0935,0.8514999999999999,0.055,13.75,442864.0
2018-05-14,-0.9188,0.026,0.795,0.179,15.1,10811491.0
2018-05-15,-0.9188,0.026,0.795,0.179,15.45,2874167.0
2018-05-16,-0.9188,0.026,0.795,0.179,15.65,1659193.0
2018-05-17,0.6486,0.133,0.832,0.035,16.65,2462665.0
2018-05-18,0.6486,0.133,0.832,0.035,16.95,1536402.0
2018-05-21,0.6486,0.133,0.832,0.035,17.55,2116995.0
2018-05-22,0.7469,0.085,0.902,0.014,17.35,1118760.0
2018-05-23,0.7469,0.085,0.902,0.014,17.4,1153452.0
2018-05-24,0.15380000000000005,0.19,0.7645,0.0455,17.6,1087307.0
2018-05-25,0.15380000000000005,0.19,0.7645,0.0455,17.6,626870.0
2018-05-29,0.4389,0.127,0.799,0.074,18.0,1198983.0
2018-05-30,0.4389,0.127,0.799,0.074,17.85,706351.0
2018-05-31,0.4144,0.052,0.909,0.039,17.85,418929.0
2018-06-01,0.4144,0.052,0.909,0.039,17.65,591537.0
2018-06-04,-0.5994,0.0,0.937,0.063,17.5,572536.0
2018-06-05,-0.5994,0.0,0.937,0.063,17.5,709344.0
2018-06-06,0.975,0.232,0.663,0.105,17.75,909193.0
2018-06-07,0.975,0.232,0.663,0.105,17.95,704597.0
2018-06-08,0.975,0.232,0.663,0.105,18.1,1213643.0
2018-06-11,0.975,0.232,0.663,0.105,17.55,994438.0
2018-06-12,0.975,0.232,0.663,0.105,17.25,589985.0
2018-06-13,0.975,0.232,0.663,0.105,16.95,786768.0
2018-06-14,0.9326,0.177,0.802,0.022,17.15,545791.0
2018-06-15,0.9326,0.177,0.802,0.022,17.25,1369446.0
2018-06-18,0.9326,0.177,0.802,0.022,18.2,973106.0
2018-06-19,0.9326,0.177,0.802,0.022,18.2,851085.0
2018-06-20,0.9326,0.177,0.802,0.022,18.05,777541.0
2018-06-21,0.9326,0.177,0.802,0.022,17.4,1884204.0
2018-06-22,0.4389,0.127,0.799,0.074,17.95,759704.0
2018-06-25,0.4389,0.127,0.799,0.074,18.05,484374.0
2018-06-26,0.9984,0.097,0.858,0.046,17.95,726846.0
2018-06-27,0.9984,0.097,0.858,0.046,17.75,464961.0
2018-06-28,0.9984,0.097,0.858,0.046,17.55,626046.0
2018-06-29,0.9984,0.097,0.858,0.046,17.85,707560.0
2018-07-02,-0.31525000000000003,0.065,0.862,0.07350000000000001,17.5,399404.0
2018-07-03,-0.31525000000000003,0.065,0.862,0.07350000000000001,17.25,253231.0
2018-07-05,-0.31525000000000003,0.065,0.862,0.07350000000000001,17.3,672345.0
2018-07-06,0.03540000000000002,0.049999999999999996,0.908,0.042,17.2,240483.0
2018-07-09,0.6808,0.06,0.94,0.0,17.15,374052.0
2018-07-10,0.8307,0.268,0.732,0.0,17.3,407031.0
2018-07-11,-0.9682,0.068,0.798,0.134,17.3,324399.0
2018-07-12,-0.9682,0.068,0.798,0.134,17.3,406323.0
2018-07-13,-0.9682,0.068,0.798,0.134,17.3,429117.0
2018-07-16,-0.9682,0.068,0.798,0.134,16.9,339633.0
2018-07-17,-0.9682,0.068,0.798,0.134,16.8,387328.0
2018-07-18,-0.9682,0.068,0.798,0.134,17.15,591236.0
2018-07-19,-0.9682,0.068,0.798,0.134,17.05,385781.0
2018-07-20,-0.9682,0.068,0.798,0.134,16.7,351070.0
2018-07-23,-0.9682,0.068,0.798,0.134,16.25,306209.0
2018-07-24,0.948,0.186,0.779,0.035,16.55,362816.0
2018-07-25,0.948,0.186,0.779,0.035,16.55,508824.0
2018-07-26,0.948,0.186,0.779,0.035,16.45,600462.0
2018-07-27,0.948,0.186,0.779,0.035,16.55,443744.0
2018-07-30,0.4389,0.127,0.799,0.074,16.85,477116.0
2018-07-31,0.4991,0.0585,0.9345,0.007,17.05,479810.0
2018-08-01,0.4991,0.0585,0.9345,0.007,17.5,571034.0
2018-08-02,0.4991,0.0585,0.9345,0.007,17.75,654355.0
2018-08-03,-0.7458,0.127,0.734,0.139,17.6,691802.0
2018-08-06,-0.7458,0.127,0.734,0.139,17.85,531890.0
2018-08-07,-0.7458,0.127,0.734,0.139,20.4,2435718.0
2018-08-08,-0.7458,0.127,0.734,0.139,20.35,1101252.0
2018-08-09,-0.7458,0.127,0.734,0.139,20.25,1302126.0
2018-08-10,-0.7458,0.127,0.734,0.139,21.05,1133737.0
2018-08-13,0.4717,0.089,0.872,0.04,21.35,670889.0
2018-08-14,0.5523,0.26,0.74,0.0,21.625,407339.0
2018-08-15,0.5523,0.26,0.74,0.0,21.75,727577.0
2018-08-16,0.5523,0.26,0.74,0.0,22.4,823056.0
2018-08-17,0.9324,0.15933333333333333,0.8093333333333333,0.03133333333333333,23.1,737771.0
2018-08-20,-0.09034999999999999,0.08,0.841,0.079,24.25,1103761.0
2018-08-21,0.9186,0.221,0.779,0.0,25.05,861632.0
2018-08-22,0.9186,0.221,0.779,0.0,26.0,1063481.0
2018-08-23,0.9186,0.221,0.779,0.0,26.65,823070.0
2018-08-24,0.9186,0.221,0.779,0.0,26.4,867669.0
2018-08-27,0.7446666666666667,0.131,0.858,0.011000000000000001,26.45,653158.0
2018-08-28,0.7446666666666667,0.131,0.858,0.011000000000000001,25.75,846243.0
2018-08-29,0.7446666666666667,0.131,0.858,0.011000000000000001,26.2,596235.0
2018-08-30,0.6472,0.11,0.8445,0.0455,26.35,705230.0
2018-08-31,0.6472,0.11,0.8445,0.0455,26.95,998346.0
2018-09-04,0.5046666666666667,0.07433333333333332,0.8536666666666667,0.072,26.85,1346903.0
2018-09-05,0.5046666666666667,0.07433333333333332,0.8536666666666667,0.072,27.5,1292237.0
2018-09-06,0.15325,0.087,0.8485,0.064,26.05,801131.0
2018-09-07,0.15325,0.087,0.8485,0.064,26.2,597043.0
2018-09-10,0.15325,0.087,0.8485,0.064,26.75,861123.0
2018-09-11,-0.2263,0.055,0.883,0.062,27.1,695801.0
2018-09-12,-0.2263,0.055,0.883,0.062,27.8,1326188.0
2018-09-13,-0.2263,0.055,0.883,0.062,27.75,3696064.0
2018-09-14,-0.2263,0.055,0.883,0.062,27.2,518594.0
2018-09-17,-0.2263,0.055,0.883,0.062,27.25,511509.0
2018-09-18,0.9332,0.112,0.793,0.094,27.6,598895.0
2018-09-19,0.49395,0.121,0.7969999999999999,0.0815,26.75,581773.0
2018-09-20,0.49395,0.121,0.7969999999999999,0.0815,26.15,776994.0
2018-09-21,0.4389,0.129,0.795,0.076,27.3,1610016.0
2018-09-24,0.7506,0.072,0.928,0.0,27.35,680787.0
2018-09-25,0.0,0.0,1.0,0.0,27.2,497263.0
2018-09-26,0.0,0.0,1.0,0.0,27.25,593147.0
2018-09-27,0.0,0.0,1.0,0.0,27.85,603631.0
2018-09-28,0.0,0.0,1.0,0.0,28.8,749843.0
2018-10-01,0.0,0.0,1.0,0.0,27.84,735399.0
2018-10-02,0.0,0.0,1.0,0.0,28.3,670095.0
2018-10-03,0.4389,0.129,0.795,0.076,28.71,825581.0
2018-10-04,0.4389,0.129,0.795,0.076,27.92,932167.0
2018-10-05,0.4389,0.129,0.795,0.076,28.48,413531.0
2018-10-08,0.8934,0.086,0.871,0.043,27.81,745752.0
2018-10-09,0.8934,0.086,0.871,0.043,27.74,609243.0
2018-10-10,0.8934,0.086,0.871,0.043,26.08,622556.0
2018-10-11,0.8934,0.086,0.871,0.043,26.39,1389779.0
2018-10-12,0.8934,0.086,0.871,0.043,26.96,484595.0
2018-10-15,0.06292500000000002,0.08399999999999999,0.8465,0.06949999999999999,28.57,915403.0
2018-10-16,0.06292500000000002,0.08399999999999999,0.8465,0.06949999999999999,29.87,5553043.0
2018-10-17,0.06292500000000002,0.08399999999999999,0.8465,0.06949999999999999,29.98,743786.0
2018-10-18,0.06292500000000002,0.08399999999999999,0.8465,0.06949999999999999,31.14,1136968.0
2018-10-19,0.06292500000000002,0.08399999999999999,0.8465,0.06949999999999999,29.61,1609295.0
2018-10-22,0.69345,0.1525,0.832,0.0155,28.92,682859.0
2018-10-23,0.69345,0.1525,0.832,0.0155,28.91,867013.0
2018-10-24,-0.296,0.201,0.562,0.237,27.5,1179401.0
2018-10-25,-0.296,0.201,0.562,0.237,28.1,964126.0
2018-10-26,-0.296,0.201,0.562,0.237,29.59,893968.0
2018-10-29,-0.296,0.201,0.562,0.237,29.39,739945.0
2018-10-30,-0.296,0.201,0.562,0.237,31.32,625854.0
2018-10-31,0.8749,0.089,0.895,0.015,31.08,857345.0
2018-11-01,0.4641,0.088,0.844,0.068,31.21,866054.0
2018-11-02,0.4641,0.088,0.844,0.068,28.69,829330.0
2018-11-05,0.0,0.0,1.0,0.0,28.32,599085.0
2018-11-06,0.0,0.0,1.0,0.0,28.89,952650.0
2018-11-07,0.0,0.0,1.0,0.0,24.93,1745363.0
2018-11-08,0.0,0.0,1.0,0.0,24.995,628744.0
2018-11-09,0.0,0.0,1.0,0.0,25.71,458996.0
2018-11-12,0.0,0.0,1.0,0.0,25.09,1874383.0
2018-11-13,-0.1279,0.0435,0.847,0.10950000000000001,25.18,596718.0
2018-11-14,-0.1279,0.0435,0.847,0.10950000000000001,26.11,661467.0
2018-11-15,-0.1279,0.0435,0.847,0.10950000000000001,26.27,623218.0
2018-11-16,-0.1279,0.0435,0.847,0.10950000000000001,26.59,789714.0
2018-11-19,-0.1279,0.0435,0.847,0.10950000000000001,26.52,547833.0
2018-11-20,-0.1279,0.0435,0.847,0.10950000000000001,26.27,627993.0
2018-11-21,-0.1279,0.0435,0.847,0.10950000000000001,26.84,444552.0
2018-11-23,-0.1279,0.0435,0.847,0.10950000000000001,25.07,267329.0
2018-11-26,0.9273,0.139,0.85,0.011,25.33,575663.0
2018-11-27,0.9273,0.139,0.85,0.011,27.39,1018223.0
2018-11-28,0.9273,0.139,0.85,0.011,27.87,554159.0
2018-11-29,0.8509,0.10999999999999999,0.849,0.0415,27.51,435480.0
2018-11-30,0.8509,0.10999999999999999,0.849,0.0415,26.95,396088.0
2018-12-03,0.9788,0.108,0.843,0.049,27.19,542833.0
2018-12-04,0.9788,0.108,0.843,0.049,26.68,575216.0
2018-12-06,0.9788,0.108,0.843,0.049,26.97,693412.0
2018-12-07,0.7579,0.157,0.75,0.093,26.2,507364.0
2018-12-10,0.8439,0.194,0.772,0.035,25.84,440639.0
2018-12-11,0.4939,0.113,0.887,0.0,26.26,507893.0
2018-12-12,0.4939,0.113,0.887,0.0,25.84,561312.0
2018-12-13,0.4939,0.113,0.887,0.0,25.62,2161503.0
2018-12-14,-0.5655,0.039,0.905,0.056,24.82,559843.0
2018-12-17,-0.5655,0.039,0.905,0.056,24.19,1027190.0
2018-12-18,-0.5655,0.039,0.905,0.056,24.0,770536.0
2018-12-19,-0.5655,0.039,0.905,0.056,24.86,670822.0
2018-12-20,0.0,0.0,1.0,0.0,23.84,1078296.0
2018-12-21,0.0,0.0,1.0,0.0,23.265,2159006.0
2018-12-24,0.0,0.0,1.0,0.0,23.67,430384.0
2018-12-26,0.4386,0.153,0.847,0.0,25.07,649195.0
2018-12-27,0.7722,0.309,0.691,0.0,25.21,617861.0
2018-12-28,-0.5849,0.058,0.847,0.094,25.33,409168.0
2018-12-31,-0.5859,0.112,0.665,0.222,25.7,344005.0
2019-01-02,0.68,0.237,0.763,0.0,26.01,563496.0
2019-01-03,0.68,0.237,0.763,0.0,25.39,619255.0
2019-01-04,-0.128,0.118,0.745,0.137,26.07,385002.0
2019-01-07,0.0387,0.033,0.936,0.031,26.08,448555.0
2019-01-08,0.0387,0.033,0.936,0.031,26.56,486602.0
2019-01-09,0.09445,0.087,0.8325,0.0805,26.43,929284.0
2019-01-10,0.09445,0.087,0.8325,0.0805,26.4,404200.0
2019-01-11,0.09445,0.087,0.8325,0.0805,26.19,276133.0
2019-01-14,0.4871,0.149,0.851,0.0,26.22,311978.0
2019-01-15,0.4871,0.149,0.851,0.0,26.6,317001.0
2019-01-16,-0.9509,0.049,0.813,0.138,26.89,278274.0
2019-01-17,-0.9509,0.049,0.813,0.138,27.57,464660.0
2019-01-18,-0.9509,0.049,0.813,0.138,27.99,258613.0
2019-01-22,0.8674,0.203,0.698,0.099,27.01,656858.0
2019-01-23,0.8674,0.203,0.698,0.099,26.75,466731.0
2019-01-24,0.8674,0.203,0.698,0.099,26.84,181586.0
2019-01-25,-0.1628,0.131,0.729,0.14,27.27,279237.0
2019-01-28,0.9118,0.201,0.799,0.0,27.14,351133.0
2019-01-29,0.9118,0.201,0.799,0.0,27.49,211767.0
2019-01-30,0.0,0.0,1.0,0.0,28.22,254480.0
2019-01-31,0.1027,0.028,0.972,0.0,28.9,394192.0
2019-02-01,0.6908,0.083,0.895,0.022,28.68,652406.0
2019-02-04,0.9686,0.167,0.765,0.068,28.55,322572.0
2019-02-05,0.9686,0.167,0.765,0.068,28.36,252850.0
2019-02-06,0.9686,0.167,0.765,0.068,28.12,437273.0
2019-02-07,0.42995,0.20350000000000001,0.7965,0.0,27.85,401183.0
2019-02-08,0.42995,0.20350000000000001,0.7965,0.0,26.35,630548.0
2019-02-11,0.55225,0.092,0.908,0.0,26.38,425315.0
2019-02-12,0.55225,0.092,0.908,0.0,26.01,661680.0
2019-02-13,0.55225,0.092,0.908,0.0,26.59,450506.0
2019-02-14,0.55225,0.092,0.908,0.0,26.43,454351.0
2019-02-15,0.55225,0.092,0.908,0.0,26.42,389366.0
2019-02-19,0.0,0.0,1.0,0.0,26.41,414482.0
2019-02-20,0.0,0.0,1.0,0.0,26.47,574903.0
2019-02-21,0.0,0.0,1.0,0.0,26.57,324282.0
2019-02-22,0.0,0.0,1.0,0.0,26.91,439399.0
2019-02-25,0.0,0.0,1.0,0.0,26.51,410427.0
2019-02-26,0.4472666666666667,0.08583333333333333,0.8876666666666666,0.02666666666666667,26.64,467137.0
2019-02-27,0.6667799999999999,0.066,0.9134,0.0206,26.89,271675.0
2019-02-28,0.6667799999999999,0.066,0.9134,0.0206,26.57,567508.0
2019-03-01,0.85,0.046,0.938,0.015,26.47,448873.0
2019-03-04,0.9578,0.144,0.831,0.025,26.83,482684.0
2019-03-05,0.9578,0.144,0.831,0.025,26.78,634124.0
2019-03-06,0.9578,0.144,0.831,0.025,24.0,1161447.0
2019-03-07,0.38199999999999995,0.14333333333333334,0.7856666666666667,0.07100000000000001,23.49,657378.0
2019-03-08,0.38199999999999995,0.14333333333333334,0.7856666666666667,0.07100000000000001,23.09,776268.0
2019-03-11,-0.9985,0.023,0.844,0.133,23.25,997990.0
2019-03-12,-0.9985,0.023,0.844,0.133,23.58,527898.0
2019-03-13,0.3612,0.152,0.736,0.112,24.18,679065.0
2019-03-14,0.3612,0.152,0.736,0.112,23.93,603297.0
2019-03-15,0.3612,0.152,0.736,0.112,23.24,1591614.0
2019-03-18,0.8588,0.089,0.911,0.0,23.39,790300.0
2019-03-19,0.8588,0.089,0.911,0.0,22.74,518807.0
2019-03-20,0.8588,0.089,0.911,0.0,22.48,491882.0
2019-03-21,0.8588,0.089,0.911,0.0,22.67,565790.0
2019-03-22,0.8588,0.089,0.911,0.0,22.38,484056.0
2019-03-25,0.3612,0.216,0.636,0.148,22.32,558303.0
2019-03-26,0.3612,0.216,0.636,0.148,22.72,531647.0
2019-03-27,0.9081,0.07,0.885,0.045,22.91,459231.0
2019-03-28,0.1927,0.094,0.827,0.079,22.52,551657.0
2019-03-29,0.0,0.0,1.0,0.0,21.96,847662.0
2019-04-01,0.0,0.0,1.0,0.0,21.93,643800.0
2019-04-02,-0.1967,0.017,0.957,0.027,21.81,583586.0
2019-04-03,-0.1967,0.017,0.957,0.027,21.98,454438.0
2019-04-04,-0.1967,0.017,0.957,0.027,22.5,423467.0
2019-04-05,0.9867,0.092,0.842,0.067,23.27,837973.0
2019-04-08,0.37965000000000004,0.1135,0.794,0.0925,22.72,490720.0
2019-04-09,0.37965000000000004,0.1135,0.794,0.0925,22.69,385574.0
2019-04-10,0.37965000000000004,0.1135,0.794,0.0925,23.45,505926.0
2019-04-11,0.37965000000000004,0.1135,0.794,0.0925,23.14,431739.0
2019-04-12,0.37965000000000004,0.1135,0.794,0.0925,23.33,348207.0
2019-04-15,0.9775,0.145,0.843,0.012,23.16,296733.0
2019-04-16,0.9775,0.145,0.843,0.012,23.22,313045.0
2019-04-17,0.9775,0.145,0.843,0.012,23.02,499157.0
2019-04-18,0.9775,0.145,0.843,0.012,23.06,270211.0
2019-04-22,0.1806,0.0765,0.875,0.0485,23.66,372520.0
2019-04-23,0.4199,0.083,0.867,0.051,23.17,356418.0
2019-04-24,0.4199,0.083,0.867,0.051,23.15,497088.0
2019-04-25,0.4199,0.083,0.867,0.051,23.29,429820.0
2019-04-26,0.4199,0.083,0.867,0.051,23.67,282896.0
2019-04-29,0.4588,0.05,0.95,0.0,24.11,341588.0
2019-04-30,0.4588,0.05,0.95,0.0,24.12,615736.0
2019-05-01,0.8979,0.188,0.76,0.052,23.46,848268.0
2019-05-02,0.33975,0.0845,0.8775,0.038,22.52,870532.0
2019-05-03,0.33975,0.0845,0.8775,0.038,17.88,2420851.0
2019-05-06,0.33975,0.0845,0.8775,0.038,17.48,2089983.0
2019-05-07,-0.296,0.0,0.971,0.029,16.91,1089090.0
2019-05-08,-0.296,0.0,0.971,0.029,16.88,1389890.0
2019-05-09,0.1406,0.115,0.793,0.092,16.97,1174138.0
2019-05-10,0.9408,0.195,0.704,0.101,16.96,642466.0
2019-05-13,0.9974,0.112,0.824,0.063,16.69,1103363.0
2019-05-14,0.9974,0.112,0.824,0.063,16.69,1843073.0
2019-05-15,0.9974,0.112,0.824,0.063,16.67,1107602.0
2019-05-16,-0.5106,0.0,0.752,0.248,16.72,793189.0
2019-05-17,-0.5106,0.0,0.752,0.248,16.34,831016.0
2019-05-20,-0.08355000000000001,0.078,0.8554999999999999,0.0665,16.37,676401.0
2019-05-21,-0.08355000000000001,0.078,0.8554999999999999,0.0665,16.24,762991.0
2019-05-22,0.027700000000000002,0.10899999999999999,0.8029999999999999,0.088,16.05,888090.0
2019-05-23,0.027700000000000002,0.10899999999999999,0.8029999999999999,0.088,15.92,1134434.0
2019-05-24,0.027700000000000002,0.10899999999999999,0.8029999999999999,0.088,16.01,594330.0
2019-05-28,0.027700000000000002,0.10899999999999999,0.8029999999999999,0.088,16.0,1023362.0
2019-05-29,0.027700000000000002,0.10899999999999999,0.8029999999999999,0.088,15.84,597916.0
2019-05-30,0.027700000000000002,0.10899999999999999,0.8029999999999999,0.088,15.58,683718.0
2019-05-31,0.0,0.0,1.0,0.0,15.64,737322.0
2019-06-03,0.0,0.0,1.0,0.0,15.35,610451.0
2019-06-04,0.2307,0.045,0.909,0.046,15.1,700841.0
2019-06-05,0.0,0.0,1.0,0.0,14.38,643302.0
2019-06-06,0.0,0.0,1.0,0.0,14.09,871846.0
2019-06-07,0.0,0.0,1.0,0.0,14.35,608092.0
2019-06-10,0.2732,0.078,0.878,0.044,14.05,618526.0
2019-06-11,0.2732,0.078,0.878,0.044,13.99,510586.0
2019-06-12,-0.3747,0.023,0.923,0.054,13.54,437596.0
2019-06-13,-0.3747,0.023,0.923,0.054,14.01,589341.0
2019-06-14,-0.3747,0.023,0.923,0.054,14.07,598736.0
2019-06-17,0.8072,0.163,0.725,0.112,14.31,465835.0
2019-06-18,0.8072,0.163,0.725,0.112,15.21,1323815.0
2019-06-19,0.2958,0.14450000000000002,0.8089999999999999,0.0465,16.07,1277841.0
2019-06-20,0.2958,0.14450000000000002,0.8089999999999999,0.0465,16.16,723998.0
2019-06-21,0.2958,0.14450000000000002,0.8089999999999999,0.0465,16.43,1250445.0
2019-06-24,0.59558,0.16360000000000002,0.7476,0.0884,16.21,1217849.0
2019-06-25,0.59558,0.16360000000000002,0.7476,0.0884,15.82,651572.0
2019-06-26,0.59558,0.16360000000000002,0.7476,0.0884,15.97,711963.0
2019-06-27,0.59558,0.16360000000000002,0.7476,0.0884,16.14,554544.0
2019-06-28,0.59558,0.16360000000000002,0.7476,0.0884,15.86,1605219.0
2019-07-01,0.4389,0.129,0.795,0.076,16.13,730325.0
2019-07-02,0.4389,0.129,0.795,0.076,15.77,604218.0
2019-07-03,0.4389,0.129,0.795,0.076,15.74,350337.0
2019-07-05,0.8834,0.058,0.935,0.007,15.83,298657.0
2019-07-08,0.9408,0.146,0.766,0.088,15.95,550222.0
2019-07-09,0.9408,0.146,0.766,0.088,15.87,381227.0
2019-07-10,0.9408,0.146,0.766,0.088,15.56,584574.0
2019-07-11,0.9408,0.146,0.766,0.088,15.61,521071.0
2019-07-12,0.4389,0.129,0.795,0.076,15.6,432038.0
2019-07-15,0.802,0.064,0.936,0.0,15.43,443180.0
2019-07-16,0.802,0.064,0.936,0.0,15.35,350212.0
2019-07-17,0.802,0.064,0.936,0.0,15.24,332118.0
2019-07-18,0.802,0.064,0.936,0.0,15.34,513697.0
2019-07-19,0.802,0.064,0.936,0.0,15.55,585997.0
2019-07-22,0.8055,0.147,0.853,0.0,15.11,637770.0
2019-07-23,0.8055,0.147,0.853,0.0,15.29,435190.0
2019-07-24,0.8055,0.147,0.853,0.0,14.55,720310.0
2019-07-25,0.8055,0.147,0.853,0.0,13.34,1014322.0
2019-07-26,0.1779,0.06,0.911,0.029,13.87,540587.0
2019-07-29,0.4974,0.08266666666666667,0.9063333333333333,0.011000000000000001,13.85,335132.0
2019-07-30,0.4019,0.197,0.803,0.0,13.76,495014.0
2019-07-31,0.4019,0.197,0.803,0.0,13.59,389026.0
2019-08-01,0.4019,0.197,0.803,0.0,13.61,459724.0
2019-08-02,0.4019,0.197,0.803,0.0,13.22,289492.0
2019-08-05,0.6183,0.097,0.857,0.045,12.69,697878.0
2019-08-06,0.6183,0.097,0.857,0.045,12.63,723455.0
2019-08-07,0.7783,0.211,0.789,0.0,11.915,2101137.0
2019-08-08,0.7783,0.211,0.789,0.0,12.72,1164262.0
2019-08-09,0.4389,0.129,0.795,0.076,12.85,793194.0
2019-08-12,0.18636666666666665,0.06933333333333334,0.8936666666666667,0.037333333333333336,12.26,980409.0
2019-08-13,0.18636666666666665,0.06933333333333334,0.8936666666666667,0.037333333333333336,12.3,534641.0
2019-08-14,0.5657,0.1335,0.7845,0.08249999999999999,11.35,1401192.0
2019-08-15,0.9871,0.151,0.787,0.062,10.95,860596.0
2019-08-16,0.9871,0.151,0.787,0.062,10.77,877096.0
2019-08-19,0.5256,0.108,0.892,0.0,10.93,841003.0
2019-08-20,-0.7406,0.017,0.932,0.051,10.71,857350.0
2019-08-21,-0.7406,0.017,0.932,0.051,10.83,820586.0
2019-08-22,-0.7406,0.017,0.932,0.051,11.03,1159801.0
2019-08-23,0.0,0.0,1.0,0.0,11.62,1417447.0
2019-08-26,0.8201,0.269,0.626,0.106,11.51,1109410.0
2019-08-27,0.8201,0.269,0.626,0.106,11.12,738364.0
2019-08-28,0.1471333333333333,0.11133333333333333,0.794,0.09500000000000001,11.53,772632.0
2019-08-29,0.1471333333333333,0.11133333333333333,0.794,0.09500000000000001,12.0,812888.0
2019-08-30,0.1471333333333333,0.11133333333333333,0.794,0.09500000000000001,12.17,555613.0
2019-09-03,0.1471333333333333,0.11133333333333333,0.794,0.09500000000000001,12.0,777445.0
2019-09-04,0.1471333333333333,0.11133333333333333,0.794,0.09500000000000001,12.5,672138.0
2019-09-05,0.1471333333333333,0.11133333333333333,0.794,0.09500000000000001,13.47,1666713.0
2019-09-06,0.8625,0.117,0.857,0.026,14.08,1606737.0
2019-09-09,-0.6124,0.071,0.735,0.194,14.64,1160982.0
2019-09-10,-0.6124,0.071,0.735,0.194,15.07,1300456.0
2019-09-11,0.8554,0.093,0.827,0.08,15.25,1082242.0
2019-09-12,0.8554,0.093,0.827,0.08,15.335,1079946.0
2019-09-13,0.8554,0.093,0.827,0.08,15.89,1280243.0
2019-09-16,-0.9989,0.065,0.64,0.295,15.77,1368457.0
2019-09-17,-0.9989,0.065,0.64,0.295,15.03,1034037.0
2019-09-18,0.1779,0.044,0.956,0.0,14.7,671821.0
2019-09-19,0.3804,0.041,0.937,0.022,14.88,764658.0
2019-09-20,0.3804,0.041,0.937,0.022,14.98,1799861.0
2019-09-23,0.875,0.199,0.748,0.053,14.79,517652.0
2019-09-24,0.875,0.199,0.748,0.053,13.91,584675.0
2019-09-25,0.875,0.199,0.748,0.053,14.1,738347.0
2019-09-26,0.875,0.199,0.748,0.053,14.01,635723.0
2019-09-27,0.875,0.199,0.748,0.053,14.51,715573.0
2019-09-30,0.875,0.199,0.748,0.053,15.005,811263.0
2019-10-01,0.875,0.199,0.748,0.053,14.34,917481.0
2019-10-02,0.0516,0.169,0.718,0.113,14.37,681044.0
2019-10-03,0.4389,0.129,0.795,0.076,14.72,641212.0
2019-10-04,0.4389,0.129,0.795,0.076,15.09,547966.0
2019-10-07,0.9878,0.194,0.774,0.032,15.18,730096.0
2019-10-08,0.9878,0.194,0.774,0.032,15.46,1347365.0
2019-10-09,0.9878,0.194,0.774,0.032,15.42,517879.0
2019-10-10,0.851,0.113,0.841,0.046,15.69,439755.0
2019-10-11,-0.84405,0.0435,0.679,0.277,15.61,443795.0
2019-10-14,0.6124,0.096,0.875,0.03,15.765,415836.0
2019-10-15,-0.5423,0.0,0.919,0.081,15.62,1167723.0
2019-10-16,0.4389,0.129,0.795,0.076,14.75,732419.0
2019-10-17,0.4389,0.129,0.795,0.076,15.15,478124.0
2019-10-18,0.4389,0.129,0.795,0.076,15.15,515211.0
2019-10-21,0.0738,0.0595,0.872,0.068,15.1,607496.0
2019-10-22,0.1139,0.1,0.9,0.0,15.24,498599.0
2019-10-23,0.34,0.124,0.876,0.0,15.39,404278.0
2019-10-24,0.34,0.124,0.876,0.0,15.68,439345.0
2019-10-25,0.8885,0.228,0.772,0.0,16.2,554093.0
2019-10-28,0.8885,0.228,0.772,0.0,16.15,438297.0
2019-10-29,0.8885,0.228,0.772,0.0,16.69,443235.0
2019-10-30,-0.5994,0.0,0.9,0.1,16.4,575995.0
2019-10-31,-0.5994,0.0,0.9,0.1,16.34,428395.0
2019-11-01,-0.5809,0.0,0.874,0.126,16.57,632700.0
2019-11-04,-0.5809,0.0,0.874,0.126,16.67,806222.0
2019-11-05,-0.010799999999999976,0.1205,0.8009999999999999,0.0785,17.19,730623.0
2019-11-06,-0.010799999999999976,0.1205,0.8009999999999999,0.0785,17.29,1087631.0
2019-11-07,0.8164,0.119,0.881,0.0,16.995,1015034.0
2019-11-08,0.8164,0.119,0.881,0.0,17.02,449102.0
2019-11-11,0.0,0.0,1.0,0.0,17.46,380558.0
2019-11-12,0.0,0.0,1.0,0.0,17.4,462764.0
2019-11-13,0.0,0.0,1.0,0.0,17.335,486282.0
2019-11-14,0.0,0.0,1.0,0.0,16.82,619947.0
2019-11-15,0.0,0.0,1.0,0.0,17.27,455741.0
2019-11-18,0.6705,0.135,0.813,0.052,17.16,375996.0
2019-11-19,0.6705,0.135,0.813,0.052,17.095,522182.0
2019-11-20,0.6161,0.08166666666666667,0.8916666666666666,0.02633333333333333,16.88,590934.0
2019-11-21,0.6161,0.08166666666666667,0.8916666666666666,0.02633333333333333,17.13,543783.0
2019-11-22,0.6161,0.08166666666666667,0.8916666666666666,0.02633333333333333,16.79,296345.0
2019-11-25,0.7613,0.105,0.878,0.017,17.195,532715.0
2019-11-26,0.7613,0.105,0.878,0.017,16.92,836014.0
2019-11-27,0.7613,0.105,0.878,0.017,17.3,457714.0
2019-11-29,0.7613,0.105,0.878,0.017,17.06,200707.0
2019-12-02,0.7613,0.105,0.878,0.017,17.255,594511.0
2019-12-03,0.07020000000000004,0.145,0.7503333333333334,0.10433333333333333,18.17,1096971.0
2019-12-04,0.07020000000000004,0.145,0.7503333333333334,0.10433333333333333,18.86,1281751.0
2019-12-05,0.07020000000000004,0.145,0.7503333333333334,0.10433333333333333,17.71,537686.0
2019-12-06,0.07020000000000004,0.145,0.7503333333333334,0.10433333333333333,18.99,806203.0
2019-12-09,0.07020000000000004,0.145,0.7503333333333334,0.10433333333333333,18.18,595486.0
2019-12-10,0.07020000000000004,0.145,0.7503333333333334,0.10433333333333333,17.87,694076.0
2019-12-11,0.07020000000000004,0.145,0.7503333333333334,0.10433333333333333,17.49,722153.0
2019-12-12,0.07020000000000004,0.145,0.7503333333333334,0.10433333333333333,18.32,735750.0
2019-12-13,0.07020000000000004,0.145,0.7503333333333334,0.10433333333333333,17.8,1489588.0
2019-12-16,0.1307,0.1475,0.821,0.031,19.76,2161024.0
2019-12-17,0.1307,0.1475,0.821,0.031,25.08,5241307.0
2019-12-18,0.1307,0.1475,0.821,0.031,25.08,1414091.0
2019-12-19,0.1307,0.1475,0.821,0.031,25.39,1136607.0
2019-12-20,0.1307,0.1475,0.821,0.031,24.95,3037696.0
2019-12-23,0.1307,0.1475,0.821,0.031,26.58,786370.0
2019-12-24,0.1307,0.1475,0.821,0.031,27.06,576393.0
2019-12-26,0.0,0.0,1.0,0.0,27.5,594327.0
2019-12-27,0.0,0.0,1.0,0.0,27.22,824115.0
2019-12-30,-0.7906,0.073,0.784,0.143,26.755,967215.0
2019-12-31,0.4484333333333333,0.102,0.8823333333333334,0.015333333333333332,26.95,818061.0
2020-01-02,0.4484333333333333,0.102,0.8823333333333334,0.015333333333333332,27.89,781052.0
2020-01-03,0.6436000000000001,0.1555,0.8334999999999999,0.011,28.815,1405130.0
2020-01-06,-0.09015000000000001,0.13575,0.7125,0.15175,28.39,716793.0
2020-01-07,-0.5849,0.0,0.898,0.102,26.44,1378862.0
2020-01-08,0.9348,0.14,0.818,0.042,25.19,1213351.0
2020-01-09,0.6113000000000001,0.13266666666666668,0.8346666666666667,0.03266666666666667,25.31,684355.0
2020-01-10,0.0,0.0,1.0,0.0,25.28,537292.0
2020-01-13,0.3612,0.111,0.889,0.0,25.31,939779.0
2020-01-14,0.03710000000000002,0.043,0.901,0.056,26.36,801974.0
2020-01-15,0.03710000000000002,0.043,0.901,0.056,26.2,510318.0
2020-01-16,0.03710000000000002,0.043,0.901,0.056,26.43,391912.0
2020-01-17,0.03710000000000002,0.043,0.901,0.056,25.395,620334.0
2020-01-21,0.03710000000000002,0.043,0.901,0.056,25.52,616760.0
2020-01-22,0.5106,0.091,0.909,0.0,25.59,373376.0
2020-01-23,0.5106,0.091,0.909,0.0,26.495,538930.0
2020-01-24,0.5106,0.091,0.909,0.0,25.99,565249.0
2020-01-27,0.5106,0.091,0.909,0.0,25.67,693237.0
2020-01-28,0.5106,0.091,0.909,0.0,26.14,463783.0
2020-01-29,0.5106,0.091,0.909,0.0,25.98,385194.0
2020-01-30,0.8074,0.11,0.863,0.027,26.0,561257.0
2020-01-31,0.8074,0.11,0.863,0.027,26.28,589217.0
2020-02-03,-0.6892,0.0,0.836,0.164,26.52,920598.0
2020-02-04,-0.6892,0.0,0.836,0.164,27.34,703577.0
2020-02-05,-0.6892,0.0,0.836,0.164,27.89,675819.0
2020-02-06,-0.6892,0.0,0.836,0.164,28.14,559005.0
2020-02-07,-0.6892,0.0,0.836,0.164,26.85,429476.0
2020-02-10,-0.3552,0.033,0.88,0.0875,27.48,332699.0
2020-02-11,-0.3552,0.033,0.88,0.0875,27.56,466255.0
2020-02-12,-0.3552,0.033,0.88,0.0875,27.76,472212.0
2020-02-13,-0.3552,0.033,0.88,0.0875,28.39,844548.0
2020-02-14,0.5499,0.069,0.931,0.0,29.09,606471.0
2020-02-18,0.0,0.0,1.0,0.0,29.4,575547.0
2020-02-19,0.0,0.0,1.0,0.0,30.62,1040340.0
2020-02-20,0.4599,0.087,0.85,0.063,30.86,624822.0
2020-02-21,0.1695,0.048,0.952,0.0,30.25,508972.0
2020-02-24,0.18764999999999998,0.08,0.8165,0.103,29.07,581899.0
2020-02-25,-0.6542,0.011,0.92,0.069,27.6,708009.0
2020-02-26,-0.6542,0.011,0.92,0.069,27.84,692757.0
2020-02-27,-0.6542,0.011,0.92,0.069,25.89,1017916.0
2020-02-28,-0.26485,0.0905,0.8305,0.0785,26.45,838888.0
2020-03-02,-0.76905,0.0105,0.8685,0.121,27.0,560272.0
2020-03-03,-0.76905,0.0105,0.8685,0.121,26.06,510931.0
2020-03-04,-0.76905,0.0105,0.8685,0.121,27.48,622041.0
2020-03-05,-0.09866666666666667,0.0,0.9833333333333334,0.016666666666666666,27.15,946542.0
2020-03-06,-0.09866666666666667,0.0,0.9833333333333334,0.016666666666666666,26.99,1554837.0
2020-03-09,0.39546666666666663,0.106,0.878,0.016,23.36,1892954.0
2020-03-10,0.39546666666666663,0.106,0.878,0.016,23.85,1342771.0
2020-03-11,0.0,0.0,1.0,0.0,20.88,1360939.0
2020-03-12,-0.32985,0.012,0.9535,0.0345,19.41,1490315.0
2020-03-13,-0.32985,0.012,0.9535,0.0345,28.5,1170400.0
2020-03-16,-0.3167,0.099,0.8,0.101,20.92,1683743.0
2020-03-17,-0.3167,0.099,0.8,0.101,18.97,1225040.0
2020-03-18,0.0,0.0,1.0,0.0,17.16,1056761.0
2020-03-19,0.0,0.0,1.0,0.0,19.06,1047497.0
2020-03-20,0.3919,0.049,0.926,0.024,19.76,1130789.0
2020-03-23,-0.79225,0.028499999999999998,0.84475,0.12675,18.83,730919.0
2020-03-24,0.49060000000000004,0.119,0.852,0.029,20.9,947548.0
2020-03-25,0.49060000000000004,0.119,0.852,0.029,20.06,1166319.0
2020-03-26,-0.4295333333333333,0.04,0.85,0.10966666666666668,19.6,1103911.0
2020-03-27,-0.5134,0.04833333333333334,0.8006666666666667,0.151,18.28,770803.0
2020-03-30,-0.326,0.09,0.816,0.094,18.7,805543.0
2020-03-31,-0.326,0.09,0.816,0.094,20.53,853650.0
2020-04-01,0.0,0.0,1.0,0.0,18.99,720932.0
2020-04-02,0.9753000000000001,0.16699999999999998,0.8069999999999999,0.026,19.42,800022.0
2020-04-03,0.39762000000000003,0.078,0.8934,0.028599999999999997,19.91,567271.0
2020-04-06,0.0,0.0,1.0,0.0,21.61,675996.0
2020-04-07,0.26015,0.07733333333333332,0.835,0.08750000000000001,22.7,724347.0
2020-04-08,-0.9788,0.04,0.838,0.123,23.5,975798.0
2020-04-09,-0.8573500000000001,0.0125,0.8300000000000001,0.158,23.44,633754.0
2020-04-13,0.7269,0.236,0.764,0.0,23.65,910100.0
2020-04-14,-0.3818,0.0,0.924,0.076,22.78,648981.0
2020-04-15,-0.3818,0.0,0.924,0.076,21.28,712382.0
2020-04-16,0.7003,0.537,0.463,0.0,20.93,498417.0
2020-04-17,0.128,0.14,0.713,0.147,22.46,744974.0
2020-04-20,0.244,0.102,0.8140000000000001,0.084,22.4,738379.0
2020-04-21,0.1045,0.067,0.87,0.063,21.28,548750.0
2020-04-22,-0.6203,0.066,0.779,0.154,22.03,478656.0
2020-04-23,-0.7449,0.061,0.868,0.072,23.26,399916.0
2020-04-24,-0.7449,0.061,0.868,0.072,23.74,363668.0
2020-04-27,0.9742,0.179,0.784,0.037,24.49,355288.0
2020-04-28,0.9742,0.179,0.784,0.037,24.46,432696.0
2020-04-29,0.0,0.0,1.0,0.0,24.98,604567.0
2020-04-30,-0.4019,0.0,0.856,0.144,24.81,836355.0
2020-05-01,-0.3182,0.085,0.751,0.164,23.06,889601.0
2020-05-04,0.8082,0.114,0.866,0.019,24.57,769876.0
2020-05-05,0.8082,0.114,0.866,0.019,24.24,599192.0
2020-05-06,0.61995,0.0875,0.9125,0.0,23.5,482536.0
2020-05-07,-0.9798,0.038,0.871,0.092,24.19,586792.0
2020-05-08,-0.9798,0.038,0.871,0.092,24.6,581980.0
2020-05-11,0.26025000000000004,0.093,0.8185,0.0885,25.16,568145.0
2020-05-12,0.9256,0.109,0.799,0.092,25.78,636826.0
2020-05-13,0.04454999999999998,0.059,0.8225,0.119,22.92,804112.0
2020-05-14,0.4762666666666666,0.057,0.911,0.032,23.15,651205.0
2020-05-15,0.12505,0.0825,0.7789999999999999,0.1385,24.02,352165.0
2020-05-18,0.6265000000000001,0.2565,0.7435,0.0,25.78,687065.0
2020-05-19,0.6265000000000001,0.2565,0.7435,0.0,26.32,571243.0
2020-05-20,0.6265000000000001,0.2565,0.7435,0.0,26.16,468794.0
2020-05-21,-0.1518,0.0425,0.8895,0.068,27.19,690897.0
2020-05-22,0.8885,0.247,0.753,0.0,26.81,359666.0
2020-05-26,-0.07965999999999998,0.1044,0.8151999999999999,0.0804,27.15,509645.0
2020-05-27,-0.07965999999999998,0.1044,0.8151999999999999,0.0804,29.1,540259.0
2020-05-28,0.7357,0.158,0.8225,0.0195,28.04,674547.0
2020-05-29,0.35715,0.085,0.915,0.0,28.45,587830.0
2020-06-01,0.061850000000000016,0.0965,0.8049999999999999,0.099,28.02,434927.0
2020-06-02,0.061850000000000016,0.0965,0.8049999999999999,0.099,29.72,584014.0
2020-06-03,0.18335,0.07200000000000001,0.8675,0.0605,29.04,872081.0
2020-06-04,-0.0338,0.09825,0.782,0.1195,29.57,493670.0
2020-06-05,-0.8316,0.0,0.818,0.182,31.845,924608.0
2020-06-08,-0.035050000000000026,0.0885,0.7949999999999999,0.11649999999999999,32.41,820835.0
2020-06-09,-0.035050000000000026,0.0885,0.7949999999999999,0.11649999999999999,32.58,542890.0
2020-06-10,0.8658,0.192,0.808,0.0,31.28,752042.0
2020-06-11,0.8658,0.192,0.808,0.0,27.04,689406.0
2020-06-12,-0.6956,0.0,0.867,0.133,27.395,520219.0
2020-06-15,0.15194999999999997,0.075,0.8355,0.0895,27.91,571996.0
2020-06-16,0.8899,0.132,0.831,0.036,28.33,487444.0
2020-06-17,0.3612,0.072,0.928,0.0,27.63,602221.0
2020-06-18,0.7443,0.22,0.7515000000000001,0.028,28.41,387860.0
2020-06-19,0.7443,0.22,0.7515000000000001,0.028,28.23,1267050.0
2020-06-22,-0.5423,0.0,0.94,0.06,28.05,445575.0
2020-06-23,0.4364,0.291,0.709,0.0,28.58,370960.0
2020-06-24,0.4364,0.291,0.709,0.0,22.73,3191961.0
2020-06-25,0.8911,0.463,0.469,0.069,23.04,1803474.0
2020-06-26,0.7125,0.089,0.851,0.06,22.31,1144364.0
2020-06-29,0.7783,0.064,0.912,0.025,24.25,983393.0
2020-06-30,-0.06686666666666667,0.005333333333333333,0.9863333333333334,0.008333333333333333,24.78,807158.0
2020-07-01,-0.06686666666666667,0.005333333333333333,0.9863333333333334,0.008333333333333333,23.92,608156.0
2020-07-02,0.836,0.447,0.553,0.0,23.74,430710.0
2020-07-06,0.49745999999999996,0.13240000000000002,0.7932,0.0746,24.02,513290.0
2020-07-07,0.49745999999999996,0.13240000000000002,0.7932,0.0746,23.525,436255.0
2020-07-08,0.49745999999999996,0.13240000000000002,0.7932,0.0746,24.74,568506.0
2020-07-09,0.49745999999999996,0.13240000000000002,0.7932,0.0746,23.74,497865.0
2020-07-10,0.11475000000000002,0.133,0.7464999999999999,0.12,23.38,481309.0
2020-07-13,0.0,0.0,1.0,0.0,22.86,604231.0
2020-07-14,0.28405,0.1015,0.8205,0.078,23.32,320029.0
2020-07-15,0.8808,0.108,0.857,0.035,24.79,466428.0
2020-07-16,0.10716999999999999,0.0444,0.9160999999999999,0.0395,25.1,421372.0
2020-07-17,-0.9113,0.048,0.719,0.233,25.55,584664.0
2020-07-20,-0.8995,0.074,0.777,0.149,25.665,518103.0
2020-07-21,-0.8995,0.074,0.777,0.149,26.03,343752.0
2020-07-22,-0.8995,0.074,0.777,0.149,26.32,466656.0
2020-07-23,0.8524,0.10250000000000001,0.882,0.0155,26.79,628589.0
2020-07-24,0.14790000000000003,0.10250000000000001,0.8140000000000001,0.08349999999999999,27.21,306457.0
2020-07-27,0.91,0.132,0.868,0.0,27.74,408165.0
2020-07-28,0.91,0.132,0.868,0.0,27.35,260788.0
2020-07-29,0.5118,0.084,0.827,0.09,28.33,299885.0
2020-07-30,0.5068,0.0805,0.891,0.028,28.12,325040.0
2020-07-31,0.1012,0.08,0.843,0.077,27.58,402696.0
2020-08-03,0.6124,0.087,0.884,0.028,28.43,422950.0
2020-08-04,0.025033333333333352,0.14266666666666666,0.7680000000000001,0.08933333333333333,28.68,502869.0
2020-08-05,0.0,0.0,1.0,0.0,31.02,984643.0
2020-08-06,0.87615,0.10650000000000001,0.871,0.0225,32.48,869374.0
2020-08-07,0.7524,0.2115,0.75925,0.029,34.85,829026.0
2020-08-10,0.0,0.0,1.0,0.0,37.61,1307945.0
2020-08-11,0.09645000000000001,0.08549999999999999,0.8815,0.033,37.61,1094786.0
2020-08-12,-0.3818,0.0,0.932,0.068,38.74,778526.0
2020-08-13,-0.3818,0.0,0.932,0.068,39.5,1170368.0
2020-08-14,-0.8301,0.093,0.751,0.156,39.65,788350.0
2020-08-17,0.39043333333333335,0.163,0.7776666666666667,0.059,39.68,684791.0
2020-08-18,0.17373333333333332,0.141,0.7789999999999999,0.08,37.83,923420.0
2020-08-19,0.17373333333333332,0.141,0.7789999999999999,0.08,37.67,664230.0
2020-08-20,0.028220000000000002,0.1232,0.7698,0.1068,37.67,493405.0
2020-08-21,0.028220000000000002,0.1232,0.7698,0.1068,36.55,721810.0
2020-08-24,0.7719,0.132,0.79,0.078,38.29,812523.0
2020-08-25,-0.439,0.052,0.874,0.073,38.085,443914.0
2020-08-26,-0.439,0.052,0.874,0.073,36.72,635458.0
2020-08-27,-0.439,0.052,0.874,0.073,35.95,593165.0
2020-08-28,0.7624333333333334,0.15833333333333333,0.794,0.04766666666666667,35.53,471045.0
2020-08-31,0.466,0.069,0.907,0.024,33.43,1442553.0
2020-09-01,0.6785,0.0945,0.869,0.037,38.62,1572449.0
2020-09-02,0.0,0.0,1.0,0.0,38.6,948639.0
2020-09-03,0.7462500000000001,0.09899999999999999,0.8525,0.0475,37.85,753489.0
2020-09-04,-0.12032500000000002,0.08474999999999999,0.82675,0.08837500000000001,39.35,867317.0
2020-09-08,0.7574,0.123,0.855,0.023,38.36,956600.0
2020-09-09,0.7391,0.252,0.671,0.077,42.96,1598332.0
2020-09-10,0.7391,0.252,0.671,0.077,41.56,1097834.0
2020-09-11,0.7391,0.252,0.671,0.077,41.25,522782.0
2020-09-14,0.7391,0.252,0.671,0.077,43.4,802938.0
2020-09-15,0.39735,0.11925000000000001,0.8325,0.04825,45.29,1021812.0
2020-09-16,-0.015633333333333332,0.07233333333333333,0.868,0.059,47.06,1207429.0
2020-09-17,-0.015633333333333332,0.07233333333333333,0.868,0.059,47.37,874259.0
2020-09-18,-0.015633333333333332,0.07233333333333333,0.868,0.059,48.8,1636987.0
2020-09-21,-0.8472500000000001,0.069,0.7044999999999999,0.22649999999999998,46.88,1311281.0
2020-09-22,-0.8472500000000001,0.069,0.7044999999999999,0.22649999999999998,47.46,788032.0
2020-09-23,0.296,0.079,0.864,0.057,45.79,994397.0
2020-09-24,0.98755,0.146,0.8089999999999999,0.045,46.44,632506.0
2020-09-25,-0.012550000000000006,0.048,0.8565,0.096,45.15,785621.0
2020-09-28,0.0,0.0,1.0,0.0,46.83,961308.0
2020-09-29,0.0,0.0,1.0,0.0,50.02,1848086.0
2020-09-30,0.7138,0.097,0.856,0.048,53.42,2075824.0
2020-10-01,0.7138,0.097,0.856,0.048,53.93,1014362.0
2020-10-02,0.367625,0.14225,0.748,0.11,55.7,1198838.0
2020-10-05,-0.8833,0.092,0.76,0.148,57.08,1205617.0
2020-10-06,0.42055,0.07925,0.88825,0.0325,56.41,1319405.0
2020-10-07,0.7195,0.181,0.785,0.034,59.73,1626121.0
2020-10-08,0.0,0.0,1.0,0.0,60.16,1339394.0
2020-10-09,0.0,0.0,1.0,0.0,63.27,1152447.0
2020-10-12,-0.8971,0.13,0.708,0.161,63.13,1646672.0
2020-10-13,-0.2954333333333333,0.058666666666666666,0.8556666666666667,0.08566666666666667,58.29,1690559.0
2020-10-14,-0.3818,0.054,0.861,0.085,56.49,1197104.0
2020-10-15,0.015550000000000008,0.132,0.7915,0.077,56.94,1204166.0
2020-10-16,-0.5803,0.026,0.925,0.049,55.87,969516.0
2020-10-19,0.8817,0.273,0.727,0.0,55.39,618021.0
2020-10-20,0.7534,0.124,0.813,0.063,59.07,1067787.0
2020-10-21,0.7987500000000001,0.154,0.7749999999999999,0.07100000000000001,59.55,1202743.0
2020-10-22,0.3612,0.067,0.933,0.0,61.86,1050861.0
2020-10-23,0.3716,0.051,0.949,0.0,58.84,1077259.0
2020-10-26,-0.9957,0.037,0.699,0.264,57.29,1093272.0
2020-10-27,-0.9957,0.037,0.699,0.264,59.12,619234.0
2020-10-28,-0.9957,0.037,0.699,0.264,55.15,993538.0
2020-10-29,0.21945,0.0645,0.8975,0.038,57.34,580709.0
2020-10-30,0.21945,0.0645,0.8975,0.038,56.4,804677.0
2020-11-02,-0.0516,0.152,0.712,0.137,55.48,929550.0
2020-11-03,-0.0516,0.152,0.712,0.137,54.73,755634.0
2020-11-04,-0.0516,0.152,0.712,0.137,51.64,1622425.0
2020-11-05,-0.0516,0.152,0.712,0.137,57.35,1448551.0
2020-11-06,-0.0516,0.152,0.712,0.137,53.64,2023857.0
2020-11-09,0.6635,0.125,0.776,0.099,57.83,1849153.0
2020-11-10,0.6635,0.125,0.776,0.099,61.39,1382337.0
2020-11-11,0.6635,0.125,0.776,0.099,63.6,1156012.0
2020-11-12,0.67155,0.16925,0.7869999999999999,0.043750000000000004,59.46,969201.0
2020-11-13,0.3233666666666667,0.148,0.7523333333333334,0.09966666666666667,60.31,708064.0
2020-11-16,0.6262333333333333,0.17,0.797,0.033,61.19,1155330.0
2020-11-17,0.6262333333333333,0.17,0.797,0.033,59.16,994544.0
2020-11-18,-0.9329,0.044,0.831,0.125,56.2,1122767.0
2020-11-19,0.9002,0.128,0.822,0.05,55.81,1023412.0
2020-11-20,0.6597,0.136,0.864,0.0,54.1,771236.0
2020-11-23,0.30745,0.0405,0.9390000000000001,0.0205,57.76,735130.0
2020-11-24,0.30745,0.0405,0.9390000000000001,0.0205,58.14,1265374.0
2020-11-25,0.30745,0.0405,0.9390000000000001,0.0205,59.38,1226736.0
2020-11-27,0.4389,0.129,0.795,0.076,61.87,623448.0
2020-11-30,-0.05135,0.0,0.977,0.023,58.08,1194121.0
2020-12-01,-0.05135,0.0,0.977,0.023,58.51,811034.0
2020-12-02,0.4389,0.129,0.795,0.076,59.66,827567.0
2020-12-03,0.4389,0.129,0.795,0.076,58.68,621007.0
2020-12-04,0.4389,0.129,0.795,0.076,59.34,728584.0
2020-12-07,0.3976,0.183,0.689,0.127,55.37,1183388.0
2020-12-08,-0.0040000000000000036,0.14850000000000002,0.706,0.145,58.9,914275.0
2020-12-09,0.8674,0.077,0.895,0.029,58.39,1108657.0
2020-12-10,0.4019,0.119,0.881,0.0,57.85,804168.0
2020-12-11,0.4019,0.119,0.881,0.0,62.15,1248466.0
2020-12-14,0.13129999999999997,0.1215,0.7849999999999999,0.093,64.83,2577338.0
2020-12-15,0.13129999999999997,0.1215,0.7849999999999999,0.093,71.07,1981821.0
2020-12-16,0.13129999999999997,0.1215,0.7849999999999999,0.093,70.67,1107979.0
2020-12-17,-0.8522,0.092,0.741,0.167,73.27,951451.0
2020-12-18,-0.2691,0.06949999999999999,0.866,0.0645,75.58,4032676.0
2020-12-21,-0.2691,0.06949999999999999,0.866,0.0645,77.52,1654983.0
2020-12-22,-0.2691,0.06949999999999999,0.866,0.0645,79.01,1077970.0
2020-12-23,0.8389,0.135,0.788,0.077,77.23,935929.0
2020-12-24,0.8389,0.135,0.788,0.077,72.62,688926.0
2020-12-28,0.4389,0.129,0.795,0.076,74.1,881455.0
2020-12-29,0.4389,0.129,0.795,0.076,68.91,1203242.0
2020-12-30,0.5235,0.11549999999999999,0.8425,0.041499999999999995,72.925,814480.0
2020-12-31,0.5235,0.11549999999999999,0.8425,0.041499999999999995,70.82,595605.0
2021-01-04,0.4389,0.129,0.795,0.076,69.33,809259.0
2021-01-05,-0.5849,0.0,0.556,0.444,75.31,1333681.0
2021-01-06,-0.5849,0.0,0.556,0.444,84.86,2255628.0
2021-01-07,-0.34650000000000003,0.102,0.673,0.2255,88.04,1433829.0
2021-01-08,0.62825,0.1255,0.8185,0.056499999999999995,84.29,1285197.0
2021-01-11,0.0,0.0,1.0,0.0,85.83,942156.0
2021-01-12,-0.3014,0.02266666666666667,0.8936666666666667,0.08366666666666667,86.18,987522.0
2021-01-13,0.2023,0.096,0.904,0.0,85.21,766752.0
2021-01-14,0.22545,0.0415,0.9295,0.029,83.19,783722.0
2021-01-15,0.0,0.0,1.0,0.0,80.01,1163293.0
2021-01-19,0.19532,0.11240000000000001,0.8192,0.0684,86.78,1221686.0
2021-01-20,0.2749333333333333,0.043666666666666666,0.9516666666666667,0.004333333333333333,91.26,1462685.0
2021-01-21,0.1779,0.027,0.955,0.018,97.05,1344850.0
2021-01-22,0.1779,0.027,0.955,0.018,100.53,912905.0
2021-01-25,0.6652,0.146,0.854,0.0,100.25,1537184.0
2021-01-26,0.6652,0.146,0.854,0.0,98.25,1112386.0
2021-01-27,0.72918,0.13040000000000002,0.8064,0.0632,96.51,1497228.0
2021-01-28,0.6084076923076923,0.08676923076923077,0.8251538461538461,0.08807692307692308,93.09,1029218.0
2021-01-29,0.3796833333333334,0.07216666666666667,0.8821666666666667,0.04583333333333334,89.6,1022081.0
2021-02-01,0.5689000000000001,0.169,0.7993333333333333,0.03133333333333333,98.98,851951.0
2021-02-02,0.2926,0.08600000000000001,0.8633333333333333,0.050666666666666665,94.57,846505.0
2021-02-03,0.6295,0.156,0.794,0.05,97.42,675969.0
2021-02-04,0.6295,0.156,0.794,0.05,96.94,612174.0
2021-02-05,0.6295,0.156,0.794,0.05,98.68,482559.0
2021-02-08,0.3776333333333333,0.12366666666666666,0.851,0.025333333333333333,111.49,1423214.0
2021-02-09,-0.7786,0.13,0.671,0.199,110.6,1348219.0
2021-02-10,-0.29185,0.0085,0.956,0.0355,113.68,979491.0
2021-02-11,0.45603333333333335,0.104,0.8478333333333333,0.04816666666666666,109.09,854730.0
2021-02-12,0.7014333333333332,0.09300000000000001,0.8466666666666667,0.06033333333333333,108.93,686937.0
2021-02-16,0.77626,0.1712,0.8019999999999999,0.0268,107.97,775746.0
2021-02-17,-0.42077142857142863,0.05728571428571429,0.8362857142857143,0.10657142857142857,102.44,1232285.0
2021-02-18,-0.011106666666666671,0.06146666666666666,0.8695333333333333,0.069,93.51,1466758.0
2021-02-19,0.7149,0.12833333333333333,0.8210000000000001,0.050666666666666665,96.95,964594.0
2021-02-22,-0.1697,0.0645,0.726,0.20950000000000002,97.42,1011064.0
2021-02-23,0.0,0.0,1.0,0.0,93.7,1545489.0
2021-02-24,0.11586666666666666,0.06466666666666666,0.8733333333333334,0.062,94.09,1042304.0
2021-02-25,0.3817,0.045,0.9225,0.03275,85.94,1267385.0
2021-02-26,0.3817,0.045,0.9225,0.03275,77.77,2397138.0
2021-03-01,0.3817,0.045,0.9225,0.03275,86.67,1151479.0
2021-03-02,0.3817,0.045,0.9225,0.03275,83.52,828863.0
2021-03-03,0.41155,0.0725,0.8905000000000001,0.0375,75.52,1312353.0
2021-03-04,0.0481,0.08814285714285715,0.8212857142857143,0.09057142857142857,73.86,1777927.0
2021-03-05,0.0481,0.08814285714285715,0.8212857142857143,0.09057142857142857,76.27,1506422.0
2021-03-08,0.39126666666666665,0.10133333333333333,0.848,0.050666666666666665,74.505,1165469.0
2021-03-09,0.19587500000000002,0.04525,0.9255,0.029249999999999998,77.69,1133680.0
2021-03-10,0.9742500000000001,0.316,0.667,0.0165,82.31,945821.0
2021-03-11,0.9742500000000001,0.316,0.667,0.0165,82.72,1034645.0
2021-03-12,0.4389,0.129,0.795,0.076,80.55,847277.0
2021-03-15,0.5218,0.173,0.827,0.0,79.02,977601.0
2021-03-16,0.5218,0.173,0.827,0.0,75.1,858380.0
2021-03-17,0.4389,0.129,0.795,0.076,69.19,5976908.0
2021-03-18,0.4389,0.129,0.795,0.076,67.83,1929293.0
2021-03-19,0.4389,0.129,0.795,0.076,67.44,2460185.0
2021-03-22,0.4389,0.129,0.795,0.076,68.82,1478959.0
2021-03-23,0.4389,0.129,0.795,0.076,63.14,1710843.0
2021-03-24,0.4389,0.129,0.795,0.076,63.61,1480863.0
2021-03-25,0.4389,0.129,0.795,0.076,63.44,1920942.0
2021-03-26,0.4389,0.129,0.795,0.076,63.78,2246533.0
2021-03-29,0.22569999999999998,0.042,0.909,0.049,60.32,1060234.0
2021-03-30,0.20477499999999998,0.08475,0.88025,0.035250000000000004,65.53,956746.0
2021-03-31,0.9788,0.185,0.74,0.076,66.04,1619006.0
2021-04-01,0.9788,0.185,0.74,0.076,68.48,1053275.0
2021-04-05,-0.20254999999999998,0.121,0.7815000000000001,0.098,63.37,1414203.0
2021-04-06,0.10256000000000001,0.10500000000000001,0.8548,0.0402,65.31,1237546.0
2021-04-07,0.81445,0.15050000000000002,0.813,0.0365,63.05,1444711.0
2021-04-08,0.1033,0.152,0.6975,0.1505,64.94,1377393.0
2021-04-09,0.1033,0.152,0.6975,0.1505,63.78,1052038.0
2021-04-12,0.1033,0.152,0.6975,0.1505,60.87,988139.0
2021-04-13,0.1033,0.152,0.6975,0.1505,61.46,1619829.0
2021-04-14,0.5376000000000001,0.2885,0.7115,0.0,63.86,1569283.0
2021-04-15,0.4389,0.129,0.795,0.076,60.73,1340590.0
2021-04-16,0.33365,0.11599999999999999,0.8306250000000001,0.05325,64.89,1860194.0
2021-04-19,0.3612,0.077,0.923,0.0,61.94,1717343.0
2021-04-20,-0.09961999999999999,0.10600000000000001,0.8202,0.0738,58.87,1765149.0
2021-04-21,0.9707,0.193,0.721,0.087,60.09,1212866.0
2021-04-22,0.9707,0.193,0.721,0.087,57.63,1451711.0
2021-04-23,-0.06864999999999999,0.10225000000000001,0.85175,0.04625,58.64,901487.0
2021-04-26,0.256575,0.077,0.852,0.07100000000000001,60.32,1066622.0
2021-04-27,0.3806,0.14479999999999998,0.7974,0.0578,59.07,1258336.0
2021-04-28,0.5689500000000001,0.1135,0.8315,0.0555,58.07,887555.0
2021-04-29,0.6255000000000001,0.15275,0.8155,0.03175,55.47,1181221.0
2021-04-30,0.6255000000000001,0.15275,0.8155,0.03175,55.52,1009381.0
2021-05-03,0.9598,0.274,0.726,0.0,52.55,2080411.0
2021-05-04,-0.03846666666666667,0.016333333333333335,0.9626666666666667,0.021,59.2,2441172.0
2021-05-05,-0.9161,0.006,0.975,0.019,57.47,1351019.0
2021-05-06,0.6126,0.12575,0.8552500000000001,0.019,59.41,820480.0
2021-05-07,0.7415928571428572,0.19992857142857143,0.7535714285714284,0.0465,60.54,757515.0
2021-05-10,0.69725,0.109,0.8475,0.0435,56.5,881389.0
2021-05-11,0.4389,0.129,0.795,0.076,55.79,731767.0
2021-05-12,0.36256666666666665,0.12833333333333333,0.7936666666666667,0.078,55.75,751803.0
2021-05-13,-0.09225,0.0665,0.8654999999999999,0.0685,57.95,1161832.0
2021-05-14,0.62725,0.1795,0.7825,0.038,63.18,868599.0
2021-05-17,0.55395,0.113,0.825,0.0625,63.07,630955.0
2021-05-18,0.2551,0.11475,0.787,0.09825,65.89,1249701.0
2021-05-19,-0.128,0.051,0.882,0.066,65.16,1012196.0
2021-05-20,0.22735,0.1285,0.8109999999999999,0.0605,57.46,2830303.0
2021-05-21,0.4521,0.12366666666666666,0.84,0.036,57.65,1546133.0
2021-05-24,0.4461,0.036,0.958,0.006,60.56,928659.0
2021-05-25,0.21945,0.0645,0.8975,0.038,58.24,792816.0
2021-05-26,0.0,0.0,1.0,0.0,60.37,582065.0
2021-05-27,0.1531,0.137,0.738,0.125,61.27,597249.0
2021-05-28,0.4389,0.129,0.795,0.076,61.07,573034.0
2021-06-01,0.3503,0.10700000000000001,0.855,0.038,63.99,743531.0
2021-06-02,0.52795,0.1825,0.7255,0.092,68.21,1305452.0
2021-06-03,0.8028500000000001,0.159,0.8085,0.0325,70.46,1255762.0
2021-06-04,0.5266375,0.09875,0.86725,0.034375,66.79,754117.0
2021-06-07,0.4389,0.129,0.795,0.076,68.86,616928.0
2021-06-08,0.22563333333333335,0.12766666666666668,0.7423333333333334,0.13033333333333333,68.54,776894.0
2021-06-09,0.5124,0.1295,0.8325,0.038,71.13,1226276.0
2021-06-10,0.5124,0.1295,0.8325,0.038,69.35,663707.0
2021-06-11,0.7344999999999999,0.153,0.747,0.1005,66.81,1022375.0
2021-06-14,0.0,0.0,1.0,0.0,68.9,1022141.0
2021-06-15,0.23235,0.076,0.886,0.038,68.07,1072032.0
2021-06-16,-0.03634999999999999,0.0565,0.8875,0.056,68.2,1298164.0
2021-06-17,0.4389,0.129,0.795,0.076,67.64,1265973.0
2021-06-18,0.4389,0.129,0.795,0.076,63.02,3084695.0
2021-06-21,0.6793,0.153,0.792,0.055,64.29,1475310.0
2021-06-22,0.36745,0.10350000000000001,0.8585,0.038,64.22,903549.0
2021-06-23,0.20015000000000002,0.05383333333333334,0.911,0.035333333333333335,63.75,891005.0
2021-06-24,0.4389,0.129,0.795,0.076,64.36,777052.0
2021-06-25,0.24993333333333334,0.08600000000000001,0.8530000000000001,0.061,62.01,2112392.0
2021-06-28,0.06940000000000002,0.07525,0.866,0.059,63.02,793476.0
2021-06-29,0.06940000000000002,0.07525,0.866,0.059,62.29,557813.0
2021-06-30,0.06940000000000002,0.07525,0.866,0.059,62.34,467136.0
2021-07-01,0.06940000000000002,0.07525,0.866,0.059,63.16,550137.0
2021-07-02,0.06940000000000002,0.07525,0.866,0.059,61.8,831564.0
2021-07-06,-0.7809,0.104,0.765,0.131,61.46,792966.0
2021-07-07,0.24375000000000002,0.10183333333333333,0.8203333333333332,0.07783333333333332,60.63,880178.0
2021-07-08,0.24375000000000002,0.10183333333333333,0.8203333333333332,0.07783333333333332,61.38,795098.0
2021-07-09,-0.2623,0.083,0.7893333333333333,0.128,64.85,698202.0
2021-07-12,0.7269,0.47,0.53,0.0,64.35,420744.0
2021-07-13,0.4389,0.129,0.795,0.076,62.54,452333.0
2021-07-14,0.4389,0.129,0.795,0.076,61.95,1064237.0
2021-07-15,0.4389,0.129,0.795,0.076,63.42,1023175.0
2021-07-16,0.4389,0.129,0.795,0.076,64.45,1110847.0
2021-07-19,0.0723,0.045,0.9175,0.038,61.13,1128213.0
2021-07-20,-0.8018,0.096,0.779,0.125,63.54,685370.0
2021-07-21,0.4809,0.0865,0.869,0.0445,67.02,718315.0
2021-07-22,0.2617,0.107,0.802,0.091,63.89,463985.0
2021-07-23,0.14075,0.10550000000000001,0.7885,0.10600000000000001,62.16,679096.0
2021-07-26,0.3349,0.1165,0.7775,0.10600000000000001,61.89,635323.0
2021-07-27,0.0,0.0,1.0,0.0,59.32,618717.0
2021-07-28,-0.1588,0.126,0.641,0.23299999999999998,61.87,525998.0
2021-07-29,0.6166666666666667,0.09733333333333334,0.879,0.023666666666666666,61.6,350094.0
2021-07-30,-0.1076,0.091,0.823,0.08549999999999999,61.25,393912.0
2021-08-02,0.4389,0.129,0.795,0.076,58.76,589896.0
2021-08-03,0.31833333333333336,0.11266666666666668,0.8366666666666668,0.050666666666666665,59.32,665669.0
2021-08-04,0.19320000000000004,0.08633333333333333,0.8433333333333334,0.07033333333333333,57.47,1212328.0
2021-08-05,0.4822,0.1405,0.7975,0.0615,61.5,1284061.0
2021-08-06,0.48985,0.0885,0.899,0.013,60.06,610319.0
2021-08-09,0.1531,0.04,0.93,0.03,58.44,547487.0
2021-08-10,0.0,0.0,1.0,0.0,58.2,769171.0
2021-08-11,0.0,0.0,1.0,0.0,56.3,809658.0
2021-08-12,0.20629999999999998,0.17,0.6895,0.14049999999999999,55.91,998747.0
2021-08-13,0.4389,0.129,0.795,0.076,54.12,645433.0
2021-08-16,0.33065,0.100125,0.83725,0.062625,52.9,649509.0
2021-08-17,0.42865,0.14150000000000001,0.7909999999999999,0.0675,52.08,623211.0
2021-08-18,-0.7903,0.096,0.786,0.118,50.01,947083.0
2021-08-19,-0.11896666666666667,0.08283333333333333,0.7666666666666666,0.15033333333333335,48.87,998505.0
2021-08-20,0.4389,0.129,0.795,0.076,46.99,1180886.0
2021-08-23,0.0,0.0,1.0,0.0,49.82,1054287.0
2021-08-24,0.0,0.0,1.0,0.0,50.89,1059878.0
2021-08-25,0.4279,0.1568,0.7014,0.142,51.19,765237.0
2021-08-26,-0.8210500000000001,0.0665,0.738,0.195,49.97,692913.0
2021-08-27,0.9075,0.11,0.855,0.035,51.84,839688.0
2021-08-30,-0.0516,0.09,0.811,0.099,49.25,706527.0
2021-08-31,-0.40373333333333333,0.056333333333333326,0.8323333333333333,0.11133333333333333,48.42,875652.0
2021-09-01,-0.3645333333333333,0.065,0.831,0.10433333333333333,47.29,829629.0
2021-09-02,0.350025,0.10425000000000001,0.83925,0.0565,47.31,1040921.0
2021-09-03,0.37704999999999994,0.09866666666666667,0.855,0.04650000000000001,46.71,907030.0
2021-09-07,0.4404,0.132,0.868,0.0,46.89,904193.0
2021-09-08,0.4404,0.132,0.868,0.0,45.72,700658.0
2021-09-09,0.4404,0.132,0.868,0.0,45.88,618356.0
2021-09-10,-0.07309999999999998,0.075,0.887,0.03833333333333334,45.17,531131.0
2021-09-13,-0.4019,0.0,0.863,0.137,48.89,1174654.0
2021-09-14,0.1693,0.08299999999999999,0.858,0.059,47.87,705287.0
2021-09-15,0.0644,0.027,0.938,0.035,49.12,1012712.0
2021-09-16,0.0644,0.027,0.938,0.035,48.56,558943.0
2021-09-17,0.0644,0.027,0.938,0.035,48.23,2024682.0
2021-09-20,0.7152499999999999,0.135,0.8365,0.029,47.64,913711.0
2021-09-21,-0.21247500000000002,0.08825000000000001,0.75275,0.159,48.85,759695.0
2021-09-22,-0.6155999999999999,0.0515,0.832,0.11649999999999999,46.95,1566685.0
2021-09-23,0.6263799999999999,0.147,0.8286,0.024399999999999998,48.97,1035784.0
2021-09-24,0.6263799999999999,0.147,0.8286,0.024399999999999998,47.23,712232.0
2021-09-27,-0.34985,0.042499999999999996,0.88,0.077,49.78,754656.0
2021-09-28,0.18630000000000002,0.16275,0.7415,0.09575,49.8,1075666.0
2021-09-29,0.6829833333333334,0.13183333333333333,0.7959999999999999,0.07216666666666667,48.99,826834.0
2021-09-30,0.03805000000000003,0.11199999999999999,0.786,0.102,50.2,805293.0
2021-10-01,0.03805000000000003,0.11199999999999999,0.786,0.102,50.99,785164.0
2021-10-04,0.1474,0.17825,0.77525,0.04675,51.55,1055590.0
2021-10-05,0.1474,0.17825,0.77525,0.04675,53.1,996668.0
2021-10-06,0.1474,0.17825,0.77525,0.04675,51.3,1033746.0
2021-10-07,0.03943333333333332,0.10366666666666667,0.7949999999999999,0.10099999999999999,53.52,926123.0
2021-10-08,0.0,0.166,0.71,0.124,53.65,682164.0
2021-10-11,-0.8901,0.06,0.715,0.225,54.46,934421.0
2021-10-12,0.478675,0.1055,0.87175,0.02275,53.3,621672.0
2021-10-13,0.9419,0.167,0.814,0.019,53.78,664414.0
2021-10-14,0.351,0.10825,0.8545,0.03725,54.27,559781.0
2021-10-15,0.48675,0.2015,0.772,0.0265,53.0,1298022.0
2021-10-18,0.6356333333333334,0.12833333333333333,0.8496666666666667,0.021666666666666667,53.33,585608.0
2021-10-19,0.7964,0.113,0.887,0.0,54.78,730101.0
2021-10-20,0.7964,0.113,0.887,0.0,55.16,551398.0
2021-10-21,-0.1053,0.045,0.886,0.069,54.53,432138.0
2021-10-22,0.29405,0.1635,0.7070000000000001,0.1295,57.59,876183.0
2021-10-25,0.008575,0.09125,0.80525,0.10275,59.18,807283.0
2021-10-26,-0.59825,0.050499999999999996,0.8340000000000001,0.11549999999999999,58.64,597848.0
2021-10-27,0.3467,0.09380000000000001,0.8737999999999999,0.0322,56.31,811064.0
2021-10-28,0.3467,0.09380000000000001,0.8737999999999999,0.0322,61.53,1134554.0
2021-10-29,0.33177500000000004,0.126,0.8185,0.055749999999999994,64.0,970204.0
2021-11-01,0.10078000000000001,0.13999999999999999,0.741,0.1192,66.75,949937.0
2021-11-02,0.6068,0.149,0.841,0.01,64.59,1029601.0
2021-11-03,-0.18433333333333335,0.118,0.745,0.13699999999999998,66.06,964115.0
2021-11-04,0.5385,0.23600000000000002,0.6706666666666666,0.09366666666666668,59.24,1504949.0
2021-11-05,-0.477,0.0475,0.839,0.1135,59.22,713416.0
2021-11-08,0.9931,0.12,0.861,0.019,59.64,606486.0
2021-11-09,-0.03169999999999998,0.129,0.7115,0.1595,57.29,883548.0
2021-11-10,0.6628499999999999,0.1245,0.8425,0.033,55.39,738747.0
2021-11-11,0.6628499999999999,0.1245,0.8425,0.033,55.84,433777.0
2021-11-12,0.9366,0.153,0.76,0.087,52.42,795641.0
2021-11-15,0.2991,0.08466666666666667,0.8856666666666667,0.029666666666666664,51.97,634704.0
2021-11-16,0.47695,0.08,0.8895,0.0305,51.97,751892.0
2021-11-17,0.47695,0.08,0.8895,0.0305,49.77,551358.0
2021-11-18,0.3089,0.124,0.876,0.0,49.45,569833.0
2021-11-19,0.37476666666666664,0.2316666666666667,0.7146666666666667,0.05366666666666667,48.67,609017.0
2021-11-22,0.6687666666666666,0.154,0.8143333333333334,0.03133333333333333,50.5,707345.0
2021-11-23,0.39575000000000005,0.1455,0.7985,0.056,50.2,540239.0
2021-11-24,0.6597,0.211,0.789,0.0,49.2,321745.0
2021-11-26,0.16530000000000003,0.0305,0.9199999999999999,0.0495,47.87,458167.0
2021-11-29,0.2199,0.1105,0.8035,0.08549999999999999,48.64,528360.0
2021-11-30,0.024200000000000006,0.06720000000000001,0.8785999999999999,0.0546,47.78,626818.0
2021-12-01,0.024200000000000006,0.06720000000000001,0.8785999999999999,0.0546,46.22,850474.0
2021-12-02,0.9202,0.075,0.882,0.043,47.24,948685.0
2021-12-03,0.991,0.239,0.716,0.045,46.03,967330.0
2021-12-06,0.1099,0.1045,0.817,0.0785,46.03,653698.0
2021-12-07,-0.27880000000000005,0.049,0.843,0.108,46.09,867387.0
2021-12-08,-0.27880000000000005,0.049,0.843,0.108,46.47,700286.0
2021-12-09,0.44884999999999997,0.1525,0.8095,0.038,44.75,599586.0
2021-12-10,-0.05925,0.1145,0.794,0.0915,45.23,596276.0
2021-12-13,0.09095714285714285,0.06714285714285714,0.8821428571428571,0.050571428571428566,44.35,542679.0
2021-12-14,0.9576,0.118,0.8475,0.0345,43.51,540376.0
2021-12-15,0.14749999999999996,0.255,0.638,0.10750000000000001,43.96,516761.0
2021-12-16,0.14749999999999996,0.255,0.638,0.10750000000000001,42.69,521334.0
2021-12-17,0.404675,0.136,0.8200000000000001,0.04425,44.26,3045589.0
2021-12-20,0.2972,0.116,0.787,0.097,41.7,857552.0
2021-12-21,0.2972,0.116,0.787,0.097,43.34,660863.0
2021-12-22,0.28875000000000006,0.16,0.7975,0.0425,42.43,445406.0
2021-12-23,0.64165,0.16349999999999998,0.748,0.08850000000000001,41.75,419088.0
2021-12-27,-0.1531,0.125,0.726,0.149,42.42,394888.0
2021-12-28,0.6798,0.259,0.741,0.0,42.34,517442.0
2021-12-29,0.0,0.0,1.0,0.0,42.21,462631.0
2021-12-30,0.4019,0.172,0.828,0.0,42.78,733755.0
2021-12-31,0.7155,0.23500000000000001,0.7270000000000001,0.038,42.44,391101.0
2022-01-03,0.66195,0.1185,0.8494999999999999,0.032,44.85,571972.0
2022-01-04,-0.1591,0.11699999999999999,0.763,0.1205,44.72,518652.0
2022-01-05,0.9984,0.129,0.807,0.064,44.97,1045097.0
2022-01-06,0.9984,0.129,0.807,0.064,46.32,645361.0
2022-01-07,0.3612,0.043,0.957,0.0,45.8,722542.0
2022-01-10,0.15545,0.078,0.8605,0.0615,44.72,641924.0
2022-01-11,0.15545,0.078,0.8605,0.0615,46.46,793637.0
2022-01-12,-0.5647,0.0,0.931,0.069,46.13,649649.0
2022-01-13,-0.5647,0.0,0.931,0.069,44.81,416756.0
2022-01-14,0.8712,0.108,0.851,0.041,45.27,454683.0
2022-01-18,0.0,0.143,0.714,0.143,45.31,409273.0
2022-01-19,0.9521,0.185,0.782,0.033,44.13,508835.0
2022-01-20,0.912,0.135,0.865,0.0,41.96,471676.0
2022-01-21,0.4954388888888889,0.11761111111111111,0.8268333333333333,0.05555555555555555,39.63,904876.0
2022-01-24,0.7003,0.228,0.772,0.0,41.23,667728.0
2022-01-25,0.148,0.0435,0.9565,0.0,40.43,747519.0
2022-01-26,0.27295,0.07300000000000001,0.8905,0.0365,39.1,849254.0
2022-01-27,0.3612,0.325,0.51,0.166,38.9,727811.0
2022-01-28,0.3113,0.1005,0.806,0.0935,39.37,615515.0
2022-01-31,0.2732,0.085,0.859,0.056,40.26,1507546.0
2022-02-01,-0.46390000000000003,0.0885,0.778,0.133,40.94,1398344.0
2022-02-02,-0.13449999999999998,0.06933333333333333,0.8323333333333333,0.09833333333333333,38.36,724980.0
2022-02-03,0.5319,0.1175,0.8445,0.038,37.68,612336.0
2022-02-04,0.10413333333333334,0.08033333333333333,0.8373333333333334,0.08233333333333333,38.08,672698.0
2022-02-07,0.0,0.0,1.0,0.0,36.93,810858.0
2022-02-08,0.0,0.0,1.0,0.0,36.58,1068877.0
2022-02-09,0.0,0.0,1.0,0.0,37.65,863217.0
2022-02-10,-0.13015,0.032,0.8455,0.1225,37.48,1013505.0
2022-02-11,0.0,0.0,1.0,0.0,37.5,578337.0
2022-02-14,0.3558,0.172,0.7415,0.087,35.55,648772.0
2022-02-15,-0.9287,0.0,0.664,0.336,36.35,676341.0
2022-02-16,-0.9287,0.0,0.664,0.336,35.57,348355.0
2022-02-17,-0.87625,0.0135,0.838,0.14850000000000002,34.52,369902.0
2022-02-18,-0.87625,0.0135,0.838,0.14850000000000002,33.4,462388.0
2022-02-22,0.9359,0.151,0.823,0.026,32.62,628148.0
2022-02-23,-0.042366666666666664,0.043666666666666666,0.9346666666666668,0.021666666666666667,41.11,3329695.0
2022-02-24,0.3648375,0.11925000000000001,0.836375,0.04425,43.06,2102602.0
2022-02-25,-0.8126,0.075,0.8,0.125,43.81,1616717.0
2022-02-28,-0.31267142857142854,0.08514285714285715,0.788,0.127,61.5,12463901.0
2022-03-01,-0.4416,0.06366666666666666,0.7911666666666667,0.14533333333333334,60.75,4676854.0
2022-03-02,-0.45080000000000003,0.06083333333333333,0.8446666666666666,0.09433333333333334,60.86,4807186.0
2022-03-03,-0.33997142857142854,0.066,0.7985714285714286,0.1352857142857143,61.26,5239801.0
2022-03-04,0.15109999999999998,0.09440000000000001,0.845,0.060399999999999995,61.04,4132622.0
2022-03-07,0.0,0.0,1.0,0.0,60.83,3984798.0
2022-03-08,0.6838,0.1415,0.7889999999999999,0.07,61.0,5398272.0
2022-03-09,-0.02074999999999999,0.1175,0.752,0.1305,60.97,5116849.0
2022-03-10,-0.02074999999999999,0.1175,0.752,0.1305,60.75,4204193.0
2022-03-11,0.9593,0.163,0.821,0.016,60.89,3663626.0
2022-03-14,0.379625,0.16625,0.7224999999999999,0.11124999999999999,61.16,3608069.0
2022-03-15,0.2924875,0.10625,0.8049999999999999,0.088625,60.74,2635094.0
2022-03-16,0.18805,0.08499999999999999,0.8905000000000001,0.0245,61.12,3552187.0
2022-03-17,0.9804,0.098,0.848,0.054,60.87,2097747.0
2022-03-18,0.9804,0.098,0.848,0.054,60.66,4357881.0
2022-03-21,0.7064,0.131,0.8220000000000001,0.047,60.76,2722545.0
2022-03-22,0.962,0.216,0.739,0.044,60.73,1950147.0
2022-03-23,0.77476,0.21280000000000002,0.7584,0.028800000000000003,60.75,2392444.0
2022-03-24,-0.040800000000000024,0.081,0.8436666666666667,0.07533333333333334,60.79,3105352.0
2022-03-25,0.9761,0.171,0.829,0.0,60.74,2722596.0
2022-03-28,-0.30243333333333333,0.081,0.8146666666666667,0.10433333333333333,60.84,2325684.0
2022-03-29,0.1366,0.0225,0.9775,0.0,60.89,2767689.0
2022-03-30,0.8402,0.205,0.795,0.0,60.75,3409070.0
2022-03-31,0.22029999999999997,0.118,0.8078333333333333,0.07425,60.65,3623656.0
2022-04-01,0.36819999999999997,0.184,0.8160000000000001,0.0,60.67,1840258.0
2022-04-04,0.49815,0.08650000000000001,0.8975,0.0155,60.73,1580264.0
2022-04-05,0.19190000000000002,0.122,0.7876,0.09040000000000001,60.64,2176135.0
2022-04-06,0.19190000000000002,0.122,0.7876,0.09040000000000001,60.67,1948249.0
2022-04-07,0.6769000000000001,0.094,0.8705,0.036,60.68,2009723.0
2022-04-08,0.6769000000000001,0.094,0.8705,0.036,60.66,1635819.0
2022-04-11,-0.3353,0.0,0.855,0.145,60.71,1874221.0
2022-04-12,-0.3353,0.0,0.855,0.145,60.64,1532061.0
2022-04-13,-0.3353,0.0,0.855,0.145,60.7,1220486.0
2022-04-14,0.9937,0.132,0.801,0.067,60.88,1539026.0
2022-04-18,0.3182,0.042,0.958,0.0,61.22,2779008.0
2022-04-19,-0.13787499999999997,0.08424999999999999,0.76775,0.14825,61.25,1381717.0
2022-04-20,-0.262,0.124,0.795,0.0808,61.2,1690269.0
2022-04-21,0.33525,0.049,0.9510000000000001,0.0,61.27,1573783.0
2022-04-22,0.03970000000000001,0.0645,0.869,0.0665,61.13,2485113.0
2022-04-25,0.03970000000000001,0.0645,0.869,0.0665,61.28,2763861.0
2022-04-26,0.03970000000000001,0.0645,0.869,0.0665,61.1,2428177.0
2022-04-27,0.03970000000000001,0.0645,0.869,0.0665,61.12,2018113.0
2022-04-28,0.1779,0.175,0.825,0.0,61.14,1848595.0
2022-04-29,-0.7717,0.031,0.827,0.143,61.06,1739112.0
2022-05-02,0.4389,0.129,0.795,0.076,61.14,1816404.0
2022-05-03,0.7625,0.3065,0.6545,0.039,61.08,1410653.0
2022-05-04,0.7625,0.3065,0.6545,0.039,61.07,1506110.0
2022-05-05,-0.0772,0.036,0.927,0.037,61.07,1195107.0
2022-05-06,0.0,0.0,1.0,0.0,61.04,1849743.0
2022-05-09,0.3446,0.0555,0.913,0.0315,60.98,2189814.0
2022-05-10,-0.34146666666666664,0.057333333333333326,0.8833333333333333,0.06,60.93,1914767.0
2022-05-11,-0.34146666666666664,0.057333333333333326,0.8833333333333333,0.06,61.1,2650719.0
2022-05-12,-0.5881,0.07225,0.8340000000000001,0.094,61.15,2227835.0
2022-05-13,0.1212,0.101,0.811,0.088,61.15,1521680.0
2022-05-16,0.4389,0.129,0.795,0.076,61.14,1227264.0
2022-05-17,0.2263,0.069,0.872,0.059,61.11,1438512.0
2022-05-18,0.0,0.0,1.0,0.0,61.24,1625468.0
2022-05-19,0.22357500000000002,0.10025,0.81875,0.08125,61.14,1287015.0
2022-05-20,0.05436,0.1308,0.788,0.0814,61.44,1337662.0
2022-05-23,0.57555,0.1685,0.7044999999999999,0.127,61.38,1200026.0
2022-05-24,0.596525,0.14450000000000002,0.8555,0.0,61.28,1088842.0
2022-05-25,-0.9814,0.071,0.662,0.267,61.3,727160.0
2022-05-26,-0.0772,0.146,0.68,0.175,61.37,682487.0
2022-05-27,-0.0772,0.146,0.68,0.175,61.33,655404.0
2022-05-31,0.7192,0.108,0.767,0.125,61.31,1066175.0
