date,RevenueFromContractWithCustomerExcludingAssessedTax,CostOfRevenue,OperationsAndSupportExpense,ResearchAndDevelopmentExpense,SellingAndMarketingExpense,GeneralAndAdministrativeExpense,RestructuringCharges,CostsAndExpenses,OperatingIncomeLoss,InvestmentIncomeNonoperating,InterestIncomeExpenseNonoperatingNet,OtherNonoperatingIncomeExpense,IncomeLossFromContinuingOperationsBeforeIncomeTaxesExtraordinaryItemsNoncontrollingInterest,IncomeTaxExpenseBenefit,NetIncomeLoss,IncomeLossFromContinuingOperationsPerBasicShare,IncomeLossFromContinuingOperationsPerDilutedShare,WeightedAverageNumberOfSharesOutstandingBasic,WeightedAverageNumberOfDilutedSharesOutstanding,ticker,close,volume
2020-12-10,1342331000.0,227325000.0,166106000.0,213920000.0,113494000.0,180021000.0,22728000.0,923594000.0,418737000.0,4325000.0,-59867000.0,-56143000.0,307052000.0,87724000.0,219328000.0,0.0,0.0,265137000.0,299206000.0,ABNB,144.71,70470750.0
2020-12-11,1342331000.0,227325000.0,166106000.0,213920000.0,113494000.0,180021000.0,22728000.0,923594000.0,418737000.0,4325000.0,-59867000.0,-56143000.0,307052000.0,87724000.0,219328000.0,0.0,0.0,265137000.0,299206000.0,ABNB,139.25,26981241.0
2020-12-14,1342331000.0,227325000.0,166106000.0,213920000.0,113494000.0,180021000.0,22728000.0,923594000.0,418737000.0,4325000.0,-59867000.0,-56143000.0,307052000.0,87724000.0,219328000.0,0.0,0.0,265137000.0,299206000.0,ABNB,130.0,16966090.0
2020-12-15,1342331000.0,227325000.0,166106000.0,213920000.0,113494000.0,180021000.0,22728000.0,923594000.0,418737000.0,4325000.0,-59867000.0,-56143000.0,307052000.0,87724000.0,219328000.0,0.0,0.0,265137000.0,299206000.0,ABNB,124.8,10914466.0
2020-12-16,1342331000.0,227325000.0,166106000.0,213920000.0,113494000.0,180021000.0,22728000.0,923594000.0,418737000.0,4325000.0,-59867000.0,-56143000.0,307052000.0,87724000.0,219328000.0,0.0,0.0,265137000.0,299206000.0,ABNB,137.99,20410248.0
2020-12-17,1342331000.0,227325000.0,166106000.0,213920000.0,113494000.0,180021000.0,22728000.0,923594000.0,418737000.0,4325000.0,-59867000.0,-56143000.0,307052000.0,87724000.0,219328000.0,0.0,0.0,265137000.0,299206000.0,ABNB,147.05,15054741.0
2020-12-18,1342331000.0,227325000.0,166106000.0,213920000.0,113494000.0,180021000.0,22728000.0,923594000.0,418737000.0,4325000.0,-59867000.0,-56143000.0,307052000.0,87724000.0,219328000.0,0.0,0.0,265137000.0,299206000.0,ABNB,157.3,15954535.0
2020-12-21,1342331000.0,227325000.0,166106000.0,213920000.0,113494000.0,180021000.0,22728000.0,923594000.0,418737000.0,4325000.0,-59867000.0,-56143000.0,307052000.0,87724000.0,219328000.0,0.0,0.0,265137000.0,299206000.0,ABNB,163.02,17788120.0
2020-12-22,1342331000.0,227325000.0,166106000.0,213920000.0,113494000.0,180021000.0,22728000.0,923594000.0,418737000.0,4325000.0,-59867000.0,-56143000.0,307052000.0,87724000.0,219328000.0,0.0,0.0,265137000.0,299206000.0,ABNB,163.19,9892384.0
2020-12-23,1342331000.0,227325000.0,166106000.0,213920000.0,113494000.0,180021000.0,22728000.0,923594000.0,418737000.0,4325000.0,-59867000.0,-56143000.0,307052000.0,87724000.0,219328000.0,0.0,0.0,265137000.0,299206000.0,ABNB,158.01,5852486.0
2020-12-24,1342331000.0,227325000.0,166106000.0,213920000.0,113494000.0,180021000.0,22728000.0,923594000.0,418737000.0,4325000.0,-59867000.0,-56143000.0,307052000.0,87724000.0,219328000.0,0.0,0.0,265137000.0,299206000.0,ABNB,154.84,3621360.0
2020-12-28,1342331000.0,227325000.0,166106000.0,213920000.0,113494000.0,180021000.0,22728000.0,923594000.0,418737000.0,4325000.0,-59867000.0,-56143000.0,307052000.0,87724000.0,219328000.0,0.0,0.0,265137000.0,299206000.0,ABNB,149.0,6229179.0
2020-12-29,1342331000.0,227325000.0,166106000.0,213920000.0,113494000.0,180021000.0,22728000.0,923594000.0,418737000.0,4325000.0,-59867000.0,-56143000.0,307052000.0,87724000.0,219328000.0,0.0,0.0,265137000.0,299206000.0,ABNB,150.0,5402266.0
2020-12-30,1342331000.0,227325000.0,166106000.0,213920000.0,113494000.0,180021000.0,22728000.0,923594000.0,418737000.0,4325000.0,-59867000.0,-56143000.0,307052000.0,87724000.0,219328000.0,0.0,0.0,265137000.0,299206000.0,ABNB,148.43,3462445.0
2020-12-31,859264000.0,209747000.0,329532000.0,2062195000.0,629815000.0,713769000.0,14386000.0,3959444000.0,-3100180000.0,3287000.0,-64140000.0,-831469000.0,-3992502000.0,-104651000.0,-3887851000.0,0.0,0.0,284363000.0,284363000.0,ABNB,146.8,2795813.0
2021-01-04,859264000.0,209747000.0,329532000.0,2062195000.0,629815000.0,713769000.0,14386000.0,3959444000.0,-3100180000.0,3287000.0,-64140000.0,-831469000.0,-3992502000.0,-104651000.0,-3887851000.0,0.0,0.0,284363000.0,284363000.0,ABNB,139.15,6415486.0
2021-01-05,859264000.0,209747000.0,329532000.0,2062195000.0,629815000.0,713769000.0,14386000.0,3959444000.0,-3100180000.0,3287000.0,-64140000.0,-831469000.0,-3992502000.0,-104651000.0,-3887851000.0,0.0,0.0,284363000.0,284363000.0,ABNB,148.3,5975646.0
2021-01-06,859264000.0,209747000.0,329532000.0,2062195000.0,629815000.0,713769000.0,14386000.0,3959444000.0,-3100180000.0,3287000.0,-64140000.0,-831469000.0,-3992502000.0,-104651000.0,-3887851000.0,0.0,0.0,284363000.0,284363000.0,ABNB,142.77,4213936.0
2021-01-07,859264000.0,209747000.0,329532000.0,2062195000.0,629815000.0,713769000.0,14386000.0,3959444000.0,-3100180000.0,3287000.0,-64140000.0,-831469000.0,-3992502000.0,-104651000.0,-3887851000.0,0.0,0.0,284363000.0,284363000.0,ABNB,151.27,4482769.0
2021-01-08,859264000.0,209747000.0,329532000.0,2062195000.0,629815000.0,713769000.0,14386000.0,3959444000.0,-3100180000.0,3287000.0,-64140000.0,-831469000.0,-3992502000.0,-104651000.0,-3887851000.0,0.0,0.0,284363000.0,284363000.0,ABNB,149.77,4615625.0
2021-01-11,859264000.0,209747000.0,329532000.0,2062195000.0,629815000.0,713769000.0,14386000.0,3959444000.0,-3100180000.0,3287000.0,-64140000.0,-831469000.0,-3992502000.0,-104651000.0,-3887851000.0,0.0,0.0,284363000.0,284363000.0,ABNB,148.13,2801881.0
2021-01-12,859264000.0,209747000.0,329532000.0,2062195000.0,629815000.0,713769000.0,14386000.0,3959444000.0,-3100180000.0,3287000.0,-64140000.0,-831469000.0,-3992502000.0,-104651000.0,-3887851000.0,0.0,0.0,284363000.0,284363000.0,ABNB,160.8,8145892.0
2021-01-13,859264000.0,209747000.0,329532000.0,2062195000.0,629815000.0,713769000.0,14386000.0,3959444000.0,-3100180000.0,3287000.0,-64140000.0,-831469000.0,-3992502000.0,-104651000.0,-3887851000.0,0.0,0.0,284363000.0,284363000.0,ABNB,169.99,12529726.0
2021-01-14,859264000.0,209747000.0,329532000.0,2062195000.0,629815000.0,713769000.0,14386000.0,3959444000.0,-3100180000.0,3287000.0,-64140000.0,-831469000.0,-3992502000.0,-104651000.0,-3887851000.0,0.0,0.0,284363000.0,284363000.0,ABNB,180.5,9926639.0
2021-01-15,859264000.0,209747000.0,329532000.0,2062195000.0,629815000.0,713769000.0,14386000.0,3959444000.0,-3100180000.0,3287000.0,-64140000.0,-831469000.0,-3992502000.0,-104651000.0,-3887851000.0,0.0,0.0,284363000.0,284363000.0,ABNB,169.27,8575722.0
2021-01-19,859264000.0,209747000.0,329532000.0,2062195000.0,629815000.0,713769000.0,14386000.0,3959444000.0,-3100180000.0,3287000.0,-64140000.0,-831469000.0,-3992502000.0,-104651000.0,-3887851000.0,0.0,0.0,284363000.0,284363000.0,ABNB,173.69,4685415.0
2021-01-20,859264000.0,209747000.0,329532000.0,2062195000.0,629815000.0,713769000.0,14386000.0,3959444000.0,-3100180000.0,3287000.0,-64140000.0,-831469000.0,-3992502000.0,-104651000.0,-3887851000.0,0.0,0.0,284363000.0,284363000.0,ABNB,161.83,8517416.0
2021-01-21,859264000.0,209747000.0,329532000.0,2062195000.0,629815000.0,713769000.0,14386000.0,3959444000.0,-3100180000.0,3287000.0,-64140000.0,-831469000.0,-3992502000.0,-104651000.0,-3887851000.0,0.0,0.0,284363000.0,284363000.0,ABNB,180.4,17618516.0
2021-01-22,859264000.0,209747000.0,329532000.0,2062195000.0,629815000.0,713769000.0,14386000.0,3959444000.0,-3100180000.0,3287000.0,-64140000.0,-831469000.0,-3992502000.0,-104651000.0,-3887851000.0,0.0,0.0,284363000.0,284363000.0,ABNB,181.87,7137011.0
2021-01-25,859264000.0,209747000.0,329532000.0,2062195000.0,629815000.0,713769000.0,14386000.0,3959444000.0,-3100180000.0,3287000.0,-64140000.0,-831469000.0,-3992502000.0,-104651000.0,-3887851000.0,0.0,0.0,284363000.0,284363000.0,ABNB,177.53,7471922.0
2021-01-26,859264000.0,209747000.0,329532000.0,2062195000.0,629815000.0,713769000.0,14386000.0,3959444000.0,-3100180000.0,3287000.0,-64140000.0,-831469000.0,-3992502000.0,-104651000.0,-3887851000.0,0.0,0.0,284363000.0,284363000.0,ABNB,192.74,6460998.0
2021-01-27,859264000.0,209747000.0,329532000.0,2062195000.0,629815000.0,713769000.0,14386000.0,3959444000.0,-3100180000.0,3287000.0,-64140000.0,-831469000.0,-3992502000.0,-104651000.0,-3887851000.0,0.0,0.0,284363000.0,284363000.0,ABNB,201.25,11020033.0
2021-01-28,859264000.0,209747000.0,329532000.0,2062195000.0,629815000.0,713769000.0,14386000.0,3959444000.0,-3100180000.0,3287000.0,-64140000.0,-831469000.0,-3992502000.0,-104651000.0,-3887851000.0,0.0,0.0,284363000.0,284363000.0,ABNB,187.37,7077792.0
2021-01-29,859264000.0,209747000.0,329532000.0,2062195000.0,629815000.0,713769000.0,14386000.0,3959444000.0,-3100180000.0,3287000.0,-64140000.0,-831469000.0,-3992502000.0,-104651000.0,-3887851000.0,0.0,0.0,284363000.0,284363000.0,ABNB,183.63,4543469.0
2021-02-01,859264000.0,209747000.0,329532000.0,2062195000.0,629815000.0,713769000.0,14386000.0,3959444000.0,-3100180000.0,3287000.0,-64140000.0,-831469000.0,-3992502000.0,-104651000.0,-3887851000.0,0.0,0.0,284363000.0,284363000.0,ABNB,180.44,3877389.0
2021-02-02,859264000.0,209747000.0,329532000.0,2062195000.0,629815000.0,713769000.0,14386000.0,3959444000.0,-3100180000.0,3287000.0,-64140000.0,-831469000.0,-3992502000.0,-104651000.0,-3887851000.0,0.0,0.0,284363000.0,284363000.0,ABNB,179.17,4413624.0
2021-02-03,859264000.0,209747000.0,329532000.0,2062195000.0,629815000.0,713769000.0,14386000.0,3959444000.0,-3100180000.0,3287000.0,-64140000.0,-831469000.0,-3992502000.0,-104651000.0,-3887851000.0,0.0,0.0,284363000.0,284363000.0,ABNB,185.72,4185827.0
2021-02-04,859264000.0,209747000.0,329532000.0,2062195000.0,629815000.0,713769000.0,14386000.0,3959444000.0,-3100180000.0,3287000.0,-64140000.0,-831469000.0,-3992502000.0,-104651000.0,-3887851000.0,0.0,0.0,284363000.0,284363000.0,ABNB,195.8,3637039.0
2021-02-05,859264000.0,209747000.0,329532000.0,2062195000.0,629815000.0,713769000.0,14386000.0,3959444000.0,-3100180000.0,3287000.0,-64140000.0,-831469000.0,-3992502000.0,-104651000.0,-3887851000.0,0.0,0.0,284363000.0,284363000.0,ABNB,195.31,2869669.0
2021-02-08,859264000.0,209747000.0,329532000.0,2062195000.0,629815000.0,713769000.0,14386000.0,3959444000.0,-3100180000.0,3287000.0,-64140000.0,-831469000.0,-3992502000.0,-104651000.0,-3887851000.0,0.0,0.0,284363000.0,284363000.0,ABNB,200.43,3492593.0
2021-02-09,859264000.0,209747000.0,329532000.0,2062195000.0,629815000.0,713769000.0,14386000.0,3959444000.0,-3100180000.0,3287000.0,-64140000.0,-831469000.0,-3992502000.0,-104651000.0,-3887851000.0,0.0,0.0,284363000.0,284363000.0,ABNB,199.88,4725841.0
2021-02-10,859264000.0,209747000.0,329532000.0,2062195000.0,629815000.0,713769000.0,14386000.0,3959444000.0,-3100180000.0,3287000.0,-64140000.0,-831469000.0,-3992502000.0,-104651000.0,-3887851000.0,0.0,0.0,284363000.0,284363000.0,ABNB,211.66,5257299.0
2021-02-11,859264000.0,209747000.0,329532000.0,2062195000.0,629815000.0,713769000.0,14386000.0,3959444000.0,-3100180000.0,3287000.0,-64140000.0,-831469000.0,-3992502000.0,-104651000.0,-3887851000.0,0.0,0.0,284363000.0,284363000.0,ABNB,216.84,3595301.0
2021-02-12,859264000.0,209747000.0,329532000.0,2062195000.0,629815000.0,713769000.0,14386000.0,3959444000.0,-3100180000.0,3287000.0,-64140000.0,-831469000.0,-3992502000.0,-104651000.0,-3887851000.0,0.0,0.0,284363000.0,284363000.0,ABNB,212.68,3041744.0
2021-02-16,859264000.0,209747000.0,329532000.0,2062195000.0,629815000.0,713769000.0,14386000.0,3959444000.0,-3100180000.0,3287000.0,-64140000.0,-831469000.0,-3992502000.0,-104651000.0,-3887851000.0,0.0,0.0,284363000.0,284363000.0,ABNB,209.86,3487938.0
2021-02-17,859264000.0,209747000.0,329532000.0,2062195000.0,629815000.0,713769000.0,14386000.0,3959444000.0,-3100180000.0,3287000.0,-64140000.0,-831469000.0,-3992502000.0,-104651000.0,-3887851000.0,0.0,0.0,284363000.0,284363000.0,ABNB,201.96,4090619.0
2021-02-18,859264000.0,209747000.0,329532000.0,2062195000.0,629815000.0,713769000.0,14386000.0,3959444000.0,-3100180000.0,3287000.0,-64140000.0,-831469000.0,-3992502000.0,-104651000.0,-3887851000.0,0.0,0.0,284363000.0,284363000.0,ABNB,198.04,2791419.0
2021-02-19,859264000.0,209747000.0,329532000.0,2062195000.0,629815000.0,713769000.0,14386000.0,3959444000.0,-3100180000.0,3287000.0,-64140000.0,-831469000.0,-3992502000.0,-104651000.0,-3887851000.0,0.0,0.0,284363000.0,284363000.0,ABNB,201.07,2605901.0
2021-02-22,859264000.0,209747000.0,329532000.0,2062195000.0,629815000.0,713769000.0,14386000.0,3959444000.0,-3100180000.0,3287000.0,-64140000.0,-831469000.0,-3992502000.0,-104651000.0,-3887851000.0,0.0,0.0,284363000.0,284363000.0,ABNB,195.34,3674223.0
2021-02-23,859264000.0,209747000.0,329532000.0,2062195000.0,629815000.0,713769000.0,14386000.0,3959444000.0,-3100180000.0,3287000.0,-64140000.0,-831469000.0,-3992502000.0,-104651000.0,-3887851000.0,0.0,0.0,284363000.0,284363000.0,ABNB,187.59,5902429.0
2021-02-24,859264000.0,209747000.0,329532000.0,2062195000.0,629815000.0,713769000.0,14386000.0,3959444000.0,-3100180000.0,3287000.0,-64140000.0,-831469000.0,-3992502000.0,-104651000.0,-3887851000.0,0.0,0.0,284363000.0,284363000.0,ABNB,200.2,5983538.0
2021-02-25,859264000.0,209747000.0,329532000.0,2062195000.0,629815000.0,713769000.0,14386000.0,3959444000.0,-3100180000.0,3287000.0,-64140000.0,-831469000.0,-3992502000.0,-104651000.0,-3887851000.0,0.0,0.0,284363000.0,284363000.0,ABNB,182.06,11568492.0
2021-02-26,859264000.0,209747000.0,329532000.0,2062195000.0,629815000.0,713769000.0,14386000.0,3959444000.0,-3100180000.0,3287000.0,-64140000.0,-831469000.0,-3992502000.0,-104651000.0,-3887851000.0,0.0,0.0,284363000.0,284363000.0,ABNB,206.35,19368608.0
2021-03-01,859264000.0,209747000.0,329532000.0,2062195000.0,629815000.0,713769000.0,14386000.0,3959444000.0,-3100180000.0,3287000.0,-64140000.0,-831469000.0,-3992502000.0,-104651000.0,-3887851000.0,0.0,0.0,284363000.0,284363000.0,ABNB,196.42,15798527.0
2021-03-02,859264000.0,209747000.0,329532000.0,2062195000.0,629815000.0,713769000.0,14386000.0,3959444000.0,-3100180000.0,3287000.0,-64140000.0,-831469000.0,-3992502000.0,-104651000.0,-3887851000.0,0.0,0.0,284363000.0,284363000.0,ABNB,189.9,9144947.0
2021-03-03,859264000.0,209747000.0,329532000.0,2062195000.0,629815000.0,713769000.0,14386000.0,3959444000.0,-3100180000.0,3287000.0,-64140000.0,-831469000.0,-3992502000.0,-104651000.0,-3887851000.0,0.0,0.0,284363000.0,284363000.0,ABNB,180.4,10592934.0
2021-03-04,859264000.0,209747000.0,329532000.0,2062195000.0,629815000.0,713769000.0,14386000.0,3959444000.0,-3100180000.0,3287000.0,-64140000.0,-831469000.0,-3992502000.0,-104651000.0,-3887851000.0,0.0,0.0,284363000.0,284363000.0,ABNB,180.23,9997271.0
2021-03-05,859264000.0,209747000.0,329532000.0,2062195000.0,629815000.0,713769000.0,14386000.0,3959444000.0,-3100180000.0,3287000.0,-64140000.0,-831469000.0,-3992502000.0,-104651000.0,-3887851000.0,0.0,0.0,284363000.0,284363000.0,ABNB,179.81,8788544.0
2021-03-08,859264000.0,209747000.0,329532000.0,2062195000.0,629815000.0,713769000.0,14386000.0,3959444000.0,-3100180000.0,3287000.0,-64140000.0,-831469000.0,-3992502000.0,-104651000.0,-3887851000.0,0.0,0.0,284363000.0,284363000.0,ABNB,180.81,4988473.0
2021-03-09,859264000.0,209747000.0,329532000.0,2062195000.0,629815000.0,713769000.0,14386000.0,3959444000.0,-3100180000.0,3287000.0,-64140000.0,-831469000.0,-3992502000.0,-104651000.0,-3887851000.0,0.0,0.0,284363000.0,284363000.0,ABNB,183.11,6089425.0
2021-03-10,859264000.0,209747000.0,329532000.0,2062195000.0,629815000.0,713769000.0,14386000.0,3959444000.0,-3100180000.0,3287000.0,-64140000.0,-831469000.0,-3992502000.0,-104651000.0,-3887851000.0,0.0,0.0,284363000.0,284363000.0,ABNB,183.79,6145645.0
2021-03-11,859264000.0,209747000.0,329532000.0,2062195000.0,629815000.0,713769000.0,14386000.0,3959444000.0,-3100180000.0,3287000.0,-64140000.0,-831469000.0,-3992502000.0,-104651000.0,-3887851000.0,0.0,0.0,284363000.0,284363000.0,ABNB,197.87,6045594.0
2021-03-12,859264000.0,209747000.0,329532000.0,2062195000.0,629815000.0,713769000.0,14386000.0,3959444000.0,-3100180000.0,3287000.0,-64140000.0,-831469000.0,-3992502000.0,-104651000.0,-3887851000.0,0.0,0.0,284363000.0,284363000.0,ABNB,206.74,5556463.0
2021-03-15,859264000.0,209747000.0,329532000.0,2062195000.0,629815000.0,713769000.0,14386000.0,3959444000.0,-3100180000.0,3287000.0,-64140000.0,-831469000.0,-3992502000.0,-104651000.0,-3887851000.0,0.0,0.0,284363000.0,284363000.0,ABNB,209.99,4337605.0
2021-03-16,859264000.0,209747000.0,329532000.0,2062195000.0,629815000.0,713769000.0,14386000.0,3959444000.0,-3100180000.0,3287000.0,-64140000.0,-831469000.0,-3992502000.0,-104651000.0,-3887851000.0,0.0,0.0,284363000.0,284363000.0,ABNB,200.01,4605572.0
2021-03-17,859264000.0,209747000.0,329532000.0,2062195000.0,629815000.0,713769000.0,14386000.0,3959444000.0,-3100180000.0,3287000.0,-64140000.0,-831469000.0,-3992502000.0,-104651000.0,-3887851000.0,0.0,0.0,284363000.0,284363000.0,ABNB,201.36,3781866.0
2021-03-18,859264000.0,209747000.0,329532000.0,2062195000.0,629815000.0,713769000.0,14386000.0,3959444000.0,-3100180000.0,3287000.0,-64140000.0,-831469000.0,-3992502000.0,-104651000.0,-3887851000.0,0.0,0.0,284363000.0,284363000.0,ABNB,191.45,3729507.0
2021-03-19,859264000.0,209747000.0,329532000.0,2062195000.0,629815000.0,713769000.0,14386000.0,3959444000.0,-3100180000.0,3287000.0,-64140000.0,-831469000.0,-3992502000.0,-104651000.0,-3887851000.0,0.0,0.0,284363000.0,284363000.0,ABNB,194.39,4457453.0
2021-03-22,859264000.0,209747000.0,329532000.0,2062195000.0,629815000.0,713769000.0,14386000.0,3959444000.0,-3100180000.0,3287000.0,-64140000.0,-831469000.0,-3992502000.0,-104651000.0,-3887851000.0,0.0,0.0,284363000.0,284363000.0,ABNB,195.0,3740448.0
2021-03-23,859264000.0,209747000.0,329532000.0,2062195000.0,629815000.0,713769000.0,14386000.0,3959444000.0,-3100180000.0,3287000.0,-64140000.0,-831469000.0,-3992502000.0,-104651000.0,-3887851000.0,0.0,0.0,284363000.0,284363000.0,ABNB,187.14,3482790.0
2021-03-24,859264000.0,209747000.0,329532000.0,2062195000.0,629815000.0,713769000.0,14386000.0,3959444000.0,-3100180000.0,3287000.0,-64140000.0,-831469000.0,-3992502000.0,-104651000.0,-3887851000.0,0.0,0.0,284363000.0,284363000.0,ABNB,178.85,3756097.0
2021-03-25,859264000.0,209747000.0,329532000.0,2062195000.0,629815000.0,713769000.0,14386000.0,3959444000.0,-3100180000.0,3287000.0,-64140000.0,-831469000.0,-3992502000.0,-104651000.0,-3887851000.0,0.0,0.0,284363000.0,284363000.0,ABNB,176.16,5284825.0
2021-03-26,859264000.0,209747000.0,329532000.0,2062195000.0,629815000.0,713769000.0,14386000.0,3959444000.0,-3100180000.0,3287000.0,-64140000.0,-831469000.0,-3992502000.0,-104651000.0,-3887851000.0,0.0,0.0,284363000.0,284363000.0,ABNB,174.4,3562912.0
2021-03-29,859264000.0,209747000.0,329532000.0,2062195000.0,629815000.0,713769000.0,14386000.0,3959444000.0,-3100180000.0,3287000.0,-64140000.0,-831469000.0,-3992502000.0,-104651000.0,-3887851000.0,0.0,0.0,284363000.0,284363000.0,ABNB,182.5,4516260.0
2021-03-30,859264000.0,209747000.0,329532000.0,2062195000.0,629815000.0,713769000.0,14386000.0,3959444000.0,-3100180000.0,3287000.0,-64140000.0,-831469000.0,-3992502000.0,-104651000.0,-3887851000.0,0.0,0.0,284363000.0,284363000.0,ABNB,183.1,2903262.0
2021-03-31,886936000.0,254515000.0,185436000.0,363061000.0,229125000.0,189762000.0,111982000.0,1333881000.0,-446945000.0,3052000.0,-421911000.0,-300098000.0,-1165902000.0,6309000.0,-1172211000.0,-1.95,-1.95,600960000.0,600960000.0,ABNB,187.94,3081375.0
2021-04-01,886936000.0,254515000.0,185436000.0,363061000.0,229125000.0,189762000.0,111982000.0,1333881000.0,-446945000.0,3052000.0,-421911000.0,-300098000.0,-1165902000.0,6309000.0,-1172211000.0,-1.95,-1.95,600960000.0,600960000.0,ABNB,188.24,2919095.0
2021-04-05,886936000.0,254515000.0,185436000.0,363061000.0,229125000.0,189762000.0,111982000.0,1333881000.0,-446945000.0,3052000.0,-421911000.0,-300098000.0,-1165902000.0,6309000.0,-1172211000.0,-1.95,-1.95,600960000.0,600960000.0,ABNB,186.69,2587816.0
2021-04-06,886936000.0,254515000.0,185436000.0,363061000.0,229125000.0,189762000.0,111982000.0,1333881000.0,-446945000.0,3052000.0,-421911000.0,-300098000.0,-1165902000.0,6309000.0,-1172211000.0,-1.95,-1.95,600960000.0,600960000.0,ABNB,190.03,3565018.0
2021-04-07,886936000.0,254515000.0,185436000.0,363061000.0,229125000.0,189762000.0,111982000.0,1333881000.0,-446945000.0,3052000.0,-421911000.0,-300098000.0,-1165902000.0,6309000.0,-1172211000.0,-1.95,-1.95,600960000.0,600960000.0,ABNB,179.94,6652240.0
2021-04-08,886936000.0,254515000.0,185436000.0,363061000.0,229125000.0,189762000.0,111982000.0,1333881000.0,-446945000.0,3052000.0,-421911000.0,-300098000.0,-1165902000.0,6309000.0,-1172211000.0,-1.95,-1.95,600960000.0,600960000.0,ABNB,180.18,2623446.0
2021-04-09,886936000.0,254515000.0,185436000.0,363061000.0,229125000.0,189762000.0,111982000.0,1333881000.0,-446945000.0,3052000.0,-421911000.0,-300098000.0,-1165902000.0,6309000.0,-1172211000.0,-1.95,-1.95,600960000.0,600960000.0,ABNB,179.5,2906857.0
2021-04-12,886936000.0,254515000.0,185436000.0,363061000.0,229125000.0,189762000.0,111982000.0,1333881000.0,-446945000.0,3052000.0,-421911000.0,-300098000.0,-1165902000.0,6309000.0,-1172211000.0,-1.95,-1.95,600960000.0,600960000.0,ABNB,176.5,2544801.0
2021-04-13,886936000.0,254515000.0,185436000.0,363061000.0,229125000.0,189762000.0,111982000.0,1333881000.0,-446945000.0,3052000.0,-421911000.0,-300098000.0,-1165902000.0,6309000.0,-1172211000.0,-1.95,-1.95,600960000.0,600960000.0,ABNB,177.95,3335906.0
2021-04-14,886936000.0,254515000.0,185436000.0,363061000.0,229125000.0,189762000.0,111982000.0,1333881000.0,-446945000.0,3052000.0,-421911000.0,-300098000.0,-1165902000.0,6309000.0,-1172211000.0,-1.95,-1.95,600960000.0,600960000.0,ABNB,176.22,2920034.0
2021-04-15,886936000.0,254515000.0,185436000.0,363061000.0,229125000.0,189762000.0,111982000.0,1333881000.0,-446945000.0,3052000.0,-421911000.0,-300098000.0,-1165902000.0,6309000.0,-1172211000.0,-1.95,-1.95,600960000.0,600960000.0,ABNB,175.375,2861704.0
2021-04-16,886936000.0,254515000.0,185436000.0,363061000.0,229125000.0,189762000.0,111982000.0,1333881000.0,-446945000.0,3052000.0,-421911000.0,-300098000.0,-1165902000.0,6309000.0,-1172211000.0,-1.95,-1.95,600960000.0,600960000.0,ABNB,178.64,2931952.0
2021-04-19,886936000.0,254515000.0,185436000.0,363061000.0,229125000.0,189762000.0,111982000.0,1333881000.0,-446945000.0,3052000.0,-421911000.0,-300098000.0,-1165902000.0,6309000.0,-1172211000.0,-1.95,-1.95,600960000.0,600960000.0,ABNB,174.59,3043889.0
2021-04-20,886936000.0,254515000.0,185436000.0,363061000.0,229125000.0,189762000.0,111982000.0,1333881000.0,-446945000.0,3052000.0,-421911000.0,-300098000.0,-1165902000.0,6309000.0,-1172211000.0,-1.95,-1.95,600960000.0,600960000.0,ABNB,169.57,4489886.0
2021-04-21,886936000.0,254515000.0,185436000.0,363061000.0,229125000.0,189762000.0,111982000.0,1333881000.0,-446945000.0,3052000.0,-421911000.0,-300098000.0,-1165902000.0,6309000.0,-1172211000.0,-1.95,-1.95,600960000.0,600960000.0,ABNB,166.985,3817114.0
2021-04-22,886936000.0,254515000.0,185436000.0,363061000.0,229125000.0,189762000.0,111982000.0,1333881000.0,-446945000.0,3052000.0,-421911000.0,-300098000.0,-1165902000.0,6309000.0,-1172211000.0,-1.95,-1.95,600960000.0,600960000.0,ABNB,170.71,3879217.0
2021-04-23,886936000.0,254515000.0,185436000.0,363061000.0,229125000.0,189762000.0,111982000.0,1333881000.0,-446945000.0,3052000.0,-421911000.0,-300098000.0,-1165902000.0,6309000.0,-1172211000.0,-1.95,-1.95,600960000.0,600960000.0,ABNB,174.25,3361034.0
2021-04-26,886936000.0,254515000.0,185436000.0,363061000.0,229125000.0,189762000.0,111982000.0,1333881000.0,-446945000.0,3052000.0,-421911000.0,-300098000.0,-1165902000.0,6309000.0,-1172211000.0,-1.95,-1.95,600960000.0,600960000.0,ABNB,174.88,2548435.0
2021-04-27,886936000.0,254515000.0,185436000.0,363061000.0,229125000.0,189762000.0,111982000.0,1333881000.0,-446945000.0,3052000.0,-421911000.0,-300098000.0,-1165902000.0,6309000.0,-1172211000.0,-1.95,-1.95,600960000.0,600960000.0,ABNB,177.94,2894611.0
2021-04-28,886936000.0,254515000.0,185436000.0,363061000.0,229125000.0,189762000.0,111982000.0,1333881000.0,-446945000.0,3052000.0,-421911000.0,-300098000.0,-1165902000.0,6309000.0,-1172211000.0,-1.95,-1.95,600960000.0,600960000.0,ABNB,180.0,2357357.0
2021-04-29,886936000.0,254515000.0,185436000.0,363061000.0,229125000.0,189762000.0,111982000.0,1333881000.0,-446945000.0,3052000.0,-421911000.0,-300098000.0,-1165902000.0,6309000.0,-1172211000.0,-1.95,-1.95,600960000.0,600960000.0,ABNB,177.68,3090784.0
2021-04-30,886936000.0,254515000.0,185436000.0,363061000.0,229125000.0,189762000.0,111982000.0,1333881000.0,-446945000.0,3052000.0,-421911000.0,-300098000.0,-1165902000.0,6309000.0,-1172211000.0,-1.95,-1.95,600960000.0,600960000.0,ABNB,172.71,3586692.0
2021-05-03,886936000.0,254515000.0,185436000.0,363061000.0,229125000.0,189762000.0,111982000.0,1333881000.0,-446945000.0,3052000.0,-421911000.0,-300098000.0,-1165902000.0,6309000.0,-1172211000.0,-1.95,-1.95,600960000.0,600960000.0,ABNB,168.11,3148730.0
2021-05-04,886936000.0,254515000.0,185436000.0,363061000.0,229125000.0,189762000.0,111982000.0,1333881000.0,-446945000.0,3052000.0,-421911000.0,-300098000.0,-1165902000.0,6309000.0,-1172211000.0,-1.95,-1.95,600960000.0,600960000.0,ABNB,168.9,4649508.0
2021-05-05,886936000.0,254515000.0,185436000.0,363061000.0,229125000.0,189762000.0,111982000.0,1333881000.0,-446945000.0,3052000.0,-421911000.0,-300098000.0,-1165902000.0,6309000.0,-1172211000.0,-1.95,-1.95,600960000.0,600960000.0,ABNB,162.33,3597110.0
2021-05-06,886936000.0,254515000.0,185436000.0,363061000.0,229125000.0,189762000.0,111982000.0,1333881000.0,-446945000.0,3052000.0,-421911000.0,-300098000.0,-1165902000.0,6309000.0,-1172211000.0,-1.95,-1.95,600960000.0,600960000.0,ABNB,153.71,8390991.0
2021-05-07,886936000.0,254515000.0,185436000.0,363061000.0,229125000.0,189762000.0,111982000.0,1333881000.0,-446945000.0,3052000.0,-421911000.0,-300098000.0,-1165902000.0,6309000.0,-1172211000.0,-1.95,-1.95,600960000.0,600960000.0,ABNB,151.21,7132606.0
2021-05-10,886936000.0,254515000.0,185436000.0,363061000.0,229125000.0,189762000.0,111982000.0,1333881000.0,-446945000.0,3052000.0,-421911000.0,-300098000.0,-1165902000.0,6309000.0,-1172211000.0,-1.95,-1.95,600960000.0,600960000.0,ABNB,146.73,5833490.0
2021-05-11,886936000.0,254515000.0,185436000.0,363061000.0,229125000.0,189762000.0,111982000.0,1333881000.0,-446945000.0,3052000.0,-421911000.0,-300098000.0,-1165902000.0,6309000.0,-1172211000.0,-1.95,-1.95,600960000.0,600960000.0,ABNB,142.73,8234175.0
2021-05-12,886936000.0,254515000.0,185436000.0,363061000.0,229125000.0,189762000.0,111982000.0,1333881000.0,-446945000.0,3052000.0,-421911000.0,-300098000.0,-1165902000.0,6309000.0,-1172211000.0,-1.95,-1.95,600960000.0,600960000.0,ABNB,140.25,5298442.0
2021-05-13,886936000.0,254515000.0,185436000.0,363061000.0,229125000.0,189762000.0,111982000.0,1333881000.0,-446945000.0,3052000.0,-421911000.0,-300098000.0,-1165902000.0,6309000.0,-1172211000.0,-1.95,-1.95,600960000.0,600960000.0,ABNB,136.19,12747553.0
2021-05-14,886936000.0,254515000.0,185436000.0,363061000.0,229125000.0,189762000.0,111982000.0,1333881000.0,-446945000.0,3052000.0,-421911000.0,-300098000.0,-1165902000.0,6309000.0,-1172211000.0,-1.95,-1.95,600960000.0,600960000.0,ABNB,141.2,20236184.0
2021-05-17,886936000.0,254515000.0,185436000.0,363061000.0,229125000.0,189762000.0,111982000.0,1333881000.0,-446945000.0,3052000.0,-421911000.0,-300098000.0,-1165902000.0,6309000.0,-1172211000.0,-1.95,-1.95,600960000.0,600960000.0,ABNB,132.5,39759805.0
2021-05-18,886936000.0,254515000.0,185436000.0,363061000.0,229125000.0,189762000.0,111982000.0,1333881000.0,-446945000.0,3052000.0,-421911000.0,-300098000.0,-1165902000.0,6309000.0,-1172211000.0,-1.95,-1.95,600960000.0,600960000.0,ABNB,135.02,18564949.0
2021-05-19,886936000.0,254515000.0,185436000.0,363061000.0,229125000.0,189762000.0,111982000.0,1333881000.0,-446945000.0,3052000.0,-421911000.0,-300098000.0,-1165902000.0,6309000.0,-1172211000.0,-1.95,-1.95,600960000.0,600960000.0,ABNB,138.19,15568045.0
2021-05-20,886936000.0,254515000.0,185436000.0,363061000.0,229125000.0,189762000.0,111982000.0,1333881000.0,-446945000.0,3052000.0,-421911000.0,-300098000.0,-1165902000.0,6309000.0,-1172211000.0,-1.95,-1.95,600960000.0,600960000.0,ABNB,136.2,8906873.0
2021-05-21,886936000.0,254515000.0,185436000.0,363061000.0,229125000.0,189762000.0,111982000.0,1333881000.0,-446945000.0,3052000.0,-421911000.0,-300098000.0,-1165902000.0,6309000.0,-1172211000.0,-1.95,-1.95,600960000.0,600960000.0,ABNB,134.71,10056383.0
2021-05-24,886936000.0,254515000.0,185436000.0,363061000.0,229125000.0,189762000.0,111982000.0,1333881000.0,-446945000.0,3052000.0,-421911000.0,-300098000.0,-1165902000.0,6309000.0,-1172211000.0,-1.95,-1.95,600960000.0,600960000.0,ABNB,135.91,8541081.0
2021-05-25,886936000.0,254515000.0,185436000.0,363061000.0,229125000.0,189762000.0,111982000.0,1333881000.0,-446945000.0,3052000.0,-421911000.0,-300098000.0,-1165902000.0,6309000.0,-1172211000.0,-1.95,-1.95,600960000.0,600960000.0,ABNB,133.99,10435242.0
2021-05-26,886936000.0,254515000.0,185436000.0,363061000.0,229125000.0,189762000.0,111982000.0,1333881000.0,-446945000.0,3052000.0,-421911000.0,-300098000.0,-1165902000.0,6309000.0,-1172211000.0,-1.95,-1.95,600960000.0,600960000.0,ABNB,134.75,8179020.0
2021-05-27,886936000.0,254515000.0,185436000.0,363061000.0,229125000.0,189762000.0,111982000.0,1333881000.0,-446945000.0,3052000.0,-421911000.0,-300098000.0,-1165902000.0,6309000.0,-1172211000.0,-1.95,-1.95,600960000.0,600960000.0,ABNB,143.17,21269889.0
2021-05-28,886936000.0,254515000.0,185436000.0,363061000.0,229125000.0,189762000.0,111982000.0,1333881000.0,-446945000.0,3052000.0,-421911000.0,-300098000.0,-1165902000.0,6309000.0,-1172211000.0,-1.95,-1.95,600960000.0,600960000.0,ABNB,140.4,12000531.0
2021-06-01,886936000.0,254515000.0,185436000.0,363061000.0,229125000.0,189762000.0,111982000.0,1333881000.0,-446945000.0,3052000.0,-421911000.0,-300098000.0,-1165902000.0,6309000.0,-1172211000.0,-1.95,-1.95,600960000.0,600960000.0,ABNB,144.31,17106942.0
2021-06-02,886936000.0,254515000.0,185436000.0,363061000.0,229125000.0,189762000.0,111982000.0,1333881000.0,-446945000.0,3052000.0,-421911000.0,-300098000.0,-1165902000.0,6309000.0,-1172211000.0,-1.95,-1.95,600960000.0,600960000.0,ABNB,151.0,16244518.0
2021-06-03,886936000.0,254515000.0,185436000.0,363061000.0,229125000.0,189762000.0,111982000.0,1333881000.0,-446945000.0,3052000.0,-421911000.0,-300098000.0,-1165902000.0,6309000.0,-1172211000.0,-1.95,-1.95,600960000.0,600960000.0,ABNB,144.19,11082944.0
2021-06-04,886936000.0,254515000.0,185436000.0,363061000.0,229125000.0,189762000.0,111982000.0,1333881000.0,-446945000.0,3052000.0,-421911000.0,-300098000.0,-1165902000.0,6309000.0,-1172211000.0,-1.95,-1.95,600960000.0,600960000.0,ABNB,150.73,8534567.0
2021-06-07,886936000.0,254515000.0,185436000.0,363061000.0,229125000.0,189762000.0,111982000.0,1333881000.0,-446945000.0,3052000.0,-421911000.0,-300098000.0,-1165902000.0,6309000.0,-1172211000.0,-1.95,-1.95,600960000.0,600960000.0,ABNB,148.97,7780111.0
2021-06-08,886936000.0,254515000.0,185436000.0,363061000.0,229125000.0,189762000.0,111982000.0,1333881000.0,-446945000.0,3052000.0,-421911000.0,-300098000.0,-1165902000.0,6309000.0,-1172211000.0,-1.95,-1.95,600960000.0,600960000.0,ABNB,147.01,7125325.0
2021-06-09,886936000.0,254515000.0,185436000.0,363061000.0,229125000.0,189762000.0,111982000.0,1333881000.0,-446945000.0,3052000.0,-421911000.0,-300098000.0,-1165902000.0,6309000.0,-1172211000.0,-1.95,-1.95,600960000.0,600960000.0,ABNB,144.85,5602169.0
2021-06-10,886936000.0,254515000.0,185436000.0,363061000.0,229125000.0,189762000.0,111982000.0,1333881000.0,-446945000.0,3052000.0,-421911000.0,-300098000.0,-1165902000.0,6309000.0,-1172211000.0,-1.95,-1.95,600960000.0,600960000.0,ABNB,146.12,9476009.0
2021-06-11,886936000.0,254515000.0,185436000.0,363061000.0,229125000.0,189762000.0,111982000.0,1333881000.0,-446945000.0,3052000.0,-421911000.0,-300098000.0,-1165902000.0,6309000.0,-1172211000.0,-1.95,-1.95,600960000.0,600960000.0,ABNB,148.44,4817485.0
2021-06-14,886936000.0,254515000.0,185436000.0,363061000.0,229125000.0,189762000.0,111982000.0,1333881000.0,-446945000.0,3052000.0,-421911000.0,-300098000.0,-1165902000.0,6309000.0,-1172211000.0,-1.95,-1.95,600960000.0,600960000.0,ABNB,149.21,6104739.0
2021-06-15,886936000.0,254515000.0,185436000.0,363061000.0,229125000.0,189762000.0,111982000.0,1333881000.0,-446945000.0,3052000.0,-421911000.0,-300098000.0,-1165902000.0,6309000.0,-1172211000.0,-1.95,-1.95,600960000.0,600960000.0,ABNB,151.78,12006713.0
2021-06-16,886936000.0,254515000.0,185436000.0,363061000.0,229125000.0,189762000.0,111982000.0,1333881000.0,-446945000.0,3052000.0,-421911000.0,-300098000.0,-1165902000.0,6309000.0,-1172211000.0,-1.95,-1.95,600960000.0,600960000.0,ABNB,149.15,9626711.0
2021-06-17,886936000.0,254515000.0,185436000.0,363061000.0,229125000.0,189762000.0,111982000.0,1333881000.0,-446945000.0,3052000.0,-421911000.0,-300098000.0,-1165902000.0,6309000.0,-1172211000.0,-1.95,-1.95,600960000.0,600960000.0,ABNB,150.7,8164322.0
2021-06-18,886936000.0,254515000.0,185436000.0,363061000.0,229125000.0,189762000.0,111982000.0,1333881000.0,-446945000.0,3052000.0,-421911000.0,-300098000.0,-1165902000.0,6309000.0,-1172211000.0,-1.95,-1.95,600960000.0,600960000.0,ABNB,152.52,11609456.0
2021-06-21,886936000.0,254515000.0,185436000.0,363061000.0,229125000.0,189762000.0,111982000.0,1333881000.0,-446945000.0,3052000.0,-421911000.0,-300098000.0,-1165902000.0,6309000.0,-1172211000.0,-1.95,-1.95,600960000.0,600960000.0,ABNB,149.7,8034174.0
2021-06-22,886936000.0,254515000.0,185436000.0,363061000.0,229125000.0,189762000.0,111982000.0,1333881000.0,-446945000.0,3052000.0,-421911000.0,-300098000.0,-1165902000.0,6309000.0,-1172211000.0,-1.95,-1.95,600960000.0,600960000.0,ABNB,149.68,5787643.0
2021-06-23,886936000.0,254515000.0,185436000.0,363061000.0,229125000.0,189762000.0,111982000.0,1333881000.0,-446945000.0,3052000.0,-421911000.0,-300098000.0,-1165902000.0,6309000.0,-1172211000.0,-1.95,-1.95,600960000.0,600960000.0,ABNB,151.58,9330885.0
2021-06-24,886936000.0,254515000.0,185436000.0,363061000.0,229125000.0,189762000.0,111982000.0,1333881000.0,-446945000.0,3052000.0,-421911000.0,-300098000.0,-1165902000.0,6309000.0,-1172211000.0,-1.95,-1.95,600960000.0,600960000.0,ABNB,150.73,8168427.0
2021-06-25,886936000.0,254515000.0,185436000.0,363061000.0,229125000.0,189762000.0,111982000.0,1333881000.0,-446945000.0,3052000.0,-421911000.0,-300098000.0,-1165902000.0,6309000.0,-1172211000.0,-1.95,-1.95,600960000.0,600960000.0,ABNB,149.67,6442966.0
2021-06-28,886936000.0,254515000.0,185436000.0,363061000.0,229125000.0,189762000.0,111982000.0,1333881000.0,-446945000.0,3052000.0,-421911000.0,-300098000.0,-1165902000.0,6309000.0,-1172211000.0,-1.95,-1.95,600960000.0,600960000.0,ABNB,149.94,6449140.0
2021-06-29,886936000.0,254515000.0,185436000.0,363061000.0,229125000.0,189762000.0,111982000.0,1333881000.0,-446945000.0,3052000.0,-421911000.0,-300098000.0,-1165902000.0,6309000.0,-1172211000.0,-1.95,-1.95,600960000.0,600960000.0,ABNB,146.08,7477182.0
2021-06-30,1335196000.0,294427000.0,208125000.0,349734000.0,315323000.0,218303000.0,562000.0,1386474000.0,-51278000.0,2942000.0,-6520000.0,-2128000.0,-56984000.0,11233000.0,-68217000.0,-0.11,-0.11,611739000.0,611739000.0,ABNB,153.14,9794565.0
2021-07-01,1335196000.0,294427000.0,208125000.0,349734000.0,315323000.0,218303000.0,562000.0,1386474000.0,-51278000.0,2942000.0,-6520000.0,-2128000.0,-56984000.0,11233000.0,-68217000.0,-0.11,-0.11,611739000.0,611739000.0,ABNB,153.08,9784119.0
2021-07-02,1335196000.0,294427000.0,208125000.0,349734000.0,315323000.0,218303000.0,562000.0,1386474000.0,-51278000.0,2942000.0,-6520000.0,-2128000.0,-56984000.0,11233000.0,-68217000.0,-0.11,-0.11,611739000.0,611739000.0,ABNB,150.23,4844259.0
2021-07-06,1335196000.0,294427000.0,208125000.0,349734000.0,315323000.0,218303000.0,562000.0,1386474000.0,-51278000.0,2942000.0,-6520000.0,-2128000.0,-56984000.0,11233000.0,-68217000.0,-0.11,-0.11,611739000.0,611739000.0,ABNB,148.37,5066010.0
2021-07-07,1335196000.0,294427000.0,208125000.0,349734000.0,315323000.0,218303000.0,562000.0,1386474000.0,-51278000.0,2942000.0,-6520000.0,-2128000.0,-56984000.0,11233000.0,-68217000.0,-0.11,-0.11,611739000.0,611739000.0,ABNB,143.72,5648554.0
2021-07-08,1335196000.0,294427000.0,208125000.0,349734000.0,315323000.0,218303000.0,562000.0,1386474000.0,-51278000.0,2942000.0,-6520000.0,-2128000.0,-56984000.0,11233000.0,-68217000.0,-0.11,-0.11,611739000.0,611739000.0,ABNB,142.53,4821542.0
2021-07-09,1335196000.0,294427000.0,208125000.0,349734000.0,315323000.0,218303000.0,562000.0,1386474000.0,-51278000.0,2942000.0,-6520000.0,-2128000.0,-56984000.0,11233000.0,-68217000.0,-0.11,-0.11,611739000.0,611739000.0,ABNB,149.64,7062065.0
2021-07-12,1335196000.0,294427000.0,208125000.0,349734000.0,315323000.0,218303000.0,562000.0,1386474000.0,-51278000.0,2942000.0,-6520000.0,-2128000.0,-56984000.0,11233000.0,-68217000.0,-0.11,-0.11,611739000.0,611739000.0,ABNB,146.69,3275349.0
2021-07-13,1335196000.0,294427000.0,208125000.0,349734000.0,315323000.0,218303000.0,562000.0,1386474000.0,-51278000.0,2942000.0,-6520000.0,-2128000.0,-56984000.0,11233000.0,-68217000.0,-0.11,-0.11,611739000.0,611739000.0,ABNB,143.41,5865769.0
2021-07-14,1335196000.0,294427000.0,208125000.0,349734000.0,315323000.0,218303000.0,562000.0,1386474000.0,-51278000.0,2942000.0,-6520000.0,-2128000.0,-56984000.0,11233000.0,-68217000.0,-0.11,-0.11,611739000.0,611739000.0,ABNB,139.09,8547890.0
2021-07-15,1335196000.0,294427000.0,208125000.0,349734000.0,315323000.0,218303000.0,562000.0,1386474000.0,-51278000.0,2942000.0,-6520000.0,-2128000.0,-56984000.0,11233000.0,-68217000.0,-0.11,-0.11,611739000.0,611739000.0,ABNB,137.5,6571744.0
2021-07-16,1335196000.0,294427000.0,208125000.0,349734000.0,315323000.0,218303000.0,562000.0,1386474000.0,-51278000.0,2942000.0,-6520000.0,-2128000.0,-56984000.0,11233000.0,-68217000.0,-0.11,-0.11,611739000.0,611739000.0,ABNB,134.31,6089776.0
2021-07-19,1335196000.0,294427000.0,208125000.0,349734000.0,315323000.0,218303000.0,562000.0,1386474000.0,-51278000.0,2942000.0,-6520000.0,-2128000.0,-56984000.0,11233000.0,-68217000.0,-0.11,-0.11,611739000.0,611739000.0,ABNB,131.88,7205529.0
2021-07-20,1335196000.0,294427000.0,208125000.0,349734000.0,315323000.0,218303000.0,562000.0,1386474000.0,-51278000.0,2942000.0,-6520000.0,-2128000.0,-56984000.0,11233000.0,-68217000.0,-0.11,-0.11,611739000.0,611739000.0,ABNB,136.09,6269366.0
2021-07-21,1335196000.0,294427000.0,208125000.0,349734000.0,315323000.0,218303000.0,562000.0,1386474000.0,-51278000.0,2942000.0,-6520000.0,-2128000.0,-56984000.0,11233000.0,-68217000.0,-0.11,-0.11,611739000.0,611739000.0,ABNB,139.25,5266170.0
2021-07-22,1335196000.0,294427000.0,208125000.0,349734000.0,315323000.0,218303000.0,562000.0,1386474000.0,-51278000.0,2942000.0,-6520000.0,-2128000.0,-56984000.0,11233000.0,-68217000.0,-0.11,-0.11,611739000.0,611739000.0,ABNB,139.47,4627555.0
2021-07-23,1335196000.0,294427000.0,208125000.0,349734000.0,315323000.0,218303000.0,562000.0,1386474000.0,-51278000.0,2942000.0,-6520000.0,-2128000.0,-56984000.0,11233000.0,-68217000.0,-0.11,-0.11,611739000.0,611739000.0,ABNB,138.73,2810586.0
2021-07-26,1335196000.0,294427000.0,208125000.0,349734000.0,315323000.0,218303000.0,562000.0,1386474000.0,-51278000.0,2942000.0,-6520000.0,-2128000.0,-56984000.0,11233000.0,-68217000.0,-0.11,-0.11,611739000.0,611739000.0,ABNB,142.0,6488488.0
2021-07-27,1335196000.0,294427000.0,208125000.0,349734000.0,315323000.0,218303000.0,562000.0,1386474000.0,-51278000.0,2942000.0,-6520000.0,-2128000.0,-56984000.0,11233000.0,-68217000.0,-0.11,-0.11,611739000.0,611739000.0,ABNB,141.58,5112548.0
2021-07-28,1335196000.0,294427000.0,208125000.0,349734000.0,315323000.0,218303000.0,562000.0,1386474000.0,-51278000.0,2942000.0,-6520000.0,-2128000.0,-56984000.0,11233000.0,-68217000.0,-0.11,-0.11,611739000.0,611739000.0,ABNB,143.3,4463817.0
2021-07-29,1335196000.0,294427000.0,208125000.0,349734000.0,315323000.0,218303000.0,562000.0,1386474000.0,-51278000.0,2942000.0,-6520000.0,-2128000.0,-56984000.0,11233000.0,-68217000.0,-0.11,-0.11,611739000.0,611739000.0,ABNB,143.47,5001427.0
2021-07-30,1335196000.0,294427000.0,208125000.0,349734000.0,315323000.0,218303000.0,562000.0,1386474000.0,-51278000.0,2942000.0,-6520000.0,-2128000.0,-56984000.0,11233000.0,-68217000.0,-0.11,-0.11,611739000.0,611739000.0,ABNB,144.01,4162595.0
2021-08-02,1335196000.0,294427000.0,208125000.0,349734000.0,315323000.0,218303000.0,562000.0,1386474000.0,-51278000.0,2942000.0,-6520000.0,-2128000.0,-56984000.0,11233000.0,-68217000.0,-0.11,-0.11,611739000.0,611739000.0,ABNB,145.49,4518863.0
2021-08-03,1335196000.0,294427000.0,208125000.0,349734000.0,315323000.0,218303000.0,562000.0,1386474000.0,-51278000.0,2942000.0,-6520000.0,-2128000.0,-56984000.0,11233000.0,-68217000.0,-0.11,-0.11,611739000.0,611739000.0,ABNB,145.65,5487915.0
2021-08-04,1335196000.0,294427000.0,208125000.0,349734000.0,315323000.0,218303000.0,562000.0,1386474000.0,-51278000.0,2942000.0,-6520000.0,-2128000.0,-56984000.0,11233000.0,-68217000.0,-0.11,-0.11,611739000.0,611739000.0,ABNB,147.4,4630044.0
2021-08-05,1335196000.0,294427000.0,208125000.0,349734000.0,315323000.0,218303000.0,562000.0,1386474000.0,-51278000.0,2942000.0,-6520000.0,-2128000.0,-56984000.0,11233000.0,-68217000.0,-0.11,-0.11,611739000.0,611739000.0,ABNB,150.32,4737099.0
2021-08-06,1335196000.0,294427000.0,208125000.0,349734000.0,315323000.0,218303000.0,562000.0,1386474000.0,-51278000.0,2942000.0,-6520000.0,-2128000.0,-56984000.0,11233000.0,-68217000.0,-0.11,-0.11,611739000.0,611739000.0,ABNB,149.99,4053111.0
2021-08-09,1335196000.0,294427000.0,208125000.0,349734000.0,315323000.0,218303000.0,562000.0,1386474000.0,-51278000.0,2942000.0,-6520000.0,-2128000.0,-56984000.0,11233000.0,-68217000.0,-0.11,-0.11,611739000.0,611739000.0,ABNB,149.44,5539824.0
2021-08-10,1335196000.0,294427000.0,208125000.0,349734000.0,315323000.0,218303000.0,562000.0,1386474000.0,-51278000.0,2942000.0,-6520000.0,-2128000.0,-56984000.0,11233000.0,-68217000.0,-0.11,-0.11,611739000.0,611739000.0,ABNB,147.95,5176300.0
2021-08-11,1335196000.0,294427000.0,208125000.0,349734000.0,315323000.0,218303000.0,562000.0,1386474000.0,-51278000.0,2942000.0,-6520000.0,-2128000.0,-56984000.0,11233000.0,-68217000.0,-0.11,-0.11,611739000.0,611739000.0,ABNB,148.16,6715492.0
2021-08-12,1335196000.0,294427000.0,208125000.0,349734000.0,315323000.0,218303000.0,562000.0,1386474000.0,-51278000.0,2942000.0,-6520000.0,-2128000.0,-56984000.0,11233000.0,-68217000.0,-0.11,-0.11,611739000.0,611739000.0,ABNB,151.15,8925100.0
2021-08-13,1335196000.0,294427000.0,208125000.0,349734000.0,315323000.0,218303000.0,562000.0,1386474000.0,-51278000.0,2942000.0,-6520000.0,-2128000.0,-56984000.0,11233000.0,-68217000.0,-0.11,-0.11,611739000.0,611739000.0,ABNB,152.76,16829435.0
2021-08-16,1335196000.0,294427000.0,208125000.0,349734000.0,315323000.0,218303000.0,562000.0,1386474000.0,-51278000.0,2942000.0,-6520000.0,-2128000.0,-56984000.0,11233000.0,-68217000.0,-0.11,-0.11,611739000.0,611739000.0,ABNB,148.57,7715780.0
2021-08-17,1335196000.0,294427000.0,208125000.0,349734000.0,315323000.0,218303000.0,562000.0,1386474000.0,-51278000.0,2942000.0,-6520000.0,-2128000.0,-56984000.0,11233000.0,-68217000.0,-0.11,-0.11,611739000.0,611739000.0,ABNB,143.9,7853970.0
2021-08-18,1335196000.0,294427000.0,208125000.0,349734000.0,315323000.0,218303000.0,562000.0,1386474000.0,-51278000.0,2942000.0,-6520000.0,-2128000.0,-56984000.0,11233000.0,-68217000.0,-0.11,-0.11,611739000.0,611739000.0,ABNB,146.74,5184898.0
2021-08-19,1335196000.0,294427000.0,208125000.0,349734000.0,315323000.0,218303000.0,562000.0,1386474000.0,-51278000.0,2942000.0,-6520000.0,-2128000.0,-56984000.0,11233000.0,-68217000.0,-0.11,-0.11,611739000.0,611739000.0,ABNB,142.65,4730542.0
2021-08-20,1335196000.0,294427000.0,208125000.0,349734000.0,315323000.0,218303000.0,562000.0,1386474000.0,-51278000.0,2942000.0,-6520000.0,-2128000.0,-56984000.0,11233000.0,-68217000.0,-0.11,-0.11,611739000.0,611739000.0,ABNB,143.7,3003998.0
2021-08-23,1335196000.0,294427000.0,208125000.0,349734000.0,315323000.0,218303000.0,562000.0,1386474000.0,-51278000.0,2942000.0,-6520000.0,-2128000.0,-56984000.0,11233000.0,-68217000.0,-0.11,-0.11,611739000.0,611739000.0,ABNB,146.79,4725813.0
2021-08-24,1335196000.0,294427000.0,208125000.0,349734000.0,315323000.0,218303000.0,562000.0,1386474000.0,-51278000.0,2942000.0,-6520000.0,-2128000.0,-56984000.0,11233000.0,-68217000.0,-0.11,-0.11,611739000.0,611739000.0,ABNB,161.42,22096480.0
2021-08-25,1335196000.0,294427000.0,208125000.0,349734000.0,315323000.0,218303000.0,562000.0,1386474000.0,-51278000.0,2942000.0,-6520000.0,-2128000.0,-56984000.0,11233000.0,-68217000.0,-0.11,-0.11,611739000.0,611739000.0,ABNB,160.35,7267311.0
2021-08-26,1335196000.0,294427000.0,208125000.0,349734000.0,315323000.0,218303000.0,562000.0,1386474000.0,-51278000.0,2942000.0,-6520000.0,-2128000.0,-56984000.0,11233000.0,-68217000.0,-0.11,-0.11,611739000.0,611739000.0,ABNB,152.73,7242371.0
2021-08-27,1335196000.0,294427000.0,208125000.0,349734000.0,315323000.0,218303000.0,562000.0,1386474000.0,-51278000.0,2942000.0,-6520000.0,-2128000.0,-56984000.0,11233000.0,-68217000.0,-0.11,-0.11,611739000.0,611739000.0,ABNB,154.18,4817058.0
2021-08-30,1335196000.0,294427000.0,208125000.0,349734000.0,315323000.0,218303000.0,562000.0,1386474000.0,-51278000.0,2942000.0,-6520000.0,-2128000.0,-56984000.0,11233000.0,-68217000.0,-0.11,-0.11,611739000.0,611739000.0,ABNB,156.02,3968424.0
2021-08-31,1335196000.0,294427000.0,208125000.0,349734000.0,315323000.0,218303000.0,562000.0,1386474000.0,-51278000.0,2942000.0,-6520000.0,-2128000.0,-56984000.0,11233000.0,-68217000.0,-0.11,-0.11,611739000.0,611739000.0,ABNB,154.99,7397632.0
2021-09-01,1335196000.0,294427000.0,208125000.0,349734000.0,315323000.0,218303000.0,562000.0,1386474000.0,-51278000.0,2942000.0,-6520000.0,-2128000.0,-56984000.0,11233000.0,-68217000.0,-0.11,-0.11,611739000.0,611739000.0,ABNB,156.59,4323402.0
2021-09-02,1335196000.0,294427000.0,208125000.0,349734000.0,315323000.0,218303000.0,562000.0,1386474000.0,-51278000.0,2942000.0,-6520000.0,-2128000.0,-56984000.0,11233000.0,-68217000.0,-0.11,-0.11,611739000.0,611739000.0,ABNB,157.2,3301993.0
2021-09-03,1335196000.0,294427000.0,208125000.0,349734000.0,315323000.0,218303000.0,562000.0,1386474000.0,-51278000.0,2942000.0,-6520000.0,-2128000.0,-56984000.0,11233000.0,-68217000.0,-0.11,-0.11,611739000.0,611739000.0,ABNB,158.0,4459310.0
2021-09-07,1335196000.0,294427000.0,208125000.0,349734000.0,315323000.0,218303000.0,562000.0,1386474000.0,-51278000.0,2942000.0,-6520000.0,-2128000.0,-56984000.0,11233000.0,-68217000.0,-0.11,-0.11,611739000.0,611739000.0,ABNB,165.0,11016968.0
2021-09-08,1335196000.0,294427000.0,208125000.0,349734000.0,315323000.0,218303000.0,562000.0,1386474000.0,-51278000.0,2942000.0,-6520000.0,-2128000.0,-56984000.0,11233000.0,-68217000.0,-0.11,-0.11,611739000.0,611739000.0,ABNB,163.93,5840693.0
2021-09-09,1335196000.0,294427000.0,208125000.0,349734000.0,315323000.0,218303000.0,562000.0,1386474000.0,-51278000.0,2942000.0,-6520000.0,-2128000.0,-56984000.0,11233000.0,-68217000.0,-0.11,-0.11,611739000.0,611739000.0,ABNB,166.0,5934939.0
2021-09-10,1335196000.0,294427000.0,208125000.0,349734000.0,315323000.0,218303000.0,562000.0,1386474000.0,-51278000.0,2942000.0,-6520000.0,-2128000.0,-56984000.0,11233000.0,-68217000.0,-0.11,-0.11,611739000.0,611739000.0,ABNB,165.2,3982233.0
2021-09-13,1335196000.0,294427000.0,208125000.0,349734000.0,315323000.0,218303000.0,562000.0,1386474000.0,-51278000.0,2942000.0,-6520000.0,-2128000.0,-56984000.0,11233000.0,-68217000.0,-0.11,-0.11,611739000.0,611739000.0,ABNB,160.32,7512813.0
2021-09-14,1335196000.0,294427000.0,208125000.0,349734000.0,315323000.0,218303000.0,562000.0,1386474000.0,-51278000.0,2942000.0,-6520000.0,-2128000.0,-56984000.0,11233000.0,-68217000.0,-0.11,-0.11,611739000.0,611739000.0,ABNB,163.3,4651548.0
2021-09-15,1335196000.0,294427000.0,208125000.0,349734000.0,315323000.0,218303000.0,562000.0,1386474000.0,-51278000.0,2942000.0,-6520000.0,-2128000.0,-56984000.0,11233000.0,-68217000.0,-0.11,-0.11,611739000.0,611739000.0,ABNB,166.37,5655720.0
2021-09-16,1335196000.0,294427000.0,208125000.0,349734000.0,315323000.0,218303000.0,562000.0,1386474000.0,-51278000.0,2942000.0,-6520000.0,-2128000.0,-56984000.0,11233000.0,-68217000.0,-0.11,-0.11,611739000.0,611739000.0,ABNB,168.15,6090490.0
2021-09-17,1335196000.0,294427000.0,208125000.0,349734000.0,315323000.0,218303000.0,562000.0,1386474000.0,-51278000.0,2942000.0,-6520000.0,-2128000.0,-56984000.0,11233000.0,-68217000.0,-0.11,-0.11,611739000.0,611739000.0,ABNB,166.59,20002182.0
2021-09-20,1335196000.0,294427000.0,208125000.0,349734000.0,315323000.0,218303000.0,562000.0,1386474000.0,-51278000.0,2942000.0,-6520000.0,-2128000.0,-56984000.0,11233000.0,-68217000.0,-0.11,-0.11,611739000.0,611739000.0,ABNB,161.64,6840833.0
2021-09-21,1335196000.0,294427000.0,208125000.0,349734000.0,315323000.0,218303000.0,562000.0,1386474000.0,-51278000.0,2942000.0,-6520000.0,-2128000.0,-56984000.0,11233000.0,-68217000.0,-0.11,-0.11,611739000.0,611739000.0,ABNB,169.29,8591096.0
2021-09-22,1335196000.0,294427000.0,208125000.0,349734000.0,315323000.0,218303000.0,562000.0,1386474000.0,-51278000.0,2942000.0,-6520000.0,-2128000.0,-56984000.0,11233000.0,-68217000.0,-0.11,-0.11,611739000.0,611739000.0,ABNB,169.96,4348004.0
2021-09-23,1335196000.0,294427000.0,208125000.0,349734000.0,315323000.0,218303000.0,562000.0,1386474000.0,-51278000.0,2942000.0,-6520000.0,-2128000.0,-56984000.0,11233000.0,-68217000.0,-0.11,-0.11,611739000.0,611739000.0,ABNB,175.13,5367658.0
2021-09-24,1335196000.0,294427000.0,208125000.0,349734000.0,315323000.0,218303000.0,562000.0,1386474000.0,-51278000.0,2942000.0,-6520000.0,-2128000.0,-56984000.0,11233000.0,-68217000.0,-0.11,-0.11,611739000.0,611739000.0,ABNB,175.88,4083590.0
2021-09-27,1335196000.0,294427000.0,208125000.0,349734000.0,315323000.0,218303000.0,562000.0,1386474000.0,-51278000.0,2942000.0,-6520000.0,-2128000.0,-56984000.0,11233000.0,-68217000.0,-0.11,-0.11,611739000.0,611739000.0,ABNB,174.26,3547893.0
2021-09-28,1335196000.0,294427000.0,208125000.0,349734000.0,315323000.0,218303000.0,562000.0,1386474000.0,-51278000.0,2942000.0,-6520000.0,-2128000.0,-56984000.0,11233000.0,-68217000.0,-0.11,-0.11,611739000.0,611739000.0,ABNB,168.58,4359438.0
2021-09-29,1335196000.0,294427000.0,208125000.0,349734000.0,315323000.0,218303000.0,562000.0,1386474000.0,-51278000.0,2942000.0,-6520000.0,-2128000.0,-56984000.0,11233000.0,-68217000.0,-0.11,-0.11,611739000.0,611739000.0,ABNB,168.07,2780554.0
2021-09-30,2237432000.0,311580000.0,228330000.0,344410000.0,290856000.0,210748000.0,-465000.0,1385459000.0,851973000.0,2962000.0,-6649000.0,2172000.0,850458000.0,16565000.0,833893000.0,1.34,1.22,621012000.0,681916000.0,ABNB,167.75,2655630.0
2021-10-01,2237432000.0,311580000.0,228330000.0,344410000.0,290856000.0,210748000.0,-465000.0,1385459000.0,851973000.0,2962000.0,-6649000.0,2172000.0,850458000.0,16565000.0,833893000.0,1.34,1.22,621012000.0,681916000.0,ABNB,173.01,4958852.0
2021-10-04,2237432000.0,311580000.0,228330000.0,344410000.0,290856000.0,210748000.0,-465000.0,1385459000.0,851973000.0,2962000.0,-6649000.0,2172000.0,850458000.0,16565000.0,833893000.0,1.34,1.22,621012000.0,681916000.0,ABNB,164.5,4451267.0
2021-10-05,2237432000.0,311580000.0,228330000.0,344410000.0,290856000.0,210748000.0,-465000.0,1385459000.0,851973000.0,2962000.0,-6649000.0,2172000.0,850458000.0,16565000.0,833893000.0,1.34,1.22,621012000.0,681916000.0,ABNB,164.74,4337968.0
2021-10-06,2237432000.0,311580000.0,228330000.0,344410000.0,290856000.0,210748000.0,-465000.0,1385459000.0,851973000.0,2962000.0,-6649000.0,2172000.0,850458000.0,16565000.0,833893000.0,1.34,1.22,621012000.0,681916000.0,ABNB,167.25,2454911.0
2021-10-07,2237432000.0,311580000.0,228330000.0,344410000.0,290856000.0,210748000.0,-465000.0,1385459000.0,851973000.0,2962000.0,-6649000.0,2172000.0,850458000.0,16565000.0,833893000.0,1.34,1.22,621012000.0,681916000.0,ABNB,169.6,2131949.0
2021-10-08,2237432000.0,311580000.0,228330000.0,344410000.0,290856000.0,210748000.0,-465000.0,1385459000.0,851973000.0,2962000.0,-6649000.0,2172000.0,850458000.0,16565000.0,833893000.0,1.34,1.22,621012000.0,681916000.0,ABNB,169.97,2260895.0
2021-10-11,2237432000.0,311580000.0,228330000.0,344410000.0,290856000.0,210748000.0,-465000.0,1385459000.0,851973000.0,2962000.0,-6649000.0,2172000.0,850458000.0,16565000.0,833893000.0,1.34,1.22,621012000.0,681916000.0,ABNB,166.67,2045668.0
2021-10-12,2237432000.0,311580000.0,228330000.0,344410000.0,290856000.0,210748000.0,-465000.0,1385459000.0,851973000.0,2962000.0,-6649000.0,2172000.0,850458000.0,16565000.0,833893000.0,1.34,1.22,621012000.0,681916000.0,ABNB,172.75,6023089.0
2021-10-13,2237432000.0,311580000.0,228330000.0,344410000.0,290856000.0,210748000.0,-465000.0,1385459000.0,851973000.0,2962000.0,-6649000.0,2172000.0,850458000.0,16565000.0,833893000.0,1.34,1.22,621012000.0,681916000.0,ABNB,173.58,3525652.0
2021-10-14,2237432000.0,311580000.0,228330000.0,344410000.0,290856000.0,210748000.0,-465000.0,1385459000.0,851973000.0,2962000.0,-6649000.0,2172000.0,850458000.0,16565000.0,833893000.0,1.34,1.22,621012000.0,681916000.0,ABNB,170.5,4143664.0
2021-10-15,2237432000.0,311580000.0,228330000.0,344410000.0,290856000.0,210748000.0,-465000.0,1385459000.0,851973000.0,2962000.0,-6649000.0,2172000.0,850458000.0,16565000.0,833893000.0,1.34,1.22,621012000.0,681916000.0,ABNB,169.18,3582541.0
2021-10-18,2237432000.0,311580000.0,228330000.0,344410000.0,290856000.0,210748000.0,-465000.0,1385459000.0,851973000.0,2962000.0,-6649000.0,2172000.0,850458000.0,16565000.0,833893000.0,1.34,1.22,621012000.0,681916000.0,ABNB,172.32,2786331.0
2021-10-19,2237432000.0,311580000.0,228330000.0,344410000.0,290856000.0,210748000.0,-465000.0,1385459000.0,851973000.0,2962000.0,-6649000.0,2172000.0,850458000.0,16565000.0,833893000.0,1.34,1.22,621012000.0,681916000.0,ABNB,170.74,2770402.0
2021-10-20,2237432000.0,311580000.0,228330000.0,344410000.0,290856000.0,210748000.0,-465000.0,1385459000.0,851973000.0,2962000.0,-6649000.0,2172000.0,850458000.0,16565000.0,833893000.0,1.34,1.22,621012000.0,681916000.0,ABNB,169.76,2673083.0
2021-10-21,2237432000.0,311580000.0,228330000.0,344410000.0,290856000.0,210748000.0,-465000.0,1385459000.0,851973000.0,2962000.0,-6649000.0,2172000.0,850458000.0,16565000.0,833893000.0,1.34,1.22,621012000.0,681916000.0,ABNB,170.5,2872699.0
2021-10-22,2237432000.0,311580000.0,228330000.0,344410000.0,290856000.0,210748000.0,-465000.0,1385459000.0,851973000.0,2962000.0,-6649000.0,2172000.0,850458000.0,16565000.0,833893000.0,1.34,1.22,621012000.0,681916000.0,ABNB,166.64,2965267.0
2021-10-25,2237432000.0,311580000.0,228330000.0,344410000.0,290856000.0,210748000.0,-465000.0,1385459000.0,851973000.0,2962000.0,-6649000.0,2172000.0,850458000.0,16565000.0,833893000.0,1.34,1.22,621012000.0,681916000.0,ABNB,169.24,2613969.0
2021-10-26,2237432000.0,311580000.0,228330000.0,344410000.0,290856000.0,210748000.0,-465000.0,1385459000.0,851973000.0,2962000.0,-6649000.0,2172000.0,850458000.0,16565000.0,833893000.0,1.34,1.22,621012000.0,681916000.0,ABNB,171.14,2918814.0
2021-10-27,2237432000.0,311580000.0,228330000.0,344410000.0,290856000.0,210748000.0,-465000.0,1385459000.0,851973000.0,2962000.0,-6649000.0,2172000.0,850458000.0,16565000.0,833893000.0,1.34,1.22,621012000.0,681916000.0,ABNB,169.1,2995279.0
2021-10-28,2237432000.0,311580000.0,228330000.0,344410000.0,290856000.0,210748000.0,-465000.0,1385459000.0,851973000.0,2962000.0,-6649000.0,2172000.0,850458000.0,16565000.0,833893000.0,1.34,1.22,621012000.0,681916000.0,ABNB,171.7,2135454.0
2021-10-29,2237432000.0,311580000.0,228330000.0,344410000.0,290856000.0,210748000.0,-465000.0,1385459000.0,851973000.0,2962000.0,-6649000.0,2172000.0,850458000.0,16565000.0,833893000.0,1.34,1.22,621012000.0,681916000.0,ABNB,170.66,2298332.0
2021-11-01,2237432000.0,311580000.0,228330000.0,344410000.0,290856000.0,210748000.0,-465000.0,1385459000.0,851973000.0,2962000.0,-6649000.0,2172000.0,850458000.0,16565000.0,833893000.0,1.34,1.22,621012000.0,681916000.0,ABNB,174.6,4375978.0
2021-11-02,2237432000.0,311580000.0,228330000.0,344410000.0,290856000.0,210748000.0,-465000.0,1385459000.0,851973000.0,2962000.0,-6649000.0,2172000.0,850458000.0,16565000.0,833893000.0,1.34,1.22,621012000.0,681916000.0,ABNB,172.87,3287945.0
2021-11-03,2237432000.0,311580000.0,228330000.0,344410000.0,290856000.0,210748000.0,-465000.0,1385459000.0,851973000.0,2962000.0,-6649000.0,2172000.0,850458000.0,16565000.0,833893000.0,1.34,1.22,621012000.0,681916000.0,ABNB,172.87,2825106.0
2021-11-04,2237432000.0,311580000.0,228330000.0,344410000.0,290856000.0,210748000.0,-465000.0,1385459000.0,851973000.0,2962000.0,-6649000.0,2172000.0,850458000.0,16565000.0,833893000.0,1.34,1.22,621012000.0,681916000.0,ABNB,178.45,9664513.0
2021-11-05,2237432000.0,311580000.0,228330000.0,344410000.0,290856000.0,210748000.0,-465000.0,1385459000.0,851973000.0,2962000.0,-6649000.0,2172000.0,850458000.0,16565000.0,833893000.0,1.34,1.22,621012000.0,681916000.0,ABNB,201.62,27331477.0
2021-11-08,2237432000.0,311580000.0,228330000.0,344410000.0,290856000.0,210748000.0,-465000.0,1385459000.0,851973000.0,2962000.0,-6649000.0,2172000.0,850458000.0,16565000.0,833893000.0,1.34,1.22,621012000.0,681916000.0,ABNB,200.32,12854585.0
2021-11-09,2237432000.0,311580000.0,228330000.0,344410000.0,290856000.0,210748000.0,-465000.0,1385459000.0,851973000.0,2962000.0,-6649000.0,2172000.0,850458000.0,16565000.0,833893000.0,1.34,1.22,621012000.0,681916000.0,ABNB,194.68,9054699.0
2021-11-10,2237432000.0,311580000.0,228330000.0,344410000.0,290856000.0,210748000.0,-465000.0,1385459000.0,851973000.0,2962000.0,-6649000.0,2172000.0,850458000.0,16565000.0,833893000.0,1.34,1.22,621012000.0,681916000.0,ABNB,192.22,6703024.0
2021-11-11,2237432000.0,311580000.0,228330000.0,344410000.0,290856000.0,210748000.0,-465000.0,1385459000.0,851973000.0,2962000.0,-6649000.0,2172000.0,850458000.0,16565000.0,833893000.0,1.34,1.22,621012000.0,681916000.0,ABNB,191.61,5898628.0
2021-11-12,2237432000.0,311580000.0,228330000.0,344410000.0,290856000.0,210748000.0,-465000.0,1385459000.0,851973000.0,2962000.0,-6649000.0,2172000.0,850458000.0,16565000.0,833893000.0,1.34,1.22,621012000.0,681916000.0,ABNB,206.54,12058525.0
2021-11-15,2237432000.0,311580000.0,228330000.0,344410000.0,290856000.0,210748000.0,-465000.0,1385459000.0,851973000.0,2962000.0,-6649000.0,2172000.0,850458000.0,16565000.0,833893000.0,1.34,1.22,621012000.0,681916000.0,ABNB,207.21,7477089.0
2021-11-16,2237432000.0,311580000.0,228330000.0,344410000.0,290856000.0,210748000.0,-465000.0,1385459000.0,851973000.0,2962000.0,-6649000.0,2172000.0,850458000.0,16565000.0,833893000.0,1.34,1.22,621012000.0,681916000.0,ABNB,207.04,4430615.0
2021-11-17,2237432000.0,311580000.0,228330000.0,344410000.0,290856000.0,210748000.0,-465000.0,1385459000.0,851973000.0,2962000.0,-6649000.0,2172000.0,850458000.0,16565000.0,833893000.0,1.34,1.22,621012000.0,681916000.0,ABNB,199.11,6380422.0
2021-11-18,2237432000.0,311580000.0,228330000.0,344410000.0,290856000.0,210748000.0,-465000.0,1385459000.0,851973000.0,2962000.0,-6649000.0,2172000.0,850458000.0,16565000.0,833893000.0,1.34,1.22,621012000.0,681916000.0,ABNB,204.33,4608800.0
2021-11-19,2237432000.0,311580000.0,228330000.0,344410000.0,290856000.0,210748000.0,-465000.0,1385459000.0,851973000.0,2962000.0,-6649000.0,2172000.0,850458000.0,16565000.0,833893000.0,1.34,1.22,621012000.0,681916000.0,ABNB,196.42,8185708.0
2021-11-22,2237432000.0,311580000.0,228330000.0,344410000.0,290856000.0,210748000.0,-465000.0,1385459000.0,851973000.0,2962000.0,-6649000.0,2172000.0,850458000.0,16565000.0,833893000.0,1.34,1.22,621012000.0,681916000.0,ABNB,181.73,12623934.0
2021-11-23,2237432000.0,311580000.0,228330000.0,344410000.0,290856000.0,210748000.0,-465000.0,1385459000.0,851973000.0,2962000.0,-6649000.0,2172000.0,850458000.0,16565000.0,833893000.0,1.34,1.22,621012000.0,681916000.0,ABNB,178.27,6454523.0
2021-11-24,2237432000.0,311580000.0,228330000.0,344410000.0,290856000.0,210748000.0,-465000.0,1385459000.0,851973000.0,2962000.0,-6649000.0,2172000.0,850458000.0,16565000.0,833893000.0,1.34,1.22,621012000.0,681916000.0,ABNB,179.89,4735938.0
2021-11-26,2237432000.0,311580000.0,228330000.0,344410000.0,290856000.0,210748000.0,-465000.0,1385459000.0,851973000.0,2962000.0,-6649000.0,2172000.0,850458000.0,16565000.0,833893000.0,1.34,1.22,621012000.0,681916000.0,ABNB,173.86,6042622.0
2021-11-29,2237432000.0,311580000.0,228330000.0,344410000.0,290856000.0,210748000.0,-465000.0,1385459000.0,851973000.0,2962000.0,-6649000.0,2172000.0,850458000.0,16565000.0,833893000.0,1.34,1.22,621012000.0,681916000.0,ABNB,180.08,5315987.0
2021-11-30,2237432000.0,311580000.0,228330000.0,344410000.0,290856000.0,210748000.0,-465000.0,1385459000.0,851973000.0,2962000.0,-6649000.0,2172000.0,850458000.0,16565000.0,833893000.0,1.34,1.22,621012000.0,681916000.0,ABNB,172.54,10668155.0
2021-12-01,2237432000.0,311580000.0,228330000.0,344410000.0,290856000.0,210748000.0,-465000.0,1385459000.0,851973000.0,2962000.0,-6649000.0,2172000.0,850458000.0,16565000.0,833893000.0,1.34,1.22,621012000.0,681916000.0,ABNB,163.08,7649028.0
2021-12-02,2237432000.0,311580000.0,228330000.0,344410000.0,290856000.0,210748000.0,-465000.0,1385459000.0,851973000.0,2962000.0,-6649000.0,2172000.0,850458000.0,16565000.0,833893000.0,1.34,1.22,621012000.0,681916000.0,ABNB,169.6,5675664.0
2021-12-03,2237432000.0,311580000.0,228330000.0,344410000.0,290856000.0,210748000.0,-465000.0,1385459000.0,851973000.0,2962000.0,-6649000.0,2172000.0,850458000.0,16565000.0,833893000.0,1.34,1.22,621012000.0,681916000.0,ABNB,166.75,6456566.0
2021-12-06,2237432000.0,311580000.0,228330000.0,344410000.0,290856000.0,210748000.0,-465000.0,1385459000.0,851973000.0,2962000.0,-6649000.0,2172000.0,850458000.0,16565000.0,833893000.0,1.34,1.22,621012000.0,681916000.0,ABNB,180.85,9805974.0
2021-12-07,2237432000.0,311580000.0,228330000.0,344410000.0,290856000.0,210748000.0,-465000.0,1385459000.0,851973000.0,2962000.0,-6649000.0,2172000.0,850458000.0,16565000.0,833893000.0,1.34,1.22,621012000.0,681916000.0,ABNB,183.31,6093260.0
2021-12-08,2237432000.0,311580000.0,228330000.0,344410000.0,290856000.0,210748000.0,-465000.0,1385459000.0,851973000.0,2962000.0,-6649000.0,2172000.0,850458000.0,16565000.0,833893000.0,1.34,1.22,621012000.0,681916000.0,ABNB,186.49,4217338.0
2021-12-09,2237432000.0,311580000.0,228330000.0,344410000.0,290856000.0,210748000.0,-465000.0,1385459000.0,851973000.0,2962000.0,-6649000.0,2172000.0,850458000.0,16565000.0,833893000.0,1.34,1.22,621012000.0,681916000.0,ABNB,181.46,3495685.0
2021-12-10,2237432000.0,311580000.0,228330000.0,344410000.0,290856000.0,210748000.0,-465000.0,1385459000.0,851973000.0,2962000.0,-6649000.0,2172000.0,850458000.0,16565000.0,833893000.0,1.34,1.22,621012000.0,681916000.0,ABNB,180.42,3969148.0
2021-12-13,2237432000.0,311580000.0,228330000.0,344410000.0,290856000.0,210748000.0,-465000.0,1385459000.0,851973000.0,2962000.0,-6649000.0,2172000.0,850458000.0,16565000.0,833893000.0,1.34,1.22,621012000.0,681916000.0,ABNB,171.04,7255928.0
2021-12-14,2237432000.0,311580000.0,228330000.0,344410000.0,290856000.0,210748000.0,-465000.0,1385459000.0,851973000.0,2962000.0,-6649000.0,2172000.0,850458000.0,16565000.0,833893000.0,1.34,1.22,621012000.0,681916000.0,ABNB,167.96,5657479.0
2021-12-15,2237432000.0,311580000.0,228330000.0,344410000.0,290856000.0,210748000.0,-465000.0,1385459000.0,851973000.0,2962000.0,-6649000.0,2172000.0,850458000.0,16565000.0,833893000.0,1.34,1.22,621012000.0,681916000.0,ABNB,168.14,6676652.0
2021-12-16,2237432000.0,311580000.0,228330000.0,344410000.0,290856000.0,210748000.0,-465000.0,1385459000.0,851973000.0,2962000.0,-6649000.0,2172000.0,850458000.0,16565000.0,833893000.0,1.34,1.22,621012000.0,681916000.0,ABNB,156.38,9404552.0
2021-12-17,2237432000.0,311580000.0,228330000.0,344410000.0,290856000.0,210748000.0,-465000.0,1385459000.0,851973000.0,2962000.0,-6649000.0,2172000.0,850458000.0,16565000.0,833893000.0,1.34,1.22,621012000.0,681916000.0,ABNB,157.91,24038490.0
2021-12-20,2237432000.0,311580000.0,228330000.0,344410000.0,290856000.0,210748000.0,-465000.0,1385459000.0,851973000.0,2962000.0,-6649000.0,2172000.0,850458000.0,16565000.0,833893000.0,1.34,1.22,621012000.0,681916000.0,ABNB,157.23,4562818.0
2021-12-21,2237432000.0,311580000.0,228330000.0,344410000.0,290856000.0,210748000.0,-465000.0,1385459000.0,851973000.0,2962000.0,-6649000.0,2172000.0,850458000.0,16565000.0,833893000.0,1.34,1.22,621012000.0,681916000.0,ABNB,165.66,6290448.0
2021-12-22,2237432000.0,311580000.0,228330000.0,344410000.0,290856000.0,210748000.0,-465000.0,1385459000.0,851973000.0,2962000.0,-6649000.0,2172000.0,850458000.0,16565000.0,833893000.0,1.34,1.22,621012000.0,681916000.0,ABNB,169.29,4810875.0
2021-12-23,2237432000.0,311580000.0,228330000.0,344410000.0,290856000.0,210748000.0,-465000.0,1385459000.0,851973000.0,2962000.0,-6649000.0,2172000.0,850458000.0,16565000.0,833893000.0,1.34,1.22,621012000.0,681916000.0,ABNB,171.31,4016459.0
2021-12-27,2237432000.0,311580000.0,228330000.0,344410000.0,290856000.0,210748000.0,-465000.0,1385459000.0,851973000.0,2962000.0,-6649000.0,2172000.0,850458000.0,16565000.0,833893000.0,1.34,1.22,621012000.0,681916000.0,ABNB,171.68,2724475.0
2021-12-28,2237432000.0,311580000.0,228330000.0,344410000.0,290856000.0,210748000.0,-465000.0,1385459000.0,851973000.0,2962000.0,-6649000.0,2172000.0,850458000.0,16565000.0,833893000.0,1.34,1.22,621012000.0,681916000.0,ABNB,169.71,2295976.0
2021-12-29,2237432000.0,311580000.0,228330000.0,344410000.0,290856000.0,210748000.0,-465000.0,1385459000.0,851973000.0,2962000.0,-6649000.0,2172000.0,850458000.0,16565000.0,833893000.0,1.34,1.22,621012000.0,681916000.0,ABNB,167.44,1994669.0
2021-12-30,2237432000.0,311580000.0,228330000.0,344410000.0,290856000.0,210748000.0,-465000.0,1385459000.0,851973000.0,2962000.0,-6649000.0,2172000.0,850458000.0,16565000.0,833893000.0,1.34,1.22,621012000.0,681916000.0,ABNB,168.78,2180894.0
2021-12-31,1532196000.0,295311000.0,225166000.0,367843000.0,351028000.0,216511000.0,770000.0,1456629000.0,75567000.0,3778000.0,-2519000.0,-4605000.0,72221000.0,17720000.0,54501000.0,1.34,1.22,615891000.0,615891000.0,ABNB,166.49,2595087.0
2022-01-03,1532196000.0,295311000.0,225166000.0,367843000.0,351028000.0,216511000.0,770000.0,1456629000.0,75567000.0,3778000.0,-2519000.0,-4605000.0,72221000.0,17720000.0,54501000.0,1.34,1.22,615891000.0,615891000.0,ABNB,172.68,4240830.0
2022-01-04,1532196000.0,295311000.0,225166000.0,367843000.0,351028000.0,216511000.0,770000.0,1456629000.0,75567000.0,3778000.0,-2519000.0,-4605000.0,72221000.0,17720000.0,54501000.0,1.34,1.22,615891000.0,615891000.0,ABNB,170.8,4079387.0
2022-01-05,1532196000.0,295311000.0,225166000.0,367843000.0,351028000.0,216511000.0,770000.0,1456629000.0,75567000.0,3778000.0,-2519000.0,-4605000.0,72221000.0,17720000.0,54501000.0,1.34,1.22,615891000.0,615891000.0,ABNB,162.25,4783252.0
2022-01-06,1532196000.0,295311000.0,225166000.0,367843000.0,351028000.0,216511000.0,770000.0,1456629000.0,75567000.0,3778000.0,-2519000.0,-4605000.0,72221000.0,17720000.0,54501000.0,1.34,1.22,615891000.0,615891000.0,ABNB,159.75,5046597.0
2022-01-07,1532196000.0,295311000.0,225166000.0,367843000.0,351028000.0,216511000.0,770000.0,1456629000.0,75567000.0,3778000.0,-2519000.0,-4605000.0,72221000.0,17720000.0,54501000.0,1.34,1.22,615891000.0,615891000.0,ABNB,166.05,5619899.0
2022-01-10,1532196000.0,295311000.0,225166000.0,367843000.0,351028000.0,216511000.0,770000.0,1456629000.0,75567000.0,3778000.0,-2519000.0,-4605000.0,72221000.0,17720000.0,54501000.0,1.34,1.22,615891000.0,615891000.0,ABNB,160.71,6960181.0
2022-01-11,1532196000.0,295311000.0,225166000.0,367843000.0,351028000.0,216511000.0,770000.0,1456629000.0,75567000.0,3778000.0,-2519000.0,-4605000.0,72221000.0,17720000.0,54501000.0,1.34,1.22,615891000.0,615891000.0,ABNB,168.61,5337836.0
2022-01-12,1532196000.0,295311000.0,225166000.0,367843000.0,351028000.0,216511000.0,770000.0,1456629000.0,75567000.0,3778000.0,-2519000.0,-4605000.0,72221000.0,17720000.0,54501000.0,1.34,1.22,615891000.0,615891000.0,ABNB,169.54,3530479.0
2022-01-13,1532196000.0,295311000.0,225166000.0,367843000.0,351028000.0,216511000.0,770000.0,1456629000.0,75567000.0,3778000.0,-2519000.0,-4605000.0,72221000.0,17720000.0,54501000.0,1.34,1.22,615891000.0,615891000.0,ABNB,166.0,4888880.0
2022-01-14,1532196000.0,295311000.0,225166000.0,367843000.0,351028000.0,216511000.0,770000.0,1456629000.0,75567000.0,3778000.0,-2519000.0,-4605000.0,72221000.0,17720000.0,54501000.0,1.34,1.22,615891000.0,615891000.0,ABNB,163.99,4139924.0
2022-01-18,1532196000.0,295311000.0,225166000.0,367843000.0,351028000.0,216511000.0,770000.0,1456629000.0,75567000.0,3778000.0,-2519000.0,-4605000.0,72221000.0,17720000.0,54501000.0,1.34,1.22,615891000.0,615891000.0,ABNB,154.69,5803654.0
2022-01-19,1532196000.0,295311000.0,225166000.0,367843000.0,351028000.0,216511000.0,770000.0,1456629000.0,75567000.0,3778000.0,-2519000.0,-4605000.0,72221000.0,17720000.0,54501000.0,1.34,1.22,615891000.0,615891000.0,ABNB,154.58,5120665.0
2022-01-20,1532196000.0,295311000.0,225166000.0,367843000.0,351028000.0,216511000.0,770000.0,1456629000.0,75567000.0,3778000.0,-2519000.0,-4605000.0,72221000.0,17720000.0,54501000.0,1.34,1.22,615891000.0,615891000.0,ABNB,158.0,4931302.0
2022-01-21,1532196000.0,295311000.0,225166000.0,367843000.0,351028000.0,216511000.0,770000.0,1456629000.0,75567000.0,3778000.0,-2519000.0,-4605000.0,72221000.0,17720000.0,54501000.0,1.34,1.22,615891000.0,615891000.0,ABNB,156.73,7211158.0
2022-01-24,1532196000.0,295311000.0,225166000.0,367843000.0,351028000.0,216511000.0,770000.0,1456629000.0,75567000.0,3778000.0,-2519000.0,-4605000.0,72221000.0,17720000.0,54501000.0,1.34,1.22,615891000.0,615891000.0,ABNB,147.9,14434938.0
2022-01-25,1532196000.0,295311000.0,225166000.0,367843000.0,351028000.0,216511000.0,770000.0,1456629000.0,75567000.0,3778000.0,-2519000.0,-4605000.0,72221000.0,17720000.0,54501000.0,1.34,1.22,615891000.0,615891000.0,ABNB,144.56,5701356.0
2022-01-26,1532196000.0,295311000.0,225166000.0,367843000.0,351028000.0,216511000.0,770000.0,1456629000.0,75567000.0,3778000.0,-2519000.0,-4605000.0,72221000.0,17720000.0,54501000.0,1.34,1.22,615891000.0,615891000.0,ABNB,142.14,6835591.0
2022-01-27,1532196000.0,295311000.0,225166000.0,367843000.0,351028000.0,216511000.0,770000.0,1456629000.0,75567000.0,3778000.0,-2519000.0,-4605000.0,72221000.0,17720000.0,54501000.0,1.34,1.22,615891000.0,615891000.0,ABNB,138.41,4462940.0
2022-01-28,1532196000.0,295311000.0,225166000.0,367843000.0,351028000.0,216511000.0,770000.0,1456629000.0,75567000.0,3778000.0,-2519000.0,-4605000.0,72221000.0,17720000.0,54501000.0,1.34,1.22,615891000.0,615891000.0,ABNB,142.77,5596226.0
2022-01-31,1532196000.0,295311000.0,225166000.0,367843000.0,351028000.0,216511000.0,770000.0,1456629000.0,75567000.0,3778000.0,-2519000.0,-4605000.0,72221000.0,17720000.0,54501000.0,1.34,1.22,615891000.0,615891000.0,ABNB,153.97,5456307.0
2022-02-01,1532196000.0,295311000.0,225166000.0,367843000.0,351028000.0,216511000.0,770000.0,1456629000.0,75567000.0,3778000.0,-2519000.0,-4605000.0,72221000.0,17720000.0,54501000.0,1.34,1.22,615891000.0,615891000.0,ABNB,156.94,3791378.0
2022-02-02,1532196000.0,295311000.0,225166000.0,367843000.0,351028000.0,216511000.0,770000.0,1456629000.0,75567000.0,3778000.0,-2519000.0,-4605000.0,72221000.0,17720000.0,54501000.0,1.34,1.22,615891000.0,615891000.0,ABNB,151.76,3695754.0
2022-02-03,1532196000.0,295311000.0,225166000.0,367843000.0,351028000.0,216511000.0,770000.0,1456629000.0,75567000.0,3778000.0,-2519000.0,-4605000.0,72221000.0,17720000.0,54501000.0,1.34,1.22,615891000.0,615891000.0,ABNB,149.57,4571089.0
2022-02-04,1532196000.0,295311000.0,225166000.0,367843000.0,351028000.0,216511000.0,770000.0,1456629000.0,75567000.0,3778000.0,-2519000.0,-4605000.0,72221000.0,17720000.0,54501000.0,1.34,1.22,615891000.0,615891000.0,ABNB,155.56,4678838.0
2022-02-07,1532196000.0,295311000.0,225166000.0,367843000.0,351028000.0,216511000.0,770000.0,1456629000.0,75567000.0,3778000.0,-2519000.0,-4605000.0,72221000.0,17720000.0,54501000.0,1.34,1.22,615891000.0,615891000.0,ABNB,157.91,4689425.0
2022-02-08,1532196000.0,295311000.0,225166000.0,367843000.0,351028000.0,216511000.0,770000.0,1456629000.0,75567000.0,3778000.0,-2519000.0,-4605000.0,72221000.0,17720000.0,54501000.0,1.34,1.22,615891000.0,615891000.0,ABNB,162.26,4300258.0
2022-02-09,1532196000.0,295311000.0,225166000.0,367843000.0,351028000.0,216511000.0,770000.0,1456629000.0,75567000.0,3778000.0,-2519000.0,-4605000.0,72221000.0,17720000.0,54501000.0,1.34,1.22,615891000.0,615891000.0,ABNB,169.53,4780792.0
2022-02-10,1532196000.0,295311000.0,225166000.0,367843000.0,351028000.0,216511000.0,770000.0,1456629000.0,75567000.0,3778000.0,-2519000.0,-4605000.0,72221000.0,17720000.0,54501000.0,1.34,1.22,615891000.0,615891000.0,ABNB,171.95,8035166.0
2022-02-11,1532196000.0,295311000.0,225166000.0,367843000.0,351028000.0,216511000.0,770000.0,1456629000.0,75567000.0,3778000.0,-2519000.0,-4605000.0,72221000.0,17720000.0,54501000.0,1.34,1.22,615891000.0,615891000.0,ABNB,166.53,6171916.0
2022-02-14,1532196000.0,295311000.0,225166000.0,367843000.0,351028000.0,216511000.0,770000.0,1456629000.0,75567000.0,3778000.0,-2519000.0,-4605000.0,72221000.0,17720000.0,54501000.0,1.34,1.22,615891000.0,615891000.0,ABNB,169.66,4645562.0
2022-02-15,1532196000.0,295311000.0,225166000.0,367843000.0,351028000.0,216511000.0,770000.0,1456629000.0,75567000.0,3778000.0,-2519000.0,-4605000.0,72221000.0,17720000.0,54501000.0,1.34,1.22,615891000.0,615891000.0,ABNB,180.07,11507609.0
2022-02-16,1532196000.0,295311000.0,225166000.0,367843000.0,351028000.0,216511000.0,770000.0,1456629000.0,75567000.0,3778000.0,-2519000.0,-4605000.0,72221000.0,17720000.0,54501000.0,1.34,1.22,615891000.0,615891000.0,ABNB,186.64,22018146.0
2022-02-17,1532196000.0,295311000.0,225166000.0,367843000.0,351028000.0,216511000.0,770000.0,1456629000.0,75567000.0,3778000.0,-2519000.0,-4605000.0,72221000.0,17720000.0,54501000.0,1.34,1.22,615891000.0,615891000.0,ABNB,183.6,7598179.0
2022-02-18,1532196000.0,295311000.0,225166000.0,367843000.0,351028000.0,216511000.0,770000.0,1456629000.0,75567000.0,3778000.0,-2519000.0,-4605000.0,72221000.0,17720000.0,54501000.0,1.34,1.22,615891000.0,615891000.0,ABNB,174.9,8581882.0
2022-02-22,1532196000.0,295311000.0,225166000.0,367843000.0,351028000.0,216511000.0,770000.0,1456629000.0,75567000.0,3778000.0,-2519000.0,-4605000.0,72221000.0,17720000.0,54501000.0,1.34,1.22,615891000.0,615891000.0,ABNB,165.24,7907315.0
2022-02-23,1532196000.0,295311000.0,225166000.0,367843000.0,351028000.0,216511000.0,770000.0,1456629000.0,75567000.0,3778000.0,-2519000.0,-4605000.0,72221000.0,17720000.0,54501000.0,1.34,1.22,615891000.0,615891000.0,ABNB,150.04,9525455.0
2022-02-24,1532196000.0,295311000.0,225166000.0,367843000.0,351028000.0,216511000.0,770000.0,1456629000.0,75567000.0,3778000.0,-2519000.0,-4605000.0,72221000.0,17720000.0,54501000.0,1.34,1.22,615891000.0,615891000.0,ABNB,158.26,10323533.0
2022-02-25,1532196000.0,295311000.0,225166000.0,367843000.0,351028000.0,216511000.0,770000.0,1456629000.0,75567000.0,3778000.0,-2519000.0,-4605000.0,72221000.0,17720000.0,54501000.0,1.34,1.22,615891000.0,615891000.0,ABNB,155.09,5857329.0
2022-02-28,1532196000.0,295311000.0,225166000.0,367843000.0,351028000.0,216511000.0,770000.0,1456629000.0,75567000.0,3778000.0,-2519000.0,-4605000.0,72221000.0,17720000.0,54501000.0,1.34,1.22,615891000.0,615891000.0,ABNB,151.49,10641756.0
2022-03-01,1532196000.0,295311000.0,225166000.0,367843000.0,351028000.0,216511000.0,770000.0,1456629000.0,75567000.0,3778000.0,-2519000.0,-4605000.0,72221000.0,17720000.0,54501000.0,1.34,1.22,615891000.0,615891000.0,ABNB,151.01,4778311.0
2022-03-02,1532196000.0,295311000.0,225166000.0,367843000.0,351028000.0,216511000.0,770000.0,1456629000.0,75567000.0,3778000.0,-2519000.0,-4605000.0,72221000.0,17720000.0,54501000.0,1.34,1.22,615891000.0,615891000.0,ABNB,157.53,4808832.0
2022-03-03,1532196000.0,295311000.0,225166000.0,367843000.0,351028000.0,216511000.0,770000.0,1456629000.0,75567000.0,3778000.0,-2519000.0,-4605000.0,72221000.0,17720000.0,54501000.0,1.34,1.22,615891000.0,615891000.0,ABNB,151.69,3886083.0
2022-03-04,1532196000.0,295311000.0,225166000.0,367843000.0,351028000.0,216511000.0,770000.0,1456629000.0,75567000.0,3778000.0,-2519000.0,-4605000.0,72221000.0,17720000.0,54501000.0,1.34,1.22,615891000.0,615891000.0,ABNB,142.7,8112483.0
2022-03-07,1532196000.0,295311000.0,225166000.0,367843000.0,351028000.0,216511000.0,770000.0,1456629000.0,75567000.0,3778000.0,-2519000.0,-4605000.0,72221000.0,17720000.0,54501000.0,1.34,1.22,615891000.0,615891000.0,ABNB,131.59,8856417.0
2022-03-08,1532196000.0,295311000.0,225166000.0,367843000.0,351028000.0,216511000.0,770000.0,1456629000.0,75567000.0,3778000.0,-2519000.0,-4605000.0,72221000.0,17720000.0,54501000.0,1.34,1.22,615891000.0,615891000.0,ABNB,142.13,9207396.0
2022-03-09,1532196000.0,295311000.0,225166000.0,367843000.0,351028000.0,216511000.0,770000.0,1456629000.0,75567000.0,3778000.0,-2519000.0,-4605000.0,72221000.0,17720000.0,54501000.0,1.34,1.22,615891000.0,615891000.0,ABNB,148.31,6781666.0
2022-03-10,1532196000.0,295311000.0,225166000.0,367843000.0,351028000.0,216511000.0,770000.0,1456629000.0,75567000.0,3778000.0,-2519000.0,-4605000.0,72221000.0,17720000.0,54501000.0,1.34,1.22,615891000.0,615891000.0,ABNB,151.8,5191470.0
2022-03-11,1532196000.0,295311000.0,225166000.0,367843000.0,351028000.0,216511000.0,770000.0,1456629000.0,75567000.0,3778000.0,-2519000.0,-4605000.0,72221000.0,17720000.0,54501000.0,1.34,1.22,615891000.0,615891000.0,ABNB,145.14,4459148.0
2022-03-14,1532196000.0,295311000.0,225166000.0,367843000.0,351028000.0,216511000.0,770000.0,1456629000.0,75567000.0,3778000.0,-2519000.0,-4605000.0,72221000.0,17720000.0,54501000.0,1.34,1.22,615891000.0,615891000.0,ABNB,138.5,6145871.0
2022-03-15,1532196000.0,295311000.0,225166000.0,367843000.0,351028000.0,216511000.0,770000.0,1456629000.0,75567000.0,3778000.0,-2519000.0,-4605000.0,72221000.0,17720000.0,54501000.0,1.34,1.22,615891000.0,615891000.0,ABNB,143.95,5403183.0
2022-03-16,1532196000.0,295311000.0,225166000.0,367843000.0,351028000.0,216511000.0,770000.0,1456629000.0,75567000.0,3778000.0,-2519000.0,-4605000.0,72221000.0,17720000.0,54501000.0,1.34,1.22,615891000.0,615891000.0,ABNB,155.75,6926787.0
2022-03-17,1532196000.0,295311000.0,225166000.0,367843000.0,351028000.0,216511000.0,770000.0,1456629000.0,75567000.0,3778000.0,-2519000.0,-4605000.0,72221000.0,17720000.0,54501000.0,1.34,1.22,615891000.0,615891000.0,ABNB,157.55,4947774.0
2022-03-18,1532196000.0,295311000.0,225166000.0,367843000.0,351028000.0,216511000.0,770000.0,1456629000.0,75567000.0,3778000.0,-2519000.0,-4605000.0,72221000.0,17720000.0,54501000.0,1.34,1.22,615891000.0,615891000.0,ABNB,167.0,8131318.0
2022-03-21,1532196000.0,295311000.0,225166000.0,367843000.0,351028000.0,216511000.0,770000.0,1456629000.0,75567000.0,3778000.0,-2519000.0,-4605000.0,72221000.0,17720000.0,54501000.0,1.34,1.22,615891000.0,615891000.0,ABNB,161.8,4498501.0
2022-03-22,1532196000.0,295311000.0,225166000.0,367843000.0,351028000.0,216511000.0,770000.0,1456629000.0,75567000.0,3778000.0,-2519000.0,-4605000.0,72221000.0,17720000.0,54501000.0,1.34,1.22,615891000.0,615891000.0,ABNB,166.44,4090220.0
2022-03-23,1532196000.0,295311000.0,225166000.0,367843000.0,351028000.0,216511000.0,770000.0,1456629000.0,75567000.0,3778000.0,-2519000.0,-4605000.0,72221000.0,17720000.0,54501000.0,1.34,1.22,615891000.0,615891000.0,ABNB,164.16,2791219.0
2022-03-24,1532196000.0,295311000.0,225166000.0,367843000.0,351028000.0,216511000.0,770000.0,1456629000.0,75567000.0,3778000.0,-2519000.0,-4605000.0,72221000.0,17720000.0,54501000.0,1.34,1.22,615891000.0,615891000.0,ABNB,170.83,4163143.0
2022-03-25,1532196000.0,295311000.0,225166000.0,367843000.0,351028000.0,216511000.0,770000.0,1456629000.0,75567000.0,3778000.0,-2519000.0,-4605000.0,72221000.0,17720000.0,54501000.0,1.34,1.22,615891000.0,615891000.0,ABNB,167.22,2949038.0
2022-03-28,1532196000.0,295311000.0,225166000.0,367843000.0,351028000.0,216511000.0,770000.0,1456629000.0,75567000.0,3778000.0,-2519000.0,-4605000.0,72221000.0,17720000.0,54501000.0,1.34,1.22,615891000.0,615891000.0,ABNB,167.65,3829793.0
2022-03-29,1532196000.0,295311000.0,225166000.0,367843000.0,351028000.0,216511000.0,770000.0,1456629000.0,75567000.0,3778000.0,-2519000.0,-4605000.0,72221000.0,17720000.0,54501000.0,1.34,1.22,615891000.0,615891000.0,ABNB,175.52,5452768.0
2022-03-30,1532196000.0,295311000.0,225166000.0,367843000.0,351028000.0,216511000.0,770000.0,1456629000.0,75567000.0,3778000.0,-2519000.0,-4605000.0,72221000.0,17720000.0,54501000.0,1.34,1.22,615891000.0,615891000.0,ABNB,173.63,3751756.0
2022-03-31,1508937000.0,362623000.0,233012000.0,362927000.0,344616000.0,210573000.0,317000.0,1514068000.0,-5131000.0,4744000.0,-5764000.0,-1935000.0,-8086000.0,10706000.0,-18792000.0,-0.03,-0.03,635314000.0,635314000.0,ABNB,171.76,3223060.0
2022-04-01,1508937000.0,362623000.0,233012000.0,362927000.0,344616000.0,210573000.0,317000.0,1514068000.0,-5131000.0,4744000.0,-5764000.0,-1935000.0,-8086000.0,10706000.0,-18792000.0,-0.03,-0.03,635314000.0,635314000.0,ABNB,173.07,3636705.0
2022-04-04,1508937000.0,362623000.0,233012000.0,362927000.0,344616000.0,210573000.0,317000.0,1514068000.0,-5131000.0,4744000.0,-5764000.0,-1935000.0,-8086000.0,10706000.0,-18792000.0,-0.03,-0.03,635314000.0,635314000.0,ABNB,177.02,3495948.0
2022-04-05,1508937000.0,362623000.0,233012000.0,362927000.0,344616000.0,210573000.0,317000.0,1514068000.0,-5131000.0,4744000.0,-5764000.0,-1935000.0,-8086000.0,10706000.0,-18792000.0,-0.03,-0.03,635314000.0,635314000.0,ABNB,171.21,4057624.0
2022-04-06,1508937000.0,362623000.0,233012000.0,362927000.0,344616000.0,210573000.0,317000.0,1514068000.0,-5131000.0,4744000.0,-5764000.0,-1935000.0,-8086000.0,10706000.0,-18792000.0,-0.03,-0.03,635314000.0,635314000.0,ABNB,164.66,4274766.0
2022-04-07,1508937000.0,362623000.0,233012000.0,362927000.0,344616000.0,210573000.0,317000.0,1514068000.0,-5131000.0,4744000.0,-5764000.0,-1935000.0,-8086000.0,10706000.0,-18792000.0,-0.03,-0.03,635314000.0,635314000.0,ABNB,165.91,4131780.0
2022-04-08,1508937000.0,362623000.0,233012000.0,362927000.0,344616000.0,210573000.0,317000.0,1514068000.0,-5131000.0,4744000.0,-5764000.0,-1935000.0,-8086000.0,10706000.0,-18792000.0,-0.03,-0.03,635314000.0,635314000.0,ABNB,162.56,3441743.0
2022-04-11,1508937000.0,362623000.0,233012000.0,362927000.0,344616000.0,210573000.0,317000.0,1514068000.0,-5131000.0,4744000.0,-5764000.0,-1935000.0,-8086000.0,10706000.0,-18792000.0,-0.03,-0.03,635314000.0,635314000.0,ABNB,160.25,3869270.0
2022-04-12,1508937000.0,362623000.0,233012000.0,362927000.0,344616000.0,210573000.0,317000.0,1514068000.0,-5131000.0,4744000.0,-5764000.0,-1935000.0,-8086000.0,10706000.0,-18792000.0,-0.03,-0.03,635314000.0,635314000.0,ABNB,160.11,4102332.0
2022-04-13,1508937000.0,362623000.0,233012000.0,362927000.0,344616000.0,210573000.0,317000.0,1514068000.0,-5131000.0,4744000.0,-5764000.0,-1935000.0,-8086000.0,10706000.0,-18792000.0,-0.03,-0.03,635314000.0,635314000.0,ABNB,171.85,7196564.0
2022-04-14,1508937000.0,362623000.0,233012000.0,362927000.0,344616000.0,210573000.0,317000.0,1514068000.0,-5131000.0,4744000.0,-5764000.0,-1935000.0,-8086000.0,10706000.0,-18792000.0,-0.03,-0.03,635314000.0,635314000.0,ABNB,170.7,5116137.0
2022-04-18,1508937000.0,362623000.0,233012000.0,362927000.0,344616000.0,210573000.0,317000.0,1514068000.0,-5131000.0,4744000.0,-5764000.0,-1935000.0,-8086000.0,10706000.0,-18792000.0,-0.03,-0.03,635314000.0,635314000.0,ABNB,165.74,3332152.0
2022-04-19,1508937000.0,362623000.0,233012000.0,362927000.0,344616000.0,210573000.0,317000.0,1514068000.0,-5131000.0,4744000.0,-5764000.0,-1935000.0,-8086000.0,10706000.0,-18792000.0,-0.03,-0.03,635314000.0,635314000.0,ABNB,170.12,2852966.0
2022-04-20,1508937000.0,362623000.0,233012000.0,362927000.0,344616000.0,210573000.0,317000.0,1514068000.0,-5131000.0,4744000.0,-5764000.0,-1935000.0,-8086000.0,10706000.0,-18792000.0,-0.03,-0.03,635314000.0,635314000.0,ABNB,164.55,3983491.0
2022-04-21,1508937000.0,362623000.0,233012000.0,362927000.0,344616000.0,210573000.0,317000.0,1514068000.0,-5131000.0,4744000.0,-5764000.0,-1935000.0,-8086000.0,10706000.0,-18792000.0,-0.03,-0.03,635314000.0,635314000.0,ABNB,157.91,4705132.0
2022-04-22,1508937000.0,362623000.0,233012000.0,362927000.0,344616000.0,210573000.0,317000.0,1514068000.0,-5131000.0,4744000.0,-5764000.0,-1935000.0,-8086000.0,10706000.0,-18792000.0,-0.03,-0.03,635314000.0,635314000.0,ABNB,156.09,3848140.0
2022-04-25,1508937000.0,362623000.0,233012000.0,362927000.0,344616000.0,210573000.0,317000.0,1514068000.0,-5131000.0,4744000.0,-5764000.0,-1935000.0,-8086000.0,10706000.0,-18792000.0,-0.03,-0.03,635314000.0,635314000.0,ABNB,158.39,3849817.0
2022-04-26,1508937000.0,362623000.0,233012000.0,362927000.0,344616000.0,210573000.0,317000.0,1514068000.0,-5131000.0,4744000.0,-5764000.0,-1935000.0,-8086000.0,10706000.0,-18792000.0,-0.03,-0.03,635314000.0,635314000.0,ABNB,153.04,4047338.0
2022-04-27,1508937000.0,362623000.0,233012000.0,362927000.0,344616000.0,210573000.0,317000.0,1514068000.0,-5131000.0,4744000.0,-5764000.0,-1935000.0,-8086000.0,10706000.0,-18792000.0,-0.03,-0.03,635314000.0,635314000.0,ABNB,152.23,4815534.0
2022-04-28,1508937000.0,362623000.0,233012000.0,362927000.0,344616000.0,210573000.0,317000.0,1514068000.0,-5131000.0,4744000.0,-5764000.0,-1935000.0,-8086000.0,10706000.0,-18792000.0,-0.03,-0.03,635314000.0,635314000.0,ABNB,159.74,4850447.0
2022-04-29,1508937000.0,362623000.0,233012000.0,362927000.0,344616000.0,210573000.0,317000.0,1514068000.0,-5131000.0,4744000.0,-5764000.0,-1935000.0,-8086000.0,10706000.0,-18792000.0,-0.03,-0.03,635314000.0,635314000.0,ABNB,153.21,4017042.0
2022-05-02,1508937000.0,362623000.0,233012000.0,362927000.0,344616000.0,210573000.0,317000.0,1514068000.0,-5131000.0,4744000.0,-5764000.0,-1935000.0,-8086000.0,10706000.0,-18792000.0,-0.03,-0.03,635314000.0,635314000.0,ABNB,152.78,5925119.0
2022-05-03,1508937000.0,362623000.0,233012000.0,362927000.0,344616000.0,210573000.0,317000.0,1514068000.0,-5131000.0,4744000.0,-5764000.0,-1935000.0,-8086000.0,10706000.0,-18792000.0,-0.03,-0.03,635314000.0,635314000.0,ABNB,145.0,16742495.0
2022-05-04,1508937000.0,362623000.0,233012000.0,362927000.0,344616000.0,210573000.0,317000.0,1514068000.0,-5131000.0,4744000.0,-5764000.0,-1935000.0,-8086000.0,10706000.0,-18792000.0,-0.03,-0.03,635314000.0,635314000.0,ABNB,156.18,20563663.0
2022-05-05,1508937000.0,362623000.0,233012000.0,362927000.0,344616000.0,210573000.0,317000.0,1514068000.0,-5131000.0,4744000.0,-5764000.0,-1935000.0,-8086000.0,10706000.0,-18792000.0,-0.03,-0.03,635314000.0,635314000.0,ABNB,143.09,11334002.0
2022-05-06,1508937000.0,362623000.0,233012000.0,362927000.0,344616000.0,210573000.0,317000.0,1514068000.0,-5131000.0,4744000.0,-5764000.0,-1935000.0,-8086000.0,10706000.0,-18792000.0,-0.03,-0.03,635314000.0,635314000.0,ABNB,135.84,9545521.0
2022-05-09,1508937000.0,362623000.0,233012000.0,362927000.0,344616000.0,210573000.0,317000.0,1514068000.0,-5131000.0,4744000.0,-5764000.0,-1935000.0,-8086000.0,10706000.0,-18792000.0,-0.03,-0.03,635314000.0,635314000.0,ABNB,119.37,14356390.0
2022-05-10,1508937000.0,362623000.0,233012000.0,362927000.0,344616000.0,210573000.0,317000.0,1514068000.0,-5131000.0,4744000.0,-5764000.0,-1935000.0,-8086000.0,10706000.0,-18792000.0,-0.03,-0.03,635314000.0,635314000.0,ABNB,116.13,13588295.0
2022-05-11,1508937000.0,362623000.0,233012000.0,362927000.0,344616000.0,210573000.0,317000.0,1514068000.0,-5131000.0,4744000.0,-5764000.0,-1935000.0,-8086000.0,10706000.0,-18792000.0,-0.03,-0.03,635314000.0,635314000.0,ABNB,116.15,13567734.0
2022-05-12,1508937000.0,362623000.0,233012000.0,362927000.0,344616000.0,210573000.0,317000.0,1514068000.0,-5131000.0,4744000.0,-5764000.0,-1935000.0,-8086000.0,10706000.0,-18792000.0,-0.03,-0.03,635314000.0,635314000.0,ABNB,115.94,9224512.0
2022-05-13,1508937000.0,362623000.0,233012000.0,362927000.0,344616000.0,210573000.0,317000.0,1514068000.0,-5131000.0,4744000.0,-5764000.0,-1935000.0,-8086000.0,10706000.0,-18792000.0,-0.03,-0.03,635314000.0,635314000.0,ABNB,121.45,8555992.0
2022-05-16,1508937000.0,362623000.0,233012000.0,362927000.0,344616000.0,210573000.0,317000.0,1514068000.0,-5131000.0,4744000.0,-5764000.0,-1935000.0,-8086000.0,10706000.0,-18792000.0,-0.03,-0.03,635314000.0,635314000.0,ABNB,114.44,7559716.0
2022-05-17,1508937000.0,362623000.0,233012000.0,362927000.0,344616000.0,210573000.0,317000.0,1514068000.0,-5131000.0,4744000.0,-5764000.0,-1935000.0,-8086000.0,10706000.0,-18792000.0,-0.03,-0.03,635314000.0,635314000.0,ABNB,117.5,6949504.0
2022-05-18,1508937000.0,362623000.0,233012000.0,362927000.0,344616000.0,210573000.0,317000.0,1514068000.0,-5131000.0,4744000.0,-5764000.0,-1935000.0,-8086000.0,10706000.0,-18792000.0,-0.03,-0.03,635314000.0,635314000.0,ABNB,108.03,9688405.0
2022-05-19,1508937000.0,362623000.0,233012000.0,362927000.0,344616000.0,210573000.0,317000.0,1514068000.0,-5131000.0,4744000.0,-5764000.0,-1935000.0,-8086000.0,10706000.0,-18792000.0,-0.03,-0.03,635314000.0,635314000.0,ABNB,114.17,9028044.0
2022-05-20,1508937000.0,362623000.0,233012000.0,362927000.0,344616000.0,210573000.0,317000.0,1514068000.0,-5131000.0,4744000.0,-5764000.0,-1935000.0,-8086000.0,10706000.0,-18792000.0,-0.03,-0.03,635314000.0,635314000.0,ABNB,112.55,6937015.0
2022-05-23,1508937000.0,362623000.0,233012000.0,362927000.0,344616000.0,210573000.0,317000.0,1514068000.0,-5131000.0,4744000.0,-5764000.0,-1935000.0,-8086000.0,10706000.0,-18792000.0,-0.03,-0.03,635314000.0,635314000.0,ABNB,113.2,5676887.0
2022-05-24,1508937000.0,362623000.0,233012000.0,362927000.0,344616000.0,210573000.0,317000.0,1514068000.0,-5131000.0,4744000.0,-5764000.0,-1935000.0,-8086000.0,10706000.0,-18792000.0,-0.03,-0.03,635314000.0,635314000.0,ABNB,106.24,6392468.0
2022-05-25,1508937000.0,362623000.0,233012000.0,362927000.0,344616000.0,210573000.0,317000.0,1514068000.0,-5131000.0,4744000.0,-5764000.0,-1935000.0,-8086000.0,10706000.0,-18792000.0,-0.03,-0.03,635314000.0,635314000.0,ABNB,110.4,6170197.0
2022-05-26,1508937000.0,362623000.0,233012000.0,362927000.0,344616000.0,210573000.0,317000.0,1514068000.0,-5131000.0,4744000.0,-5764000.0,-1935000.0,-8086000.0,10706000.0,-18792000.0,-0.03,-0.03,635314000.0,635314000.0,ABNB,114.3,6884206.0
2022-05-27,1508937000.0,362623000.0,233012000.0,362927000.0,344616000.0,210573000.0,317000.0,1514068000.0,-5131000.0,4744000.0,-5764000.0,-1935000.0,-8086000.0,10706000.0,-18792000.0,-0.03,-0.03,635314000.0,635314000.0,ABNB,120.5,7375113.0
2022-05-31,1508937000.0,362623000.0,233012000.0,362927000.0,344616000.0,210573000.0,317000.0,1514068000.0,-5131000.0,4744000.0,-5764000.0,-1935000.0,-8086000.0,10706000.0,-18792000.0,-0.03,-0.03,635314000.0,635314000.0,ABNB,120.87,9089352.0
2022-06-01,1508937000.0,362623000.0,233012000.0,362927000.0,344616000.0,210573000.0,317000.0,1514068000.0,-5131000.0,4744000.0,-5764000.0,-1935000.0,-8086000.0,10706000.0,-18792000.0,-0.03,-0.03,635314000.0,635314000.0,ABNB,116.72,6864663.0
