date,ticker,pos,neg,neu,compound,ticker,close,volume
2015-12-01,NFLX,0.11,0.024,0.865,1.0,NFLX,125.37,12550755.0
2015-12-02,NFLX,0.11,0.024,0.865,1.0,NFLX,128.93,24105712.0
2015-12-03,NFLX,0.11,0.024,0.865,1.0,NFLX,126.81,26644540.0
2015-12-04,NFLX,0.11,0.024,0.865,1.0,NFLX,130.93,20250411.0
2015-12-07,NFLX,0.11,0.024,0.865,1.0,NFLX,125.36,23351531.0
2015-12-08,NFLX,0.11,0.024,0.865,1.0,NFLX,126.98,18591147.0
2015-12-09,NFLX,0.11,0.024,0.865,1.0,NFLX,124.2,17788797.0
2015-12-10,NFLX,0.11,0.024,0.865,1.0,NFLX,122.91,13474119.0
2015-12-11,NFLX,0.11,0.024,0.865,1.0,NFLX,118.91,16105315.0
2015-12-14,NFLX,0.11,0.024,0.865,1.0,NFLX,120.67,18732738.0
2015-12-15,NFLX,0.11,0.024,0.865,1.0,NFLX,118.6,11759993.0
2015-12-16,NFLX,0.11,0.024,0.865,1.0,NFLX,122.64,13180982.0
2015-12-17,NFLX,0.11,0.024,0.865,1.0,NFLX,122.51,17284872.0
2015-12-18,NFLX,0.11,0.024,0.865,1.0,NFLX,118.02,17948060.0
2015-12-21,NFLX,0.11,0.024,0.865,1.0,NFLX,116.63,11669993.0
2015-12-22,NFLX,0.11,0.024,0.865,1.0,NFLX,116.24,9689044.0
2015-12-23,NFLX,0.11,0.024,0.865,1.0,NFLX,118.16,9324318.0
2015-12-24,NFLX,0.11,0.024,0.865,1.0,NFLX,117.33,3541403.0
2015-12-28,NFLX,0.11,0.024,0.865,1.0,NFLX,117.11,8422424.0
2015-12-29,NFLX,0.11,0.024,0.865,1.0,NFLX,119.12,8159211.0
2015-12-30,NFLX,0.11,0.024,0.865,1.0,NFLX,116.71,8149686.0
2015-12-31,NFLX,0.126,0.054,0.82,1.0,NFLX,114.38,9273008.0
2016-01-04,NFLX,0.126,0.054,0.82,1.0,NFLX,109.96,20794848.0
2016-01-05,NFLX,0.126,0.054,0.82,1.0,NFLX,107.66,17664562.0
2016-01-06,NFLX,0.126,0.054,0.82,1.0,NFLX,117.68,33045656.0
2016-01-07,NFLX,0.126,0.054,0.82,1.0,NFLX,114.56,33636661.0
2016-01-08,NFLX,0.126,0.054,0.82,1.0,NFLX,111.39,18067140.0
2016-01-11,NFLX,0.126,0.054,0.82,1.0,NFLX,114.97,21920390.0
2016-01-12,NFLX,0.126,0.054,0.82,1.0,NFLX,116.58,15133522.0
2016-01-13,NFLX,0.126,0.054,0.82,1.0,NFLX,106.56,24921587.0
2016-01-14,NFLX,0.126,0.054,0.82,1.0,NFLX,107.06,23664784.0
2016-01-15,NFLX,0.126,0.054,0.82,1.0,NFLX,104.04,19763141.0
2016-01-19,NFLX,0.126,0.054,0.82,1.0,NFLX,107.89,35722752.0
2016-01-20,NFLX,0.126,0.054,0.82,1.0,NFLX,107.74,53009419.0
2016-01-21,NFLX,0.126,0.054,0.82,1.0,NFLX,102.35,31027503.0
2016-01-22,NFLX,0.126,0.054,0.82,1.0,NFLX,100.72,26819871.0
2016-01-25,NFLX,0.126,0.054,0.82,1.0,NFLX,99.12,20321102.0
2016-01-26,NFLX,0.126,0.054,0.82,1.0,NFLX,97.83,22083856.0
2016-01-27,NFLX,0.126,0.054,0.82,1.0,NFLX,91.15,25556187.0
2016-01-28,NFLX,0.126,0.054,0.82,1.0,NFLX,94.41,24562311.0
2016-01-29,NFLX,0.126,0.054,0.82,1.0,NFLX,91.84,20458045.0
2016-02-01,NFLX,0.126,0.054,0.82,1.0,NFLX,94.09,19684477.0
2016-02-02,NFLX,0.126,0.054,0.82,1.0,NFLX,91.49,20942471.0
2016-02-03,NFLX,0.126,0.054,0.82,1.0,NFLX,90.74,27466034.0
2016-02-04,NFLX,0.126,0.054,0.82,1.0,NFLX,89.71,19108600.0
2016-02-05,NFLX,0.126,0.054,0.82,1.0,NFLX,82.79,25929257.0
2016-02-08,NFLX,0.126,0.054,0.82,1.0,NFLX,83.32,25035634.0
2016-02-09,NFLX,0.126,0.054,0.82,1.0,NFLX,86.13,25892874.0
2016-02-10,NFLX,0.126,0.054,0.82,1.0,NFLX,88.45,23146517.0
2016-02-11,NFLX,0.126,0.054,0.82,1.0,NFLX,86.35,21820321.0
2016-02-12,NFLX,0.126,0.054,0.82,1.0,NFLX,87.4,19067683.0
2016-02-16,NFLX,0.126,0.054,0.82,1.0,NFLX,89.05,16356604.0
2016-02-17,NFLX,0.126,0.054,0.82,1.0,NFLX,94.76,18323834.0
2016-02-18,NFLX,0.126,0.054,0.82,1.0,NFLX,90.49,17695324.0
2016-02-19,NFLX,0.126,0.054,0.82,1.0,NFLX,89.23,14259205.0
2016-02-22,NFLX,0.126,0.054,0.82,1.0,NFLX,91.93,16321822.0
2016-02-23,NFLX,0.126,0.054,0.82,1.0,NFLX,89.12,12744428.0
2016-02-24,NFLX,0.126,0.054,0.82,1.0,NFLX,91.61,15972798.0
2016-02-25,NFLX,0.126,0.054,0.82,1.0,NFLX,94.53,17898777.0
2016-02-26,NFLX,0.126,0.054,0.82,1.0,NFLX,94.79,16975151.0
2016-02-29,NFLX,0.126,0.054,0.82,1.0,NFLX,93.41,13663080.0
2016-03-01,NFLX,0.126,0.054,0.82,1.0,NFLX,98.3,17048790.0
2016-03-02,NFLX,0.126,0.054,0.82,1.0,NFLX,97.61,19102849.0
2016-03-03,NFLX,0.126,0.054,0.82,1.0,NFLX,97.93,15320921.0
2016-03-04,NFLX,0.126,0.054,0.82,1.0,NFLX,101.58,23414622.0
2016-03-07,NFLX,0.126,0.054,0.82,1.0,NFLX,95.49,23906672.0
2016-03-08,NFLX,0.126,0.054,0.82,1.0,NFLX,96.23,14796968.0
2016-03-09,NFLX,0.126,0.054,0.82,1.0,NFLX,98.0,12298660.0
2016-03-10,NFLX,0.126,0.054,0.82,1.0,NFLX,97.36,17002063.0
2016-03-11,NFLX,0.126,0.054,0.82,1.0,NFLX,97.66,15114299.0
2016-03-14,NFLX,0.126,0.054,0.82,1.0,NFLX,98.13,11251874.0
2016-03-15,NFLX,0.126,0.054,0.82,1.0,NFLX,97.86,9691768.0
2016-03-16,NFLX,0.126,0.054,0.82,1.0,NFLX,99.35,12630530.0
2016-03-17,NFLX,0.126,0.054,0.82,1.0,NFLX,99.72,13824964.0
2016-03-18,NFLX,0.126,0.054,0.82,1.0,NFLX,101.12,15453454.0
2016-03-21,NFLX,0.126,0.054,0.82,1.0,NFLX,101.06,9578466.0
2016-03-22,NFLX,0.126,0.054,0.82,1.0,NFLX,99.84,9069905.0
2016-03-23,NFLX,0.126,0.054,0.82,1.0,NFLX,99.59,8313480.0
2016-03-24,NFLX,0.126,0.054,0.82,1.0,NFLX,98.36,10651639.0
2016-03-28,NFLX,0.126,0.054,0.82,1.0,NFLX,101.21,12432217.0
2016-03-29,NFLX,0.126,0.054,0.82,1.0,NFLX,104.13,16008568.0
2016-03-30,NFLX,0.126,0.054,0.82,1.0,NFLX,102.19,14704994.0
2016-03-31,NFLX,0.117,0.027,0.856,1.0,NFLX,102.23,9747539.0
2016-04-01,NFLX,0.117,0.027,0.856,1.0,NFLX,105.7,14182359.0
2016-04-04,NFLX,0.117,0.027,0.856,1.0,NFLX,104.35,10940426.0
2016-04-05,NFLX,0.117,0.027,0.856,1.0,NFLX,104.94,10060916.0
2016-04-06,NFLX,0.117,0.027,0.856,1.0,NFLX,104.83,9605800.0
2016-04-07,NFLX,0.117,0.027,0.856,1.0,NFLX,104.45,10774911.0
2016-04-08,NFLX,0.117,0.027,0.856,1.0,NFLX,103.81,7857592.0
2016-04-11,NFLX,0.117,0.027,0.856,1.0,NFLX,102.68,7451315.0
2016-04-12,NFLX,0.117,0.027,0.856,1.0,NFLX,106.98,12436982.0
2016-04-13,NFLX,0.117,0.027,0.856,1.0,NFLX,109.65,16701709.0
2016-04-14,NFLX,0.117,0.027,0.856,1.0,NFLX,110.42,9553688.0
2016-04-15,NFLX,0.117,0.027,0.856,1.0,NFLX,111.51,11746065.0
2016-04-18,NFLX,0.117,0.027,0.856,1.0,NFLX,108.4,32816416.0
2016-04-19,NFLX,0.117,0.027,0.856,1.0,NFLX,94.34,55728765.0
2016-04-20,NFLX,0.117,0.027,0.856,1.0,NFLX,96.77,26613506.0
2016-04-21,NFLX,0.117,0.027,0.856,1.0,NFLX,94.98,19919375.0
2016-04-22,NFLX,0.117,0.027,0.856,1.0,NFLX,95.9,15806320.0
2016-04-25,NFLX,0.117,0.027,0.856,1.0,NFLX,93.56,14985382.0
2016-04-26,NFLX,0.117,0.027,0.856,1.0,NFLX,92.43,15330021.0
2016-04-27,NFLX,0.117,0.027,0.856,1.0,NFLX,91.04,12218929.0
2016-04-28,NFLX,0.117,0.027,0.856,1.0,NFLX,90.28,11474907.0
2016-04-29,NFLX,0.117,0.027,0.856,1.0,NFLX,90.03,13967930.0
2016-05-02,NFLX,0.117,0.027,0.856,1.0,NFLX,93.11,12546995.0
2016-05-03,NFLX,0.117,0.027,0.856,1.0,NFLX,91.54,10593280.0
2016-05-04,NFLX,0.117,0.027,0.856,1.0,NFLX,90.79,7394742.0
2016-05-05,NFLX,0.117,0.027,0.856,1.0,NFLX,89.37,10368491.0
2016-05-06,NFLX,0.117,0.027,0.856,1.0,NFLX,90.84,10433936.0
2016-05-09,NFLX,0.117,0.027,0.856,1.0,NFLX,90.54,9543705.0
2016-05-10,NFLX,0.117,0.027,0.856,1.0,NFLX,92.89,11175913.0
2016-05-11,NFLX,0.117,0.027,0.856,1.0,NFLX,90.02,11692864.0
2016-05-12,NFLX,0.117,0.027,0.856,1.0,NFLX,87.74,20408118.0
2016-05-13,NFLX,0.117,0.027,0.856,1.0,NFLX,87.88,11571389.0
2016-05-16,NFLX,0.117,0.027,0.856,1.0,NFLX,89.12,11247812.0
2016-05-17,NFLX,0.117,0.027,0.856,1.0,NFLX,88.63,11571267.0
2016-05-18,NFLX,0.117,0.027,0.856,1.0,NFLX,90.5,13911836.0
2016-05-19,NFLX,0.117,0.027,0.856,1.0,NFLX,89.55,11450323.0
2016-05-20,NFLX,0.117,0.027,0.856,1.0,NFLX,92.49,15063042.0
2016-05-23,NFLX,0.117,0.027,0.856,1.0,NFLX,94.89,13992330.0
2016-05-24,NFLX,0.117,0.027,0.856,1.0,NFLX,97.89,21231023.0
2016-05-25,NFLX,0.117,0.027,0.856,1.0,NFLX,100.2,15211295.0
2016-05-26,NFLX,0.117,0.027,0.856,1.0,NFLX,102.81,17824673.0
2016-05-27,NFLX,0.117,0.027,0.856,1.0,NFLX,103.3,9092127.0
2016-05-31,NFLX,0.117,0.027,0.856,1.0,NFLX,102.57,8725656.0
2016-06-01,NFLX,0.117,0.027,0.856,1.0,NFLX,101.51,8390180.0
2016-06-02,NFLX,0.117,0.027,0.856,1.0,NFLX,101.25,7992448.0
2016-06-03,NFLX,0.117,0.027,0.856,1.0,NFLX,99.59,9223994.0
2016-06-06,NFLX,0.117,0.027,0.856,1.0,NFLX,100.74,6828128.0
2016-06-07,NFLX,0.117,0.027,0.856,1.0,NFLX,99.89,6474742.0
2016-06-08,NFLX,0.117,0.027,0.856,1.0,NFLX,97.86,9423938.0
2016-06-09,NFLX,0.117,0.027,0.856,1.0,NFLX,97.09,8923803.0
2016-06-10,NFLX,0.117,0.027,0.856,1.0,NFLX,93.75,12907890.0
2016-06-13,NFLX,0.117,0.027,0.856,1.0,NFLX,93.85,13484345.0
2016-06-14,NFLX,0.117,0.027,0.856,1.0,NFLX,94.12,9480388.0
2016-06-15,NFLX,0.117,0.027,0.856,1.0,NFLX,94.29,7675449.0
2016-06-16,NFLX,0.117,0.027,0.856,1.0,NFLX,95.44,7550774.0
2016-06-17,NFLX,0.117,0.027,0.856,1.0,NFLX,94.45,8046841.0
2016-06-20,NFLX,0.117,0.027,0.856,1.0,NFLX,93.8,9026376.0
2016-06-21,NFLX,0.117,0.027,0.856,1.0,NFLX,90.99,15199727.0
2016-06-22,NFLX,0.117,0.027,0.856,1.0,NFLX,90.01,9454685.0
2016-06-23,NFLX,0.117,0.027,0.856,1.0,NFLX,91.66,10819033.0
2016-06-24,NFLX,0.117,0.027,0.856,1.0,NFLX,88.44,11248582.0
2016-06-27,NFLX,0.117,0.027,0.856,1.0,NFLX,85.33,13775706.0
2016-06-28,NFLX,0.117,0.027,0.856,1.0,NFLX,87.97,11545631.0
2016-06-29,NFLX,0.117,0.027,0.856,1.0,NFLX,91.06,11687079.0
2016-06-30,NFLX,0.116,0.022,0.862,1.0,NFLX,91.48,9098971.0
2016-07-01,NFLX,0.116,0.022,0.862,1.0,NFLX,96.67,16167210.0
2016-07-05,NFLX,0.116,0.022,0.862,1.0,NFLX,97.91,25879367.0
2016-07-06,NFLX,0.116,0.022,0.862,1.0,NFLX,94.6,16301211.0
2016-07-07,NFLX,0.116,0.022,0.862,1.0,NFLX,95.1,9913509.0
2016-07-08,NFLX,0.116,0.022,0.862,1.0,NFLX,97.06,8335375.0
2016-07-11,NFLX,0.116,0.022,0.862,1.0,NFLX,94.67,13276161.0
2016-07-12,NFLX,0.116,0.022,0.862,1.0,NFLX,95.97,11610410.0
2016-07-13,NFLX,0.116,0.022,0.862,1.0,NFLX,96.43,8768863.0
2016-07-14,NFLX,0.116,0.022,0.862,1.0,NFLX,98.02,9885009.0
2016-07-15,NFLX,0.116,0.022,0.862,1.0,NFLX,98.39,9041865.0
2016-07-18,NFLX,0.116,0.022,0.862,1.0,NFLX,98.81,28669659.0
2016-07-19,NFLX,0.116,0.022,0.862,1.0,NFLX,85.84,55681209.0
2016-07-20,NFLX,0.116,0.022,0.862,1.0,NFLX,87.91,23525141.0
2016-07-21,NFLX,0.116,0.022,0.862,1.0,NFLX,85.99,16083996.0
2016-07-22,NFLX,0.116,0.022,0.862,1.0,NFLX,85.89,11363917.0
2016-07-25,NFLX,0.116,0.022,0.862,1.0,NFLX,87.66,14134527.0
2016-07-26,NFLX,0.116,0.022,0.862,1.0,NFLX,91.41,19577623.0
2016-07-27,NFLX,0.116,0.022,0.862,1.0,NFLX,92.04,8727517.0
2016-07-28,NFLX,0.116,0.022,0.862,1.0,NFLX,91.65,6227673.0
2016-07-29,NFLX,0.116,0.022,0.862,1.0,NFLX,91.25,6960222.0
2016-08-01,NFLX,0.116,0.022,0.862,1.0,NFLX,94.37,10666915.0
2016-08-02,NFLX,0.116,0.022,0.862,1.0,NFLX,93.56,9836233.0
2016-08-03,NFLX,0.116,0.022,0.862,1.0,NFLX,93.1,7030916.0
2016-08-04,NFLX,0.116,0.022,0.862,1.0,NFLX,93.44,6043394.0
2016-08-05,NFLX,0.116,0.022,0.862,1.0,NFLX,97.03,18364801.0
2016-08-08,NFLX,0.116,0.022,0.862,1.0,NFLX,95.11,10135401.0
2016-08-09,NFLX,0.116,0.022,0.862,1.0,NFLX,93.99,9175413.0
2016-08-10,NFLX,0.116,0.022,0.862,1.0,NFLX,93.93,6511142.0
2016-08-11,NFLX,0.116,0.022,0.862,1.0,NFLX,95.89,8547659.0
2016-08-12,NFLX,0.116,0.022,0.862,1.0,NFLX,96.59,6592923.0
2016-08-15,NFLX,0.116,0.022,0.862,1.0,NFLX,95.31,7304620.0
2016-08-16,NFLX,0.116,0.022,0.862,1.0,NFLX,95.12,6311339.0
2016-08-17,NFLX,0.116,0.022,0.862,1.0,NFLX,96.37,8315615.0
2016-08-18,NFLX,0.116,0.022,0.862,1.0,NFLX,96.16,7252629.0
2016-08-19,NFLX,0.116,0.022,0.862,1.0,NFLX,95.87,6942892.0
2016-08-22,NFLX,0.116,0.022,0.862,1.0,NFLX,95.26,5830548.0
2016-08-23,NFLX,0.116,0.022,0.862,1.0,NFLX,95.94,5239106.0
2016-08-24,NFLX,0.116,0.022,0.862,1.0,NFLX,95.18,6276468.0
2016-08-25,NFLX,0.116,0.022,0.862,1.0,NFLX,97.32,10823055.0
2016-08-26,NFLX,0.116,0.022,0.862,1.0,NFLX,97.58,6614944.0
2016-08-29,NFLX,0.116,0.022,0.862,1.0,NFLX,97.3,8008430.0
2016-08-30,NFLX,0.116,0.022,0.862,1.0,NFLX,97.45,6093536.0
2016-08-31,NFLX,0.116,0.022,0.862,1.0,NFLX,97.45,4690614.0
2016-09-01,NFLX,0.116,0.022,0.862,1.0,NFLX,97.38,4148621.0
2016-09-02,NFLX,0.116,0.022,0.862,1.0,NFLX,97.38,4247182.0
2016-09-06,NFLX,0.116,0.022,0.862,1.0,NFLX,100.09,9036092.0
2016-09-07,NFLX,0.116,0.022,0.862,1.0,NFLX,99.15,6468512.0
2016-09-08,NFLX,0.116,0.022,0.862,1.0,NFLX,99.66,5201208.0
2016-09-09,NFLX,0.116,0.022,0.862,1.0,NFLX,96.5,7373319.0
2016-09-12,NFLX,0.116,0.022,0.862,1.0,NFLX,99.05,7718351.0
2016-09-13,NFLX,0.116,0.022,0.862,1.0,NFLX,96.09,11502478.0
2016-09-14,NFLX,0.116,0.022,0.862,1.0,NFLX,97.01,8528450.0
2016-09-15,NFLX,0.116,0.022,0.862,1.0,NFLX,97.34,5299930.0
2016-09-16,NFLX,0.116,0.022,0.862,1.0,NFLX,99.48,9445109.0
2016-09-19,NFLX,0.116,0.022,0.862,1.0,NFLX,98.06,8616083.0
2016-09-20,NFLX,0.116,0.022,0.862,1.0,NFLX,98.25,4736762.0
2016-09-21,NFLX,0.116,0.022,0.862,1.0,NFLX,94.88,20042236.0
2016-09-22,NFLX,0.116,0.022,0.862,1.0,NFLX,95.83,11214973.0
2016-09-23,NFLX,0.116,0.022,0.862,1.0,NFLX,95.94,6179471.0
2016-09-26,NFLX,0.116,0.022,0.862,1.0,NFLX,94.56,6739188.0
2016-09-27,NFLX,0.116,0.022,0.862,1.0,NFLX,97.07,9680100.0
2016-09-28,NFLX,0.116,0.022,0.862,1.0,NFLX,97.48,7235109.0
2016-09-29,NFLX,0.116,0.022,0.862,1.0,NFLX,96.67,6217636.0
2016-09-30,NFLX,0.121,0.022,0.857,1.0,NFLX,98.55,9807925.0
2016-10-03,NFLX,0.121,0.022,0.857,1.0,NFLX,102.63,15344490.0
2016-10-04,NFLX,0.121,0.022,0.857,1.0,NFLX,102.34,12143104.0
2016-10-05,NFLX,0.121,0.022,0.857,1.0,NFLX,106.28,12942880.0
2016-10-06,NFLX,0.121,0.022,0.857,1.0,NFLX,105.07,6587738.0
2016-10-07,NFLX,0.121,0.022,0.857,1.0,NFLX,104.82,8659518.0
2016-10-10,NFLX,0.121,0.022,0.857,1.0,NFLX,103.33,6699653.0
2016-10-11,NFLX,0.121,0.022,0.857,1.0,NFLX,100.59,9032854.0
2016-10-12,NFLX,0.121,0.022,0.857,1.0,NFLX,99.5,7426504.0
2016-10-13,NFLX,0.121,0.022,0.857,1.0,NFLX,100.23,8319333.0
2016-10-14,NFLX,0.121,0.022,0.857,1.0,NFLX,101.47,9531056.0
2016-10-17,NFLX,0.121,0.022,0.857,1.0,NFLX,99.8,26589483.0
2016-10-18,NFLX,0.121,0.022,0.857,1.0,NFLX,118.79,42168221.0
2016-10-19,NFLX,0.121,0.022,0.857,1.0,NFLX,121.87,21981734.0
2016-10-20,NFLX,0.121,0.022,0.857,1.0,NFLX,123.35,14492827.0
2016-10-21,NFLX,0.121,0.022,0.857,1.0,NFLX,127.5,18832428.0
2016-10-24,NFLX,0.121,0.022,0.857,1.0,NFLX,127.33,15980674.0
2016-10-25,NFLX,0.121,0.022,0.857,1.0,NFLX,126.51,8258741.0
2016-10-26,NFLX,0.121,0.022,0.857,1.0,NFLX,126.97,8602447.0
2016-10-27,NFLX,0.121,0.022,0.857,1.0,NFLX,126.47,6986182.0
2016-10-28,NFLX,0.121,0.022,0.857,1.0,NFLX,126.57,7077252.0
2016-10-31,NFLX,0.121,0.022,0.857,1.0,NFLX,124.87,6517512.0
2016-11-01,NFLX,0.121,0.022,0.857,1.0,NFLX,123.3,6978841.0
2016-11-02,NFLX,0.121,0.022,0.857,1.0,NFLX,122.34,4816526.0
2016-11-03,NFLX,0.121,0.022,0.857,1.0,NFLX,122.14,5041321.0
2016-11-04,NFLX,0.121,0.022,0.857,1.0,NFLX,122.03,5077719.0
2016-11-07,NFLX,0.121,0.022,0.857,1.0,NFLX,124.58,5827686.0
2016-11-08,NFLX,0.121,0.022,0.857,1.0,NFLX,124.34,4690756.0
2016-11-09,NFLX,0.121,0.022,0.857,1.0,NFLX,122.19,7711410.0
2016-11-10,NFLX,0.121,0.022,0.857,1.0,NFLX,115.42,19718703.0
2016-11-11,NFLX,0.121,0.022,0.857,1.0,NFLX,114.78,11080260.0
2016-11-14,NFLX,0.121,0.022,0.857,1.0,NFLX,113.38,9932379.0
2016-11-15,NFLX,0.121,0.022,0.857,1.0,NFLX,113.59,7445094.0
2016-11-16,NFLX,0.121,0.022,0.857,1.0,NFLX,115.19,5934328.0
2016-11-17,NFLX,0.121,0.022,0.857,1.0,NFLX,115.03,6232766.0
2016-11-18,NFLX,0.121,0.022,0.857,1.0,NFLX,115.21,6746783.0
2016-11-21,NFLX,0.121,0.022,0.857,1.0,NFLX,117.96,7064628.0
2016-11-22,NFLX,0.121,0.022,0.857,1.0,NFLX,118.04,7007188.0
2016-11-23,NFLX,0.121,0.022,0.857,1.0,NFLX,117.69,4521314.0
2016-11-25,NFLX,0.121,0.022,0.857,1.0,NFLX,117.41,1616260.0
2016-11-28,NFLX,0.121,0.022,0.857,1.0,NFLX,116.93,5278861.0
2016-11-29,NFLX,0.121,0.022,0.857,1.0,NFLX,117.51,7082292.0
2016-11-30,NFLX,0.121,0.022,0.857,1.0,NFLX,117.0,7715103.0
2016-12-01,NFLX,0.121,0.022,0.857,1.0,NFLX,117.22,8636943.0
2016-12-02,NFLX,0.121,0.022,0.857,1.0,NFLX,120.81,8953590.0
2016-12-05,NFLX,0.121,0.022,0.857,1.0,NFLX,119.16,7626283.0
2016-12-06,NFLX,0.121,0.022,0.857,1.0,NFLX,124.57,11513209.0
2016-12-07,NFLX,0.121,0.022,0.857,1.0,NFLX,125.39,8204689.0
2016-12-08,NFLX,0.121,0.022,0.857,1.0,NFLX,123.24,8987712.0
2016-12-09,NFLX,0.121,0.022,0.857,1.0,NFLX,122.88,4700783.0
2016-12-12,NFLX,0.121,0.022,0.857,1.0,NFLX,122.83,3917605.0
2016-12-13,NFLX,0.121,0.022,0.857,1.0,NFLX,123.78,5564909.0
2016-12-14,NFLX,0.121,0.022,0.857,1.0,NFLX,123.44,6110373.0
2016-12-15,NFLX,0.121,0.022,0.857,1.0,NFLX,125.0,7376334.0
2016-12-16,NFLX,0.121,0.022,0.857,1.0,NFLX,124.22,8767975.0
2016-12-19,NFLX,0.121,0.022,0.857,1.0,NFLX,125.45,4897576.0
2016-12-20,NFLX,0.121,0.022,0.857,1.0,NFLX,125.12,3937812.0
2016-12-21,NFLX,0.121,0.022,0.857,1.0,NFLX,126.5,6514934.0
2016-12-22,NFLX,0.121,0.022,0.857,1.0,NFLX,125.58,4161410.0
2016-12-23,NFLX,0.121,0.022,0.857,1.0,NFLX,125.59,2010382.0
2016-12-27,NFLX,0.121,0.022,0.857,1.0,NFLX,128.35,5288164.0
2016-12-28,NFLX,0.121,0.022,0.857,1.0,NFLX,125.89,4389162.0
2016-12-29,NFLX,0.121,0.022,0.857,1.0,NFLX,125.33,3445073.0
2016-12-30,NFLX,0.121,0.022,0.857,1.0,NFLX,123.8,4455351.0
2016-12-31,NFLX,0.126,0.055,0.819,1.0,NFLX,123.8,4455351.0
2017-01-03,NFLX,0.126,0.055,0.819,1.0,NFLX,127.49,9444881.0
2017-01-04,NFLX,0.126,0.055,0.819,1.0,NFLX,129.41,7843559.0
2017-01-05,NFLX,0.126,0.055,0.819,1.0,NFLX,131.81,10200665.0
2017-01-06,NFLX,0.126,0.055,0.819,1.0,NFLX,131.07,10657878.0
2017-01-09,NFLX,0.126,0.055,0.819,1.0,NFLX,130.95,5771835.0
2017-01-10,NFLX,0.126,0.055,0.819,1.0,NFLX,129.89,6086209.0
2017-01-11,NFLX,0.126,0.055,0.819,1.0,NFLX,130.5,5615061.0
2017-01-12,NFLX,0.126,0.055,0.819,1.0,NFLX,129.18,5389970.0
2017-01-13,NFLX,0.126,0.055,0.819,1.0,NFLX,133.7,10515015.0
2017-01-17,NFLX,0.126,0.055,0.819,1.0,NFLX,132.89,12222101.0
2017-01-18,NFLX,0.126,0.055,0.819,1.0,NFLX,133.26,16169667.0
2017-01-19,NFLX,0.126,0.055,0.819,1.0,NFLX,138.41,23203956.0
2017-01-20,NFLX,0.126,0.055,0.819,1.0,NFLX,138.6,9497474.0
2017-01-23,NFLX,0.126,0.055,0.819,1.0,NFLX,137.39,7433896.0
2017-01-24,NFLX,0.126,0.055,0.819,1.0,NFLX,140.11,7754673.0
2017-01-25,NFLX,0.126,0.055,0.819,1.0,NFLX,139.52,7612895.0
2017-01-26,NFLX,0.126,0.055,0.819,1.0,NFLX,138.96,6038313.0
2017-01-27,NFLX,0.126,0.055,0.819,1.0,NFLX,142.45,8324086.0
2017-01-30,NFLX,0.126,0.055,0.819,1.0,NFLX,141.22,8126887.0
2017-01-31,NFLX,0.126,0.055,0.819,1.0,NFLX,140.71,4411771.0
2017-02-01,NFLX,0.126,0.055,0.819,1.0,NFLX,140.78,6033422.0
2017-02-02,NFLX,0.126,0.055,0.819,1.0,NFLX,139.2,3462370.0
2017-02-03,NFLX,0.126,0.055,0.819,1.0,NFLX,140.25,3512568.0
2017-02-06,NFLX,0.126,0.055,0.819,1.0,NFLX,140.97,3564516.0
2017-02-07,NFLX,0.126,0.055,0.819,1.0,NFLX,144.0,8620215.0
2017-02-08,NFLX,0.126,0.055,0.819,1.0,NFLX,144.74,6887120.0
2017-02-09,NFLX,0.126,0.055,0.819,1.0,NFLX,144.14,4555915.0
2017-02-10,NFLX,0.126,0.055,0.819,1.0,NFLX,144.82,6882461.0
2017-02-13,NFLX,0.126,0.055,0.819,1.0,NFLX,143.2,4790435.0
2017-02-14,NFLX,0.126,0.055,0.819,1.0,NFLX,140.82,8367829.0
2017-02-15,NFLX,0.126,0.055,0.819,1.0,NFLX,142.27,5309750.0
2017-02-16,NFLX,0.126,0.055,0.819,1.0,NFLX,142.01,2847496.0
2017-02-17,NFLX,0.126,0.055,0.819,1.0,NFLX,142.22,4588073.0
2017-02-21,NFLX,0.126,0.055,0.819,1.0,NFLX,142.6,3572481.0
2017-02-22,NFLX,0.126,0.055,0.819,1.0,NFLX,143.86,3484956.0
2017-02-23,NFLX,0.126,0.055,0.819,1.0,NFLX,142.78,4667978.0
2017-02-24,NFLX,0.126,0.055,0.819,1.0,NFLX,143.25,3302714.0
2017-02-27,NFLX,0.126,0.055,0.819,1.0,NFLX,143.41,3907377.0
2017-02-28,NFLX,0.126,0.055,0.819,1.0,NFLX,142.13,3862221.0
2017-03-01,NFLX,0.126,0.055,0.819,1.0,NFLX,142.65,4170649.0
2017-03-02,NFLX,0.126,0.055,0.819,1.0,NFLX,139.53,6119945.0
2017-03-03,NFLX,0.126,0.055,0.819,1.0,NFLX,139.14,5401104.0
2017-03-06,NFLX,0.126,0.055,0.819,1.0,NFLX,141.94,7116188.0
2017-03-07,NFLX,0.126,0.055,0.819,1.0,NFLX,141.43,4241136.0
2017-03-08,NFLX,0.126,0.055,0.819,1.0,NFLX,140.32,4092550.0
2017-03-09,NFLX,0.126,0.055,0.819,1.0,NFLX,140.53,2652740.0
2017-03-10,NFLX,0.126,0.055,0.819,1.0,NFLX,140.89,3318464.0
2017-03-13,NFLX,0.126,0.055,0.819,1.0,NFLX,143.52,4922432.0
2017-03-14,NFLX,0.126,0.055,0.819,1.0,NFLX,143.19,4660294.0
2017-03-15,NFLX,0.126,0.055,0.819,1.0,NFLX,145.25,5987198.0
2017-03-16,NFLX,0.126,0.055,0.819,1.0,NFLX,144.39,5286494.0
2017-03-17,NFLX,0.126,0.055,0.819,1.0,NFLX,145.11,6299716.0
2017-03-20,NFLX,0.126,0.055,0.819,1.0,NFLX,145.83,3421046.0
2017-03-21,NFLX,0.126,0.055,0.819,1.0,NFLX,142.42,7670072.0
2017-03-22,NFLX,0.126,0.055,0.819,1.0,NFLX,142.65,6487093.0
2017-03-23,NFLX,0.126,0.055,0.819,1.0,NFLX,141.84,3713125.0
2017-03-24,NFLX,0.126,0.055,0.819,1.0,NFLX,142.02,3546599.0
2017-03-27,NFLX,0.126,0.055,0.819,1.0,NFLX,144.06,4771650.0
2017-03-28,NFLX,0.126,0.055,0.819,1.0,NFLX,145.17,4638003.0
2017-03-29,NFLX,0.126,0.055,0.819,1.0,NFLX,146.47,3855096.0
2017-03-30,NFLX,0.126,0.055,0.819,1.0,NFLX,148.06,4461068.0
2017-03-31,NFLX,0.122,0.025,0.852,1.0,NFLX,147.81,3897575.0
2017-04-03,NFLX,0.122,0.025,0.852,1.0,NFLX,146.92,4609336.0
2017-04-04,NFLX,0.122,0.025,0.852,1.0,NFLX,145.5,4368919.0
2017-04-05,NFLX,0.122,0.025,0.852,1.0,NFLX,143.62,4608427.0
2017-04-06,NFLX,0.122,0.025,0.852,1.0,NFLX,143.74,3312500.0
2017-04-07,NFLX,0.122,0.025,0.852,1.0,NFLX,143.11,3040506.0
2017-04-10,NFLX,0.122,0.025,0.852,1.0,NFLX,143.85,5807440.0
2017-04-11,NFLX,0.122,0.025,0.852,1.0,NFLX,144.35,4621551.0
2017-04-12,NFLX,0.122,0.025,0.852,1.0,NFLX,143.83,4386954.0
2017-04-13,NFLX,0.122,0.025,0.852,1.0,NFLX,142.92,3686157.0
2017-04-17,NFLX,0.122,0.025,0.852,1.0,NFLX,147.25,16366543.0
2017-04-18,NFLX,0.122,0.025,0.852,1.0,NFLX,143.36,19671075.0
2017-04-19,NFLX,0.122,0.025,0.852,1.0,NFLX,139.76,12384464.0
2017-04-20,NFLX,0.122,0.025,0.852,1.0,NFLX,141.18,7249180.0
2017-04-21,NFLX,0.122,0.025,0.852,1.0,NFLX,142.87,6825186.0
2017-04-24,NFLX,0.122,0.025,0.852,1.0,NFLX,143.83,4801120.0
2017-04-25,NFLX,0.122,0.025,0.852,1.0,NFLX,152.16,20674767.0
2017-04-26,NFLX,0.122,0.025,0.852,1.0,NFLX,150.17,9276491.0
2017-04-27,NFLX,0.122,0.025,0.852,1.0,NFLX,153.08,7719365.0
2017-04-28,NFLX,0.122,0.025,0.852,1.0,NFLX,152.2,6366247.0
2017-05-01,NFLX,0.122,0.025,0.852,1.0,NFLX,155.35,9031631.0
2017-05-02,NFLX,0.122,0.025,0.852,1.0,NFLX,156.45,5385001.0
2017-05-03,NFLX,0.122,0.025,0.852,1.0,NFLX,155.59,3931244.0
2017-05-04,NFLX,0.122,0.025,0.852,1.0,NFLX,157.25,5582526.0
2017-05-05,NFLX,0.122,0.025,0.852,1.0,NFLX,156.6,5341735.0
2017-05-08,NFLX,0.122,0.025,0.852,1.0,NFLX,156.38,4818794.0
2017-05-09,NFLX,0.122,0.025,0.852,1.0,NFLX,157.46,3911027.0
2017-05-10,NFLX,0.122,0.025,0.852,1.0,NFLX,160.28,6869954.0
2017-05-11,NFLX,0.122,0.025,0.852,1.0,NFLX,158.54,5677720.0
2017-05-12,NFLX,0.122,0.025,0.852,1.0,NFLX,160.81,5094085.0
2017-05-15,NFLX,0.122,0.025,0.852,1.0,NFLX,160.02,4983241.0
2017-05-16,NFLX,0.122,0.025,0.852,1.0,NFLX,159.41,3464997.0
2017-05-17,NFLX,0.122,0.025,0.852,1.0,NFLX,153.2,8194665.0
2017-05-18,NFLX,0.122,0.025,0.852,1.0,NFLX,155.7,6802670.0
2017-05-19,NFLX,0.122,0.025,0.852,1.0,NFLX,157.02,4091486.0
2017-05-22,NFLX,0.122,0.025,0.852,1.0,NFLX,157.16,3744055.0
2017-05-23,NFLX,0.122,0.025,0.852,1.0,NFLX,157.95,3371481.0
2017-05-24,NFLX,0.122,0.025,0.852,1.0,NFLX,157.75,2989834.0
2017-05-25,NFLX,0.122,0.025,0.852,1.0,NFLX,163.05,8560961.0
2017-05-26,NFLX,0.122,0.025,0.852,1.0,NFLX,162.43,4834312.0
2017-05-30,NFLX,0.122,0.025,0.852,1.0,NFLX,163.22,4828682.0
2017-05-31,NFLX,0.122,0.025,0.852,1.0,NFLX,163.07,5343187.0
2017-06-01,NFLX,0.122,0.025,0.852,1.0,NFLX,162.99,3896317.0
2017-06-02,NFLX,0.122,0.025,0.852,1.0,NFLX,165.18,4261481.0
2017-06-05,NFLX,0.122,0.025,0.852,1.0,NFLX,165.06,3875174.0
2017-06-06,NFLX,0.122,0.025,0.852,1.0,NFLX,165.17,4382492.0
2017-06-07,NFLX,0.122,0.025,0.852,1.0,NFLX,165.61,3353137.0
2017-06-08,NFLX,0.122,0.025,0.852,1.0,NFLX,165.88,3807806.0
2017-06-09,NFLX,0.122,0.025,0.852,1.0,NFLX,158.03,10291954.0
2017-06-12,NFLX,0.122,0.025,0.852,1.0,NFLX,151.44,14155984.0
2017-06-13,NFLX,0.122,0.025,0.852,1.0,NFLX,152.72,8485246.0
2017-06-14,NFLX,0.122,0.025,0.852,1.0,NFLX,152.2,6461758.0
2017-06-15,NFLX,0.122,0.025,0.852,1.0,NFLX,151.76,7320900.0
2017-06-16,NFLX,0.122,0.025,0.852,1.0,NFLX,152.38,6935659.0
2017-06-19,NFLX,0.122,0.025,0.852,1.0,NFLX,153.4,6544298.0
2017-06-20,NFLX,0.122,0.025,0.852,1.0,NFLX,152.05,4878673.0
2017-06-21,NFLX,0.122,0.025,0.852,1.0,NFLX,155.03,5803506.0
2017-06-22,NFLX,0.122,0.025,0.852,1.0,NFLX,154.89,3778703.0
2017-06-23,NFLX,0.122,0.025,0.852,1.0,NFLX,158.02,6257110.0
2017-06-26,NFLX,0.122,0.025,0.852,1.0,NFLX,157.5,6015974.0
2017-06-27,NFLX,0.122,0.025,0.852,1.0,NFLX,151.03,7431548.0
2017-06-28,NFLX,0.122,0.025,0.852,1.0,NFLX,153.41,5590099.0
2017-06-29,NFLX,0.122,0.025,0.852,1.0,NFLX,150.09,7156232.0
2017-06-30,NFLX,0.123,0.024,0.852,1.0,NFLX,149.41,5213315.0
2017-07-03,NFLX,0.123,0.024,0.852,1.0,NFLX,146.17,3908290.0
2017-07-05,NFLX,0.123,0.024,0.852,1.0,NFLX,147.61,4627803.0
2017-07-06,NFLX,0.123,0.024,0.852,1.0,NFLX,146.25,5486482.0
2017-07-07,NFLX,0.123,0.024,0.852,1.0,NFLX,150.18,5561313.0
2017-07-10,NFLX,0.123,0.024,0.852,1.0,NFLX,152.67,5360606.0
2017-07-11,NFLX,0.123,0.024,0.852,1.0,NFLX,154.33,4898645.0
2017-07-12,NFLX,0.123,0.024,0.852,1.0,NFLX,158.75,8484527.0
2017-07-13,NFLX,0.123,0.024,0.852,1.0,NFLX,158.21,6702592.0
2017-07-14,NFLX,0.123,0.024,0.852,1.0,NFLX,161.12,5549221.0
2017-07-17,NFLX,0.123,0.024,0.852,1.0,NFLX,161.7,17496685.0
2017-07-18,NFLX,0.123,0.024,0.852,1.0,NFLX,183.6,41589445.0
2017-07-19,NFLX,0.123,0.024,0.852,1.0,NFLX,183.86,17344321.0
2017-07-20,NFLX,0.123,0.024,0.852,1.0,NFLX,183.6,7907633.0
2017-07-21,NFLX,0.123,0.024,0.852,1.0,NFLX,188.54,9277448.0
2017-07-24,NFLX,0.123,0.024,0.852,1.0,NFLX,187.91,8816458.0
2017-07-25,NFLX,0.123,0.024,0.852,1.0,NFLX,186.97,5374239.0
2017-07-26,NFLX,0.123,0.024,0.852,1.0,NFLX,189.08,4477094.0
2017-07-27,NFLX,0.123,0.024,0.852,1.0,NFLX,182.68,11220994.0
2017-07-28,NFLX,0.123,0.024,0.852,1.0,NFLX,184.04,6201947.0
2017-07-31,NFLX,0.123,0.024,0.852,1.0,NFLX,181.66,4883606.0
2017-08-01,NFLX,0.123,0.024,0.852,1.0,NFLX,182.03,5113462.0
2017-08-02,NFLX,0.123,0.024,0.852,1.0,NFLX,180.74,5771336.0
2017-08-03,NFLX,0.123,0.024,0.852,1.0,NFLX,179.23,4627732.0
2017-08-04,NFLX,0.123,0.024,0.852,1.0,NFLX,180.27,4506255.0
2017-08-07,NFLX,0.123,0.024,0.852,1.0,NFLX,181.33,4609788.0
2017-08-08,NFLX,0.123,0.024,0.852,1.0,NFLX,178.36,6104043.0
2017-08-09,NFLX,0.123,0.024,0.852,1.0,NFLX,175.78,9670502.0
2017-08-10,NFLX,0.123,0.024,0.852,1.0,NFLX,169.14,9693057.0
2017-08-11,NFLX,0.123,0.024,0.852,1.0,NFLX,171.4,5022334.0
2017-08-14,NFLX,0.123,0.024,0.852,1.0,NFLX,171.0,7468458.0
2017-08-15,NFLX,0.123,0.024,0.852,1.0,NFLX,168.5,5656249.0
2017-08-16,NFLX,0.123,0.024,0.852,1.0,NFLX,169.98,7750793.0
2017-08-17,NFLX,0.123,0.024,0.852,1.0,NFLX,166.09,5229222.0
2017-08-18,NFLX,0.123,0.024,0.852,1.0,NFLX,166.54,7388243.0
2017-08-21,NFLX,0.123,0.024,0.852,1.0,NFLX,166.76,6480708.0
2017-08-22,NFLX,0.123,0.024,0.852,1.0,NFLX,169.34,4886326.0
2017-08-23,NFLX,0.123,0.024,0.852,1.0,NFLX,169.06,4632656.0
2017-08-24,NFLX,0.123,0.024,0.852,1.0,NFLX,168.13,5361749.0
2017-08-25,NFLX,0.123,0.024,0.852,1.0,NFLX,165.95,4064040.0
2017-08-28,NFLX,0.123,0.024,0.852,1.0,NFLX,167.12,3657264.0
2017-08-29,NFLX,0.123,0.024,0.852,1.0,NFLX,168.81,4620920.0
2017-08-30,NFLX,0.123,0.024,0.852,1.0,NFLX,174.69,8034743.0
2017-08-31,NFLX,0.123,0.024,0.852,1.0,NFLX,174.71,6942009.0
2017-09-01,NFLX,0.123,0.024,0.852,1.0,NFLX,174.74,3812968.0
2017-09-05,NFLX,0.123,0.024,0.852,1.0,NFLX,174.52,4597541.0
2017-09-06,NFLX,0.123,0.024,0.852,1.0,NFLX,179.25,8742643.0
2017-09-07,NFLX,0.123,0.024,0.852,1.0,NFLX,179.0,6036146.0
2017-09-08,NFLX,0.123,0.024,0.852,1.0,NFLX,176.42,4609791.0
2017-09-11,NFLX,0.123,0.024,0.852,1.0,NFLX,181.74,5979447.0
2017-09-12,NFLX,0.123,0.024,0.852,1.0,NFLX,185.15,6690166.0
2017-09-13,NFLX,0.123,0.024,0.852,1.0,NFLX,183.64,4320349.0
2017-09-14,NFLX,0.123,0.024,0.852,1.0,NFLX,182.63,4510823.0
2017-09-15,NFLX,0.123,0.024,0.852,1.0,NFLX,182.35,5598843.0
2017-09-18,NFLX,0.123,0.024,0.852,1.0,NFLX,184.62,5360569.0
2017-09-19,NFLX,0.123,0.024,0.852,1.0,NFLX,185.68,4982323.0
2017-09-20,NFLX,0.123,0.024,0.852,1.0,NFLX,185.51,4624993.0
2017-09-21,NFLX,0.123,0.024,0.852,1.0,NFLX,188.78,7148109.0
2017-09-22,NFLX,0.123,0.024,0.852,1.0,NFLX,187.35,5464312.0
2017-09-25,NFLX,0.123,0.024,0.852,1.0,NFLX,178.55,9367231.0
2017-09-26,NFLX,0.123,0.024,0.852,1.0,NFLX,179.38,5602471.0
2017-09-27,NFLX,0.123,0.024,0.852,1.0,NFLX,181.97,6428528.0
2017-09-28,NFLX,0.123,0.024,0.852,1.0,NFLX,180.7,4076986.0
2017-09-29,NFLX,0.123,0.024,0.852,1.0,NFLX,181.35,4227864.0
2017-09-30,NFLX,0.123,0.023,0.854,1.0,NFLX,181.35,4227864.0
2017-10-02,NFLX,0.123,0.023,0.854,1.0,NFLX,177.01,7342507.0
2017-10-03,NFLX,0.123,0.023,0.854,1.0,NFLX,179.19,3956940.0
2017-10-04,NFLX,0.123,0.023,0.854,1.0,NFLX,184.45,9250031.0
2017-10-05,NFLX,0.123,0.023,0.854,1.0,NFLX,194.39,19437766.0
2017-10-06,NFLX,0.123,0.023,0.854,1.0,NFLX,198.02,15348757.0
2017-10-09,NFLX,0.123,0.023,0.854,1.0,NFLX,196.87,6971714.0
2017-10-10,NFLX,0.123,0.023,0.854,1.0,NFLX,195.08,6233823.0
2017-10-11,NFLX,0.123,0.023,0.854,1.0,NFLX,194.95,7198936.0
2017-10-12,NFLX,0.123,0.023,0.854,1.0,NFLX,195.86,7776024.0
2017-10-13,NFLX,0.123,0.023,0.854,1.0,NFLX,199.49,12081252.0
2017-10-16,NFLX,0.123,0.023,0.854,1.0,NFLX,202.68,22129528.0
2017-10-17,NFLX,0.123,0.023,0.854,1.0,NFLX,199.48,23900138.0
2017-10-18,NFLX,0.123,0.023,0.854,1.0,NFLX,195.54,11198988.0
2017-10-19,NFLX,0.123,0.023,0.854,1.0,NFLX,195.13,7036957.0
2017-10-20,NFLX,0.123,0.023,0.854,1.0,NFLX,194.16,5995568.0
2017-10-23,NFLX,0.123,0.023,0.854,1.0,NFLX,192.47,6979994.0
2017-10-24,NFLX,0.123,0.023,0.854,1.0,NFLX,196.02,7069108.0
2017-10-25,NFLX,0.123,0.023,0.854,1.0,NFLX,193.77,5315297.0
2017-10-26,NFLX,0.123,0.023,0.854,1.0,NFLX,195.21,5185830.0
2017-10-27,NFLX,0.123,0.023,0.854,1.0,NFLX,199.54,8128567.0
2017-10-30,NFLX,0.123,0.023,0.854,1.0,NFLX,198.37,5439563.0
2017-10-31,NFLX,0.123,0.023,0.854,1.0,NFLX,196.43,5519350.0
2017-11-01,NFLX,0.123,0.023,0.854,1.0,NFLX,198.0,5017477.0
2017-11-02,NFLX,0.123,0.023,0.854,1.0,NFLX,199.32,3606332.0
2017-11-03,NFLX,0.123,0.023,0.854,1.0,NFLX,200.01,3681803.0
2017-11-06,NFLX,0.123,0.023,0.854,1.0,NFLX,200.13,5846601.0
2017-11-07,NFLX,0.123,0.023,0.854,1.0,NFLX,195.89,6468269.0
2017-11-08,NFLX,0.123,0.023,0.854,1.0,NFLX,196.44,4237398.0
2017-11-09,NFLX,0.123,0.023,0.854,1.0,NFLX,193.9,5979940.0
2017-11-10,NFLX,0.123,0.023,0.854,1.0,NFLX,192.02,6622188.0
2017-11-13,NFLX,0.123,0.023,0.854,1.0,NFLX,195.08,4607331.0
2017-11-14,NFLX,0.123,0.023,0.854,1.0,NFLX,195.71,3450513.0
2017-11-15,NFLX,0.123,0.023,0.854,1.0,NFLX,192.12,4213346.0
2017-11-16,NFLX,0.123,0.023,0.854,1.0,NFLX,195.51,5678585.0
2017-11-17,NFLX,0.123,0.023,0.854,1.0,NFLX,193.2,3906333.0
2017-11-20,NFLX,0.123,0.023,0.854,1.0,NFLX,194.1,3827474.0
2017-11-21,NFLX,0.123,0.023,0.854,1.0,NFLX,196.23,4787311.0
2017-11-22,NFLX,0.123,0.023,0.854,1.0,NFLX,196.32,5895402.0
2017-11-24,NFLX,0.123,0.023,0.854,1.0,NFLX,195.75,2160535.0
2017-11-27,NFLX,0.123,0.023,0.854,1.0,NFLX,195.05,3210150.0
2017-11-28,NFLX,0.123,0.023,0.854,1.0,NFLX,199.18,6981094.0
2017-11-29,NFLX,0.123,0.023,0.854,1.0,NFLX,188.15,14202921.0
2017-11-30,NFLX,0.123,0.023,0.854,1.0,NFLX,187.58,6631483.0
2017-12-01,NFLX,0.123,0.023,0.854,1.0,NFLX,186.82,6219531.0
2017-12-04,NFLX,0.123,0.023,0.854,1.0,NFLX,184.04,9169765.0
2017-12-05,NFLX,0.123,0.023,0.854,1.0,NFLX,184.21,5783703.0
2017-12-06,NFLX,0.123,0.023,0.854,1.0,NFLX,185.3,5490088.0
2017-12-07,NFLX,0.123,0.023,0.854,1.0,NFLX,185.2,4659542.0
2017-12-08,NFLX,0.123,0.023,0.854,1.0,NFLX,188.54,4987270.0
2017-12-11,NFLX,0.123,0.023,0.854,1.0,NFLX,186.22,5298583.0
2017-12-12,NFLX,0.123,0.023,0.854,1.0,NFLX,185.73,4271721.0
2017-12-13,NFLX,0.123,0.023,0.854,1.0,NFLX,187.86,4710041.0
2017-12-14,NFLX,0.123,0.023,0.854,1.0,NFLX,189.56,7794557.0
2017-12-15,NFLX,0.123,0.023,0.854,1.0,NFLX,190.12,7304887.0
2017-12-18,NFLX,0.123,0.023,0.854,1.0,NFLX,190.42,5011505.0
2017-12-19,NFLX,0.123,0.023,0.854,1.0,NFLX,187.02,7033027.0
2017-12-20,NFLX,0.123,0.023,0.854,1.0,NFLX,188.82,6680075.0
2017-12-21,NFLX,0.123,0.023,0.854,1.0,NFLX,188.62,4730071.0
2017-12-22,NFLX,0.123,0.023,0.854,1.0,NFLX,189.94,3880104.0
2017-12-26,NFLX,0.123,0.023,0.854,1.0,NFLX,187.76,3045662.0
2017-12-27,NFLX,0.123,0.023,0.854,1.0,NFLX,186.24,4002098.0
2017-12-28,NFLX,0.123,0.023,0.854,1.0,NFLX,192.71,10107433.0
2017-12-29,NFLX,0.123,0.023,0.854,1.0,NFLX,191.96,5187613.0
2017-12-31,NFLX,0.121,0.0595,0.82,1.0,NFLX,191.96,5187613.0
2018-01-02,NFLX,0.121,0.0595,0.82,1.0,NFLX,201.07,10966889.0
2018-01-03,NFLX,0.121,0.0595,0.82,1.0,NFLX,205.05,8591375.0
2018-01-04,NFLX,0.121,0.0595,0.82,1.0,NFLX,205.63,6030596.0
2018-01-05,NFLX,0.121,0.0595,0.82,1.0,NFLX,209.99,7033708.0
2018-01-08,NFLX,0.121,0.0595,0.82,1.0,NFLX,212.05,5580178.0
2018-01-09,NFLX,0.121,0.0595,0.82,1.0,NFLX,209.31,6125855.0
2018-01-10,NFLX,0.121,0.0595,0.82,1.0,NFLX,212.52,5959095.0
2018-01-11,NFLX,0.121,0.0595,0.82,1.0,NFLX,217.24,7659535.0
2018-01-12,NFLX,0.121,0.0595,0.82,1.0,NFLX,221.23,8199528.0
2018-01-16,NFLX,0.121,0.0595,0.82,1.0,NFLX,221.53,13516067.0
2018-01-17,NFLX,0.121,0.0595,0.82,1.0,NFLX,217.5,9123056.0
2018-01-18,NFLX,0.121,0.0595,0.82,1.0,NFLX,220.33,8233699.0
2018-01-19,NFLX,0.121,0.0595,0.82,1.0,NFLX,220.46,10548567.0
2018-01-22,NFLX,0.121,0.0595,0.82,1.0,NFLX,227.58,17704193.0
2018-01-23,NFLX,0.121,0.0595,0.82,1.0,NFLX,250.29,27714560.0
2018-01-24,NFLX,0.121,0.0595,0.82,1.0,NFLX,261.3,17352453.0
2018-01-25,NFLX,0.121,0.0595,0.82,1.0,NFLX,269.7,15336428.0
2018-01-26,NFLX,0.121,0.0595,0.82,1.0,NFLX,274.6,11021876.0
2018-01-29,NFLX,0.121,0.0595,0.82,1.0,NFLX,284.59,17530546.0
2018-01-30,NFLX,0.121,0.0595,0.82,1.0,NFLX,278.8,12482965.0
2018-01-31,NFLX,0.121,0.0595,0.82,1.0,NFLX,270.3,11725521.0
2018-02-01,NFLX,0.121,0.0595,0.82,1.0,NFLX,265.07,9669015.0
2018-02-02,NFLX,0.121,0.0595,0.82,1.0,NFLX,267.43,9137560.0
2018-02-05,NFLX,0.121,0.0595,0.82,1.0,NFLX,254.26,11902450.0
2018-02-06,NFLX,0.121,0.0595,0.82,1.0,NFLX,265.72,12595811.0
2018-02-07,NFLX,0.121,0.0595,0.82,1.0,NFLX,264.56,8981678.0
2018-02-08,NFLX,0.121,0.0595,0.82,1.0,NFLX,250.1,9092393.0
2018-02-09,NFLX,0.121,0.0595,0.82,1.0,NFLX,249.47,16919641.0
2018-02-12,NFLX,0.121,0.0595,0.82,1.0,NFLX,257.95,8534906.0
2018-02-13,NFLX,0.121,0.0595,0.82,1.0,NFLX,258.27,6855151.0
2018-02-14,NFLX,0.121,0.0595,0.82,1.0,NFLX,266.0,10971985.0
2018-02-15,NFLX,0.121,0.0595,0.82,1.0,NFLX,280.27,10759667.0
2018-02-16,NFLX,0.121,0.0595,0.82,1.0,NFLX,278.52,8312380.0
2018-02-20,NFLX,0.121,0.0595,0.82,1.0,NFLX,278.55,7773740.0
2018-02-21,NFLX,0.121,0.0595,0.82,1.0,NFLX,281.04,9371621.0
2018-02-22,NFLX,0.121,0.0595,0.82,1.0,NFLX,278.14,8891565.0
2018-02-23,NFLX,0.121,0.0595,0.82,1.0,NFLX,285.93,7301864.0
2018-02-26,NFLX,0.121,0.0595,0.82,1.0,NFLX,294.16,10268913.0
2018-02-27,NFLX,0.121,0.0595,0.82,1.0,NFLX,290.61,9416520.0
2018-02-28,NFLX,0.121,0.0595,0.82,1.0,NFLX,291.38,7653454.0
2018-03-01,NFLX,0.121,0.0595,0.82,1.0,NFLX,290.39,11932051.0
2018-03-02,NFLX,0.121,0.0595,0.82,1.0,NFLX,301.05,13345372.0
2018-03-05,NFLX,0.121,0.0595,0.82,1.0,NFLX,315.0,18986249.0
2018-03-06,NFLX,0.121,0.0595,0.82,1.0,NFLX,325.22,18526133.0
2018-03-07,NFLX,0.121,0.0595,0.82,1.0,NFLX,321.16,17132490.0
2018-03-08,NFLX,0.121,0.0595,0.82,1.0,NFLX,317.0,11435128.0
2018-03-09,NFLX,0.121,0.0595,0.82,1.0,NFLX,331.44,14500914.0
2018-03-12,NFLX,0.121,0.0595,0.82,1.0,NFLX,321.3,20369369.0
2018-03-13,NFLX,0.121,0.0595,0.82,1.0,NFLX,315.88,12922431.0
2018-03-14,NFLX,0.121,0.0595,0.82,1.0,NFLX,321.55,10475105.0
2018-03-15,NFLX,0.121,0.0595,0.82,1.0,NFLX,321.09,5642927.0
2018-03-16,NFLX,0.121,0.0595,0.82,1.0,NFLX,318.45,7333784.0
2018-03-19,NFLX,0.121,0.0595,0.82,1.0,NFLX,313.48,9925462.0
2018-03-20,NFLX,0.121,0.0595,0.82,1.0,NFLX,317.5,5992145.0
2018-03-21,NFLX,0.121,0.0595,0.82,1.0,NFLX,316.48,5263916.0
2018-03-22,NFLX,0.121,0.0595,0.82,1.0,NFLX,306.7,8063305.0
2018-03-23,NFLX,0.121,0.0595,0.82,1.0,NFLX,300.94,9529949.0
2018-03-26,NFLX,0.121,0.0595,0.82,1.0,NFLX,320.35,11988514.0
2018-03-27,NFLX,0.121,0.0595,0.82,1.0,NFLX,300.69,12069002.0
2018-03-28,NFLX,0.121,0.0595,0.82,1.0,NFLX,285.77,18972912.0
2018-03-29,NFLX,0.121,0.0595,0.82,1.0,NFLX,295.35,19149393.0
2018-03-31,NFLX,0.125,0.029,0.846,1.0,NFLX,295.35,19149393.0
2018-04-02,NFLX,0.125,0.029,0.846,1.0,NFLX,280.29,13414565.0
2018-04-03,NFLX,0.125,0.029,0.846,1.0,NFLX,283.67,12694873.0
2018-04-04,NFLX,0.125,0.029,0.846,1.0,NFLX,288.94,12914935.0
2018-04-05,NFLX,0.125,0.029,0.846,1.0,NFLX,293.97,10655178.0
2018-04-06,NFLX,0.125,0.029,0.846,1.0,NFLX,288.85,11444777.0
2018-04-09,NFLX,0.125,0.029,0.846,1.0,NFLX,289.93,9853672.0
2018-04-10,NFLX,0.125,0.029,0.846,1.0,NFLX,298.07,10719301.0
2018-04-11,NFLX,0.125,0.029,0.846,1.0,NFLX,303.67,14877514.0
2018-04-12,NFLX,0.125,0.029,0.846,1.0,NFLX,309.25,10249411.0
2018-04-13,NFLX,0.125,0.029,0.846,1.0,NFLX,311.65,12046573.0
2018-04-16,NFLX,0.125,0.029,0.846,1.0,NFLX,307.78,20308369.0
2018-04-17,NFLX,0.125,0.029,0.846,1.0,NFLX,336.06,33870115.0
2018-04-18,NFLX,0.125,0.029,0.846,1.0,NFLX,334.52,11221401.0
2018-04-19,NFLX,0.125,0.029,0.846,1.0,NFLX,332.7,8438875.0
2018-04-20,NFLX,0.125,0.029,0.846,1.0,NFLX,327.77,9161855.0
2018-04-23,NFLX,0.125,0.029,0.846,1.0,NFLX,318.69,8968030.0
2018-04-24,NFLX,0.125,0.029,0.846,1.0,NFLX,307.02,13893217.0
2018-04-25,NFLX,0.125,0.029,0.846,1.0,NFLX,305.76,14919598.0
2018-04-26,NFLX,0.125,0.029,0.846,1.0,NFLX,313.98,9267625.0
2018-04-27,NFLX,0.125,0.029,0.846,1.0,NFLX,311.76,7074439.0
2018-04-30,NFLX,0.125,0.029,0.846,1.0,NFLX,312.46,6089002.0
2018-05-01,NFLX,0.125,0.029,0.846,1.0,NFLX,313.3,6036639.0
2018-05-02,NFLX,0.125,0.029,0.846,1.0,NFLX,313.36,5697186.0
2018-05-03,NFLX,0.125,0.029,0.846,1.0,NFLX,311.69,6135828.0
2018-05-04,NFLX,0.125,0.029,0.846,1.0,NFLX,320.09,8209513.0
2018-05-07,NFLX,0.125,0.029,0.846,1.0,NFLX,326.26,7150233.0
2018-05-08,NFLX,0.125,0.029,0.846,1.0,NFLX,326.89,4735809.0
2018-05-09,NFLX,0.125,0.029,0.846,1.0,NFLX,330.3,5633609.0
2018-05-10,NFLX,0.125,0.029,0.846,1.0,NFLX,329.6,5302254.0
2018-05-11,NFLX,0.125,0.029,0.846,1.0,NFLX,326.46,4589751.0
2018-05-14,NFLX,0.125,0.029,0.846,1.0,NFLX,328.53,4089850.0
2018-05-15,NFLX,0.125,0.029,0.846,1.0,NFLX,326.13,4746228.0
2018-05-16,NFLX,0.125,0.029,0.846,1.0,NFLX,328.19,3671690.0
2018-05-17,NFLX,0.125,0.029,0.846,1.0,NFLX,325.22,4936345.0
2018-05-18,NFLX,0.125,0.029,0.846,1.0,NFLX,324.18,3577905.0
2018-05-21,NFLX,0.125,0.029,0.846,1.0,NFLX,331.82,6657371.0
2018-05-22,NFLX,0.125,0.029,0.846,1.0,NFLX,331.62,5964448.0
2018-05-23,NFLX,0.125,0.029,0.846,1.0,NFLX,344.72,10049147.0
2018-05-24,NFLX,0.125,0.029,0.846,1.0,NFLX,349.29,15436593.0
2018-05-25,NFLX,0.125,0.029,0.846,1.0,NFLX,351.29,8060798.0
2018-05-29,NFLX,0.125,0.029,0.846,1.0,NFLX,349.73,9717921.0
2018-05-30,NFLX,0.125,0.029,0.846,1.0,NFLX,353.54,5685631.0
2018-05-31,NFLX,0.125,0.029,0.846,1.0,NFLX,351.6,6921687.0
2018-06-01,NFLX,0.125,0.029,0.846,1.0,NFLX,359.93,7112292.0
2018-06-04,NFLX,0.125,0.029,0.846,1.0,NFLX,361.81,7681995.0
2018-06-05,NFLX,0.125,0.029,0.846,1.0,NFLX,365.8,8366833.0
2018-06-06,NFLX,0.125,0.029,0.846,1.0,NFLX,367.45,7712316.0
2018-06-07,NFLX,0.125,0.029,0.846,1.0,NFLX,361.4,8287337.0
2018-06-08,NFLX,0.125,0.029,0.846,1.0,NFLX,360.57,5235302.0
2018-06-11,NFLX,0.125,0.029,0.846,1.0,NFLX,361.45,4437445.0
2018-06-12,NFLX,0.125,0.029,0.846,1.0,NFLX,363.83,4294779.0
2018-06-13,NFLX,0.125,0.029,0.846,1.0,NFLX,379.93,18222987.0
2018-06-14,NFLX,0.125,0.029,0.846,1.0,NFLX,392.87,14598358.0
2018-06-15,NFLX,0.125,0.029,0.846,1.0,NFLX,391.98,13588388.0
2018-06-18,NFLX,0.125,0.029,0.846,1.0,NFLX,390.4,6824794.0
2018-06-19,NFLX,0.125,0.029,0.846,1.0,NFLX,404.98,16697304.0
2018-06-20,NFLX,0.125,0.029,0.846,1.0,NFLX,416.76,16494597.0
2018-06-21,NFLX,0.125,0.029,0.846,1.0,NFLX,415.44,18407652.0
2018-06-22,NFLX,0.125,0.029,0.846,1.0,NFLX,411.09,10428627.0
2018-06-25,NFLX,0.125,0.029,0.846,1.0,NFLX,384.48,22492332.0
2018-06-26,NFLX,0.125,0.029,0.846,1.0,NFLX,399.39,15191301.0
2018-06-27,NFLX,0.125,0.029,0.846,1.0,NFLX,390.39,16591954.0
2018-06-28,NFLX,0.125,0.029,0.846,1.0,NFLX,395.42,12235299.0
2018-06-29,NFLX,0.125,0.029,0.846,1.0,NFLX,391.43,9252521.0
2018-06-30,NFLX,0.126,0.025,0.849,1.0,NFLX,391.43,9252521.0
2018-07-02,NFLX,0.126,0.025,0.849,1.0,NFLX,398.18,8142483.0
2018-07-03,NFLX,0.126,0.025,0.849,1.0,NFLX,390.52,5284504.0
2018-07-05,NFLX,0.126,0.025,0.849,1.0,NFLX,398.39,8448942.0
2018-07-06,NFLX,0.126,0.025,0.849,1.0,NFLX,408.25,8629750.0
2018-07-09,NFLX,0.126,0.025,0.849,1.0,NFLX,418.97,11128257.0
2018-07-10,NFLX,0.126,0.025,0.849,1.0,NFLX,415.63,9382986.0
2018-07-11,NFLX,0.126,0.025,0.849,1.0,NFLX,418.65,9714009.0
2018-07-12,NFLX,0.126,0.025,0.849,1.0,NFLX,413.5,12755273.0
2018-07-13,NFLX,0.126,0.025,0.849,1.0,NFLX,395.8,15766219.0
2018-07-16,NFLX,0.126,0.025,0.849,1.0,NFLX,400.48,22960815.0
2018-07-17,NFLX,0.126,0.025,0.849,1.0,NFLX,379.48,58413400.0
2018-07-18,NFLX,0.126,0.025,0.849,1.0,NFLX,375.13,23196354.0
2018-07-19,NFLX,0.126,0.025,0.849,1.0,NFLX,364.23,16901554.0
2018-07-20,NFLX,0.126,0.025,0.849,1.0,NFLX,361.05,15113818.0
2018-07-23,NFLX,0.126,0.025,0.849,1.0,NFLX,362.66,11506962.0
2018-07-24,NFLX,0.126,0.025,0.849,1.0,NFLX,357.32,12851460.0
2018-07-25,NFLX,0.126,0.025,0.849,1.0,NFLX,362.87,8522024.0
2018-07-26,NFLX,0.126,0.025,0.849,1.0,NFLX,363.09,7002627.0
2018-07-27,NFLX,0.126,0.025,0.849,1.0,NFLX,355.21,8949950.0
2018-07-30,NFLX,0.126,0.025,0.849,1.0,NFLX,334.96,18260800.0
2018-07-31,NFLX,0.126,0.025,0.849,1.0,NFLX,337.45,14098081.0
2018-08-01,NFLX,0.126,0.025,0.849,1.0,NFLX,338.38,7790636.0
2018-08-02,NFLX,0.126,0.025,0.849,1.0,NFLX,344.5,7132048.0
2018-08-03,NFLX,0.126,0.025,0.849,1.0,NFLX,343.09,8848367.0
2018-08-06,NFLX,0.126,0.025,0.849,1.0,NFLX,350.92,8198601.0
2018-08-07,NFLX,0.126,0.025,0.849,1.0,NFLX,351.83,7970930.0
2018-08-08,NFLX,0.126,0.025,0.849,1.0,NFLX,347.61,5402465.0
2018-08-09,NFLX,0.126,0.025,0.849,1.0,NFLX,349.36,4821213.0
2018-08-10,NFLX,0.126,0.025,0.849,1.0,NFLX,345.87,4337481.0
2018-08-13,NFLX,0.126,0.025,0.849,1.0,NFLX,341.31,6893735.0
2018-08-14,NFLX,0.126,0.025,0.849,1.0,NFLX,337.49,5810856.0
2018-08-15,NFLX,0.126,0.025,0.849,1.0,NFLX,326.4,11784635.0
2018-08-16,NFLX,0.126,0.025,0.849,1.0,NFLX,322.44,6689738.0
2018-08-17,NFLX,0.126,0.025,0.849,1.0,NFLX,316.78,10412858.0
2018-08-20,NFLX,0.126,0.025,0.849,1.0,NFLX,327.73,13991179.0
2018-08-21,NFLX,0.126,0.025,0.849,1.0,NFLX,338.02,14783247.0
2018-08-22,NFLX,0.126,0.025,0.849,1.0,NFLX,344.44,8936369.0
2018-08-23,NFLX,0.126,0.025,0.849,1.0,NFLX,339.17,11336441.0
2018-08-24,NFLX,0.126,0.025,0.849,1.0,NFLX,358.82,14729597.0
2018-08-27,NFLX,0.126,0.025,0.849,1.0,NFLX,364.58,17427802.0
2018-08-28,NFLX,0.126,0.025,0.849,1.0,NFLX,368.49,9225242.0
2018-08-29,NFLX,0.126,0.025,0.849,1.0,NFLX,368.04,8118734.0
2018-08-30,NFLX,0.126,0.025,0.849,1.0,NFLX,370.98,10981018.0
2018-08-31,NFLX,0.126,0.025,0.849,1.0,NFLX,367.68,7943571.0
2018-09-04,NFLX,0.126,0.025,0.849,1.0,NFLX,363.6,7605161.0
2018-09-05,NFLX,0.126,0.025,0.849,1.0,NFLX,341.18,13092847.0
2018-09-06,NFLX,0.126,0.025,0.849,1.0,NFLX,346.46,13055276.0
2018-09-07,NFLX,0.126,0.025,0.849,1.0,NFLX,348.68,9105862.0
2018-09-10,NFLX,0.126,0.025,0.849,1.0,NFLX,348.41,5752184.0
2018-09-11,NFLX,0.126,0.025,0.849,1.0,NFLX,355.93,6198063.0
2018-09-12,NFLX,0.126,0.025,0.849,1.0,NFLX,369.95,10581495.0
2018-09-13,NFLX,0.126,0.025,0.849,1.0,NFLX,368.15,8433865.0
2018-09-14,NFLX,0.126,0.025,0.849,1.0,NFLX,364.56,4769872.0
2018-09-17,NFLX,0.126,0.025,0.849,1.0,NFLX,350.35,7073230.0
2018-09-18,NFLX,0.126,0.025,0.849,1.0,NFLX,367.65,10413994.0
2018-09-19,NFLX,0.126,0.025,0.849,1.0,NFLX,366.96,11877126.0
2018-09-20,NFLX,0.126,0.025,0.849,1.0,NFLX,365.36,6772434.0
2018-09-21,NFLX,0.126,0.025,0.849,1.0,NFLX,361.19,11930568.0
2018-09-24,NFLX,0.126,0.025,0.849,1.0,NFLX,369.61,9322522.0
2018-09-25,NFLX,0.126,0.025,0.849,1.0,NFLX,369.43,6801916.0
2018-09-26,NFLX,0.126,0.025,0.849,1.0,NFLX,377.88,13797057.0
2018-09-27,NFLX,0.126,0.025,0.849,1.0,NFLX,380.71,7326246.0
2018-09-28,NFLX,0.126,0.025,0.849,1.0,NFLX,374.13,7116153.0
2018-09-30,NFLX,0.125,0.025,0.85,1.0,NFLX,374.13,7116153.0
2018-10-01,NFLX,0.125,0.025,0.85,1.0,NFLX,381.43,8376660.0
2018-10-02,NFLX,0.125,0.025,0.85,1.0,NFLX,377.14,8638717.0
2018-10-03,NFLX,0.125,0.025,0.85,1.0,NFLX,377.05,5808695.0
2018-10-04,NFLX,0.125,0.025,0.85,1.0,NFLX,363.65,9076854.0
2018-10-05,NFLX,0.125,0.025,0.85,1.0,NFLX,351.35,13522961.0
2018-10-08,NFLX,0.125,0.025,0.85,1.0,NFLX,349.1,12375503.0
2018-10-09,NFLX,0.125,0.025,0.85,1.0,NFLX,355.71,8754990.0
2018-10-10,NFLX,0.125,0.025,0.85,1.0,NFLX,325.89,17185120.0
2018-10-11,NFLX,0.125,0.025,0.85,1.0,NFLX,321.1,16083336.0
2018-10-12,NFLX,0.125,0.025,0.85,1.0,NFLX,339.56,14872114.0
2018-10-15,NFLX,0.125,0.025,0.85,1.0,NFLX,333.13,11214978.0
2018-10-16,NFLX,0.125,0.025,0.85,1.0,NFLX,346.4,20156752.0
2018-10-17,NFLX,0.125,0.025,0.85,1.0,NFLX,364.7,32610975.0
2018-10-18,NFLX,0.125,0.025,0.85,1.0,NFLX,346.71,18503092.0
2018-10-19,NFLX,0.125,0.025,0.85,1.0,NFLX,332.67,16719693.0
2018-10-22,NFLX,0.125,0.025,0.85,1.0,NFLX,329.54,17097178.0
2018-10-23,NFLX,0.125,0.025,0.85,1.0,NFLX,333.16,14907326.0
2018-10-24,NFLX,0.125,0.025,0.85,1.0,NFLX,301.83,19039297.0
2018-10-25,NFLX,0.125,0.025,0.85,1.0,NFLX,312.87,13348181.0
2018-10-26,NFLX,0.125,0.025,0.85,1.0,NFLX,299.83,19616496.0
2018-10-29,NFLX,0.125,0.025,0.85,1.0,NFLX,284.84,21702684.0
2018-10-30,NFLX,0.125,0.025,0.85,1.0,NFLX,285.81,23685712.0
2018-10-31,NFLX,0.125,0.025,0.85,1.0,NFLX,301.78,20360452.0
2018-11-01,NFLX,0.125,0.025,0.85,1.0,NFLX,317.38,15125792.0
2018-11-02,NFLX,0.125,0.025,0.85,1.0,NFLX,309.1,13404671.0
2018-11-05,NFLX,0.125,0.025,0.85,1.0,NFLX,315.44,10283188.0
2018-11-06,NFLX,0.125,0.025,0.85,1.0,NFLX,310.84,9710424.0
2018-11-07,NFLX,0.125,0.025,0.85,1.0,NFLX,327.5,13333236.0
2018-11-08,NFLX,0.125,0.025,0.85,1.0,NFLX,317.92,11028443.0
2018-11-09,NFLX,0.125,0.025,0.85,1.0,NFLX,303.47,13481076.0
2018-11-12,NFLX,0.125,0.025,0.85,1.0,NFLX,294.07,10941335.0
2018-11-13,NFLX,0.125,0.025,0.85,1.0,NFLX,294.4,12244962.0
2018-11-14,NFLX,0.125,0.025,0.85,1.0,NFLX,286.73,16853599.0
2018-11-15,NFLX,0.125,0.025,0.85,1.0,NFLX,290.06,9967098.0
2018-11-16,NFLX,0.125,0.025,0.85,1.0,NFLX,286.21,9099525.0
2018-11-19,NFLX,0.125,0.025,0.85,1.0,NFLX,270.6,12993797.0
2018-11-20,NFLX,0.125,0.025,0.85,1.0,NFLX,266.98,16693821.0
2018-11-21,NFLX,0.125,0.025,0.85,1.0,NFLX,262.13,11024437.0
2018-11-23,NFLX,0.125,0.025,0.85,1.0,NFLX,258.82,5245123.0
2018-11-26,NFLX,0.125,0.025,0.85,1.0,NFLX,261.43,12498560.0
2018-11-27,NFLX,0.125,0.025,0.85,1.0,NFLX,266.63,11149501.0
2018-11-28,NFLX,0.125,0.025,0.85,1.0,NFLX,282.65,14801333.0
2018-11-29,NFLX,0.125,0.025,0.85,1.0,NFLX,288.75,15431538.0
2018-11-30,NFLX,0.125,0.025,0.85,1.0,NFLX,286.13,11860127.0
2018-12-03,NFLX,0.125,0.025,0.85,1.0,NFLX,290.3,14119058.0
2018-12-04,NFLX,0.125,0.025,0.85,1.0,NFLX,275.33,12800785.0
2018-12-06,NFLX,0.125,0.025,0.85,1.0,NFLX,282.88,13074324.0
2018-12-07,NFLX,0.125,0.025,0.85,1.0,NFLX,265.14,12466711.0
2018-12-10,NFLX,0.125,0.025,0.85,1.0,NFLX,269.7,9605553.0
2018-12-11,NFLX,0.125,0.025,0.85,1.0,NFLX,265.32,9843199.0
2018-12-12,NFLX,0.125,0.025,0.85,1.0,NFLX,274.88,11456786.0
2018-12-13,NFLX,0.125,0.025,0.85,1.0,NFLX,276.02,8379942.0
2018-12-14,NFLX,0.125,0.025,0.85,1.0,NFLX,266.84,9915719.0
2018-12-17,NFLX,0.125,0.025,0.85,1.0,NFLX,262.8,12455664.0
2018-12-18,NFLX,0.125,0.025,0.85,1.0,NFLX,270.94,10350079.0
2018-12-19,NFLX,0.125,0.025,0.85,1.0,NFLX,266.77,13788563.0
2018-12-20,NFLX,0.125,0.025,0.85,1.0,NFLX,260.58,16793075.0
2018-12-21,NFLX,0.125,0.025,0.85,1.0,NFLX,246.39,21398595.0
2018-12-24,NFLX,0.125,0.025,0.85,1.0,NFLX,233.88,9547659.0
2018-12-26,NFLX,0.125,0.025,0.85,1.0,NFLX,253.67,14403149.0
2018-12-27,NFLX,0.125,0.025,0.85,1.0,NFLX,255.565,12235287.0
2018-12-28,NFLX,0.125,0.025,0.85,1.0,NFLX,256.08,11187286.0
2018-12-31,NFLX,0.126,0.064,0.81,1.0,NFLX,267.66,13508920.0
2019-01-02,NFLX,0.126,0.064,0.81,1.0,NFLX,267.66,11679536.0
2019-01-03,NFLX,0.126,0.064,0.81,1.0,NFLX,271.2,14969727.0
2019-01-04,NFLX,0.126,0.064,0.81,1.0,NFLX,297.57,19330102.0
2019-01-07,NFLX,0.126,0.064,0.81,1.0,NFLX,315.34,18620116.0
2019-01-08,NFLX,0.126,0.064,0.81,1.0,NFLX,320.27,15363190.0
2019-01-09,NFLX,0.126,0.064,0.81,1.0,NFLX,319.96,13343162.0
2019-01-10,NFLX,0.126,0.064,0.81,1.0,NFLX,324.66,13472545.0
2019-01-11,NFLX,0.126,0.064,0.81,1.0,NFLX,337.59,19500636.0
2019-01-14,NFLX,0.126,0.064,0.81,1.0,NFLX,332.94,10499582.0
2019-01-15,NFLX,0.126,0.064,0.81,1.0,NFLX,354.64,21182659.0
2019-01-16,NFLX,0.126,0.064,0.81,1.0,NFLX,351.39,15394599.0
2019-01-17,NFLX,0.126,0.064,0.81,1.0,NFLX,353.19,18971420.0
2019-01-18,NFLX,0.126,0.064,0.81,1.0,NFLX,339.1,26623063.0
2019-01-22,NFLX,0.126,0.064,0.81,1.0,NFLX,325.16,17941416.0
2019-01-23,NFLX,0.126,0.064,0.81,1.0,NFLX,321.99,13480157.0
2019-01-24,NFLX,0.126,0.064,0.81,1.0,NFLX,326.67,11131627.0
2019-01-25,NFLX,0.126,0.064,0.81,1.0,NFLX,338.05,11166637.0
2019-01-28,NFLX,0.126,0.064,0.81,1.0,NFLX,335.66,8652082.0
2019-01-29,NFLX,0.126,0.064,0.81,1.0,NFLX,328.9,7655200.0
2019-01-30,NFLX,0.126,0.064,0.81,1.0,NFLX,340.66,9235401.0
2019-01-31,NFLX,0.126,0.064,0.81,1.0,NFLX,339.5,8528517.0
2019-02-01,NFLX,0.126,0.064,0.81,1.0,NFLX,339.85,9827760.0
2019-02-04,NFLX,0.126,0.064,0.81,1.0,NFLX,351.34,9051417.0
2019-02-05,NFLX,0.126,0.064,0.81,1.0,NFLX,355.81,9052223.0
2019-02-06,NFLX,0.126,0.064,0.81,1.0,NFLX,352.19,6717664.0
2019-02-07,NFLX,0.126,0.064,0.81,1.0,NFLX,344.71,7874529.0
2019-02-08,NFLX,0.126,0.064,0.81,1.0,NFLX,347.57,7561391.0
2019-02-11,NFLX,0.126,0.064,0.81,1.0,NFLX,345.73,5454863.0
2019-02-12,NFLX,0.126,0.064,0.81,1.0,NFLX,359.97,10429399.0
2019-02-13,NFLX,0.126,0.064,0.81,1.0,NFLX,351.77,10590666.0
2019-02-14,NFLX,0.126,0.064,0.81,1.0,NFLX,359.07,9295338.0
2019-02-15,NFLX,0.126,0.064,0.81,1.0,NFLX,356.87,9229996.0
2019-02-19,NFLX,0.126,0.064,0.81,1.0,NFLX,361.92,7396591.0
2019-02-20,NFLX,0.126,0.064,0.81,1.0,NFLX,359.91,8138641.0
2019-02-21,NFLX,0.126,0.064,0.81,1.0,NFLX,356.97,6228397.0
2019-02-22,NFLX,0.126,0.064,0.81,1.0,NFLX,363.02,7088214.0
2019-02-25,NFLX,0.126,0.064,0.81,1.0,NFLX,363.91,7569580.0
2019-02-26,NFLX,0.126,0.064,0.81,1.0,NFLX,364.97,4944593.0
2019-02-27,NFLX,0.126,0.064,0.81,1.0,NFLX,362.87,5630704.0
2019-02-28,NFLX,0.126,0.064,0.81,1.0,NFLX,358.1,6186763.0
2019-03-01,NFLX,0.126,0.064,0.81,1.0,NFLX,357.32,5526569.0
2019-03-04,NFLX,0.126,0.064,0.81,1.0,NFLX,351.04,7487006.0
2019-03-05,NFLX,0.126,0.064,0.81,1.0,NFLX,354.3,5937854.0
2019-03-06,NFLX,0.126,0.064,0.81,1.0,NFLX,359.61,6211895.0
2019-03-07,NFLX,0.126,0.064,0.81,1.0,NFLX,352.6,6151369.0
2019-03-08,NFLX,0.126,0.064,0.81,1.0,NFLX,349.6,6898986.0
2019-03-11,NFLX,0.126,0.064,0.81,1.0,NFLX,358.86,5390885.0
2019-03-12,NFLX,0.126,0.064,0.81,1.0,NFLX,356.27,5199571.0
2019-03-13,NFLX,0.126,0.064,0.81,1.0,NFLX,361.21,6444092.0
2019-03-14,NFLX,0.126,0.064,0.81,1.0,NFLX,358.82,5271439.0
2019-03-15,NFLX,0.126,0.064,0.81,1.0,NFLX,361.46,8486440.0
2019-03-18,NFLX,0.126,0.064,0.81,1.0,NFLX,363.44,7194826.0
2019-03-19,NFLX,0.126,0.064,0.81,1.0,NFLX,358.78,7552309.0
2019-03-20,NFLX,0.126,0.064,0.81,1.0,NFLX,375.22,10917183.0
2019-03-21,NFLX,0.126,0.064,0.81,1.0,NFLX,377.87,8545442.0
2019-03-22,NFLX,0.126,0.064,0.81,1.0,NFLX,361.01,8661371.0
2019-03-25,NFLX,0.126,0.064,0.81,1.0,NFLX,366.23,8473895.0
2019-03-26,NFLX,0.126,0.064,0.81,1.0,NFLX,359.97,7666475.0
2019-03-27,NFLX,0.126,0.064,0.81,1.0,NFLX,353.37,7852375.0
2019-03-28,NFLX,0.126,0.064,0.81,1.0,NFLX,354.61,4360980.0
2019-03-29,NFLX,0.126,0.064,0.81,1.0,NFLX,356.56,4727554.0
2019-03-31,NFLX,0.126,0.028,0.845,1.0,NFLX,356.56,4727554.0
2019-04-01,NFLX,0.126,0.028,0.845,1.0,NFLX,366.96,7084363.0
2019-04-02,NFLX,0.126,0.028,0.845,1.0,NFLX,367.72,5158747.0
2019-04-03,NFLX,0.126,0.028,0.845,1.0,NFLX,369.75,5376623.0
2019-04-04,NFLX,0.126,0.028,0.845,1.0,NFLX,367.88,4631089.0
2019-04-05,NFLX,0.126,0.028,0.845,1.0,NFLX,365.49,3905493.0
2019-04-08,NFLX,0.126,0.028,0.845,1.0,NFLX,361.41,4653810.0
2019-04-09,NFLX,0.126,0.028,0.845,1.0,NFLX,364.71,5439388.0
2019-04-10,NFLX,0.126,0.028,0.845,1.0,NFLX,363.92,4548258.0
2019-04-11,NFLX,0.126,0.028,0.845,1.0,NFLX,367.65,6526899.0
2019-04-12,NFLX,0.126,0.028,0.845,1.0,NFLX,351.14,15646979.0
2019-04-15,NFLX,0.126,0.028,0.845,1.0,NFLX,348.87,8846670.0
2019-04-16,NFLX,0.126,0.028,0.845,1.0,NFLX,359.46,18753890.0
2019-04-17,NFLX,0.126,0.028,0.845,1.0,NFLX,354.74,18055595.0
2019-04-18,NFLX,0.126,0.028,0.845,1.0,NFLX,360.35,8353165.0
2019-04-22,NFLX,0.126,0.028,0.845,1.0,NFLX,377.34,11982259.0
2019-04-23,NFLX,0.126,0.028,0.845,1.0,NFLX,381.89,10090562.0
2019-04-24,NFLX,0.126,0.028,0.845,1.0,NFLX,374.23,6544172.0
2019-04-25,NFLX,0.126,0.028,0.845,1.0,NFLX,368.33,6255538.0
2019-04-26,NFLX,0.126,0.028,0.845,1.0,NFLX,374.85,5621901.0
2019-04-29,NFLX,0.126,0.028,0.845,1.0,NFLX,371.83,3821703.0
2019-04-30,NFLX,0.126,0.028,0.845,1.0,NFLX,370.54,3870142.0
2019-05-01,NFLX,0.126,0.028,0.845,1.0,NFLX,378.81,9257304.0
2019-05-02,NFLX,0.126,0.028,0.845,1.0,NFLX,379.06,5398167.0
2019-05-03,NFLX,0.126,0.028,0.845,1.0,NFLX,385.03,5135431.0
2019-05-06,NFLX,0.126,0.028,0.845,1.0,NFLX,378.67,5793144.0
2019-05-07,NFLX,0.126,0.028,0.845,1.0,NFLX,370.46,6974924.0
2019-05-08,NFLX,0.126,0.028,0.845,1.0,NFLX,364.37,6571957.0
2019-05-09,NFLX,0.126,0.028,0.845,1.0,NFLX,362.75,5882572.0
2019-05-10,NFLX,0.126,0.028,0.845,1.0,NFLX,361.04,5658159.0
2019-05-13,NFLX,0.126,0.028,0.845,1.0,NFLX,345.26,8026821.0
2019-05-14,NFLX,0.126,0.028,0.845,1.0,NFLX,345.61,5353072.0
2019-05-15,NFLX,0.126,0.028,0.845,1.0,NFLX,354.99,6340118.0
2019-05-16,NFLX,0.126,0.028,0.845,1.0,NFLX,359.31,6441580.0
2019-05-17,NFLX,0.126,0.028,0.845,1.0,NFLX,354.45,4860916.0
2019-05-20,NFLX,0.126,0.028,0.845,1.0,NFLX,348.11,4633476.0
2019-05-21,NFLX,0.126,0.028,0.845,1.0,NFLX,354.27,4026369.0
2019-05-22,NFLX,0.126,0.028,0.845,1.0,NFLX,359.73,6229415.0
2019-05-23,NFLX,0.126,0.028,0.845,1.0,NFLX,352.21,5630533.0
2019-05-24,NFLX,0.126,0.028,0.845,1.0,NFLX,354.39,3833943.0
2019-05-28,NFLX,0.126,0.028,0.845,1.0,NFLX,354.78,4717144.0
2019-05-29,NFLX,0.126,0.028,0.845,1.0,NFLX,349.19,5658913.0
2019-05-30,NFLX,0.126,0.028,0.845,1.0,NFLX,351.85,4008342.0
2019-05-31,NFLX,0.126,0.028,0.845,1.0,NFLX,343.28,5023474.0
2019-06-03,NFLX,0.126,0.028,0.845,1.0,NFLX,336.63,7851503.0
2019-06-04,NFLX,0.126,0.028,0.845,1.0,NFLX,353.4,7891712.0
2019-06-05,NFLX,0.126,0.028,0.845,1.0,NFLX,355.73,5020596.0
2019-06-06,NFLX,0.126,0.028,0.845,1.0,NFLX,357.13,3709955.0
2019-06-07,NFLX,0.126,0.028,0.845,1.0,NFLX,360.87,4777443.0
2019-06-10,NFLX,0.126,0.028,0.845,1.0,NFLX,352.01,7810361.0
2019-06-11,NFLX,0.126,0.028,0.845,1.0,NFLX,351.27,5396712.0
2019-06-12,NFLX,0.126,0.028,0.845,1.0,NFLX,345.56,4592104.0
2019-06-13,NFLX,0.126,0.028,0.845,1.0,NFLX,343.43,6216487.0
2019-06-14,NFLX,0.126,0.028,0.845,1.0,NFLX,339.73,5019011.0
2019-06-17,NFLX,0.126,0.028,0.845,1.0,NFLX,350.62,5358225.0
2019-06-18,NFLX,0.126,0.028,0.845,1.0,NFLX,357.12,5431547.0
2019-06-19,NFLX,0.126,0.028,0.845,1.0,NFLX,363.52,5667156.0
2019-06-20,NFLX,0.126,0.028,0.845,1.0,NFLX,365.21,5899467.0
2019-06-21,NFLX,0.126,0.028,0.845,1.0,NFLX,369.21,7467786.0
2019-06-24,NFLX,0.126,0.028,0.845,1.0,NFLX,371.04,4830544.0
2019-06-25,NFLX,0.126,0.028,0.845,1.0,NFLX,360.3,5753790.0
2019-06-26,NFLX,0.126,0.028,0.845,1.0,NFLX,362.2,3669677.0
2019-06-27,NFLX,0.126,0.028,0.845,1.0,NFLX,370.02,4138738.0
2019-06-28,NFLX,0.126,0.028,0.845,1.0,NFLX,367.32,4592706.0
2019-06-30,NFLX,0.131,0.027,0.842,1.0,NFLX,367.32,4592706.0
2019-07-01,NFLX,0.131,0.027,0.842,1.0,NFLX,374.6,5006396.0
2019-07-02,NFLX,0.131,0.027,0.842,1.0,NFLX,375.43,3628962.0
2019-07-03,NFLX,0.131,0.027,0.842,1.0,NFLX,381.72,3801344.0
2019-07-05,NFLX,0.131,0.027,0.842,1.0,NFLX,380.55,3732162.0
2019-07-08,NFLX,0.131,0.027,0.842,1.0,NFLX,376.16,3115789.0
2019-07-09,NFLX,0.131,0.027,0.842,1.0,NFLX,379.93,6932822.0
2019-07-10,NFLX,0.131,0.027,0.842,1.0,NFLX,381.0,5878984.0
2019-07-11,NFLX,0.131,0.027,0.842,1.0,NFLX,379.5,4355787.0
2019-07-12,NFLX,0.131,0.027,0.842,1.0,NFLX,373.25,6647437.0
2019-07-15,NFLX,0.131,0.027,0.842,1.0,NFLX,366.6,7945680.0
2019-07-16,NFLX,0.131,0.027,0.842,1.0,NFLX,365.99,5884168.0
2019-07-17,NFLX,0.131,0.027,0.842,1.0,NFLX,362.44,13639572.0
2019-07-18,NFLX,0.131,0.027,0.842,1.0,NFLX,325.21,31417495.0
2019-07-19,NFLX,0.131,0.027,0.842,1.0,NFLX,315.1,16320952.0
2019-07-22,NFLX,0.131,0.027,0.842,1.0,NFLX,310.62,17731887.0
2019-07-23,NFLX,0.131,0.027,0.842,1.0,NFLX,307.3,9172289.0
2019-07-24,NFLX,0.131,0.027,0.842,1.0,NFLX,317.94,11961820.0
2019-07-25,NFLX,0.131,0.027,0.842,1.0,NFLX,326.46,10798651.0
2019-07-26,NFLX,0.131,0.027,0.842,1.0,NFLX,335.78,10849704.0
2019-07-29,NFLX,0.131,0.027,0.842,1.0,NFLX,332.7,5773817.0
2019-07-30,NFLX,0.131,0.027,0.842,1.0,NFLX,325.93,6029478.0
2019-07-31,NFLX,0.131,0.027,0.842,1.0,NFLX,322.99,6259499.0
2019-08-01,NFLX,0.131,0.027,0.842,1.0,NFLX,319.5,6563756.0
2019-08-02,NFLX,0.131,0.027,0.842,1.0,NFLX,318.83,6280343.0
2019-08-05,NFLX,0.131,0.027,0.842,1.0,NFLX,307.63,8693685.0
2019-08-06,NFLX,0.131,0.027,0.842,1.0,NFLX,310.1,6179090.0
2019-08-07,NFLX,0.131,0.027,0.842,1.0,NFLX,304.29,9322478.0
2019-08-08,NFLX,0.131,0.027,0.842,1.0,NFLX,315.9,5905865.0
2019-08-09,NFLX,0.131,0.027,0.842,1.0,NFLX,308.93,5349084.0
2019-08-12,NFLX,0.131,0.027,0.842,1.0,NFLX,310.83,6555922.0
2019-08-13,NFLX,0.131,0.027,0.842,1.0,NFLX,312.28,5338771.0
2019-08-14,NFLX,0.131,0.027,0.842,1.0,NFLX,299.11,7355753.0
2019-08-15,NFLX,0.131,0.027,0.842,1.0,NFLX,295.76,9683701.0
2019-08-16,NFLX,0.131,0.027,0.842,1.0,NFLX,302.8,7090782.0
2019-08-19,NFLX,0.131,0.027,0.842,1.0,NFLX,309.38,4951767.0
2019-08-20,NFLX,0.131,0.027,0.842,1.0,NFLX,298.99,7352407.0
2019-08-21,NFLX,0.131,0.027,0.842,1.0,NFLX,297.81,5689746.0
2019-08-22,NFLX,0.131,0.027,0.842,1.0,NFLX,296.93,4977116.0
2019-08-23,NFLX,0.131,0.027,0.842,1.0,NFLX,291.44,6331199.0
2019-08-26,NFLX,0.131,0.027,0.842,1.0,NFLX,294.98,4696982.0
2019-08-27,NFLX,0.131,0.027,0.842,1.0,NFLX,291.03,6315559.0
2019-08-28,NFLX,0.131,0.027,0.842,1.0,NFLX,291.77,3958043.0
2019-08-29,NFLX,0.131,0.027,0.842,1.0,NFLX,296.78,4392532.0
2019-08-30,NFLX,0.131,0.027,0.842,1.0,NFLX,293.75,4447990.0
2019-09-03,NFLX,0.131,0.027,0.842,1.0,NFLX,289.29,3685984.0
2019-09-04,NFLX,0.131,0.027,0.842,1.0,NFLX,291.52,4656012.0
2019-09-05,NFLX,0.131,0.027,0.842,1.0,NFLX,293.25,8972394.0
2019-09-06,NFLX,0.131,0.027,0.842,1.0,NFLX,290.17,5166677.0
2019-09-09,NFLX,0.131,0.027,0.842,1.0,NFLX,294.34,8232744.0
2019-09-10,NFLX,0.131,0.027,0.842,1.0,NFLX,287.99,12320248.0
2019-09-11,NFLX,0.131,0.027,0.842,1.0,NFLX,288.27,7405984.0
2019-09-12,NFLX,0.131,0.027,0.842,1.0,NFLX,288.86,5030927.0
2019-09-13,NFLX,0.131,0.027,0.842,1.0,NFLX,294.15,6583195.0
2019-09-16,NFLX,0.131,0.027,0.842,1.0,NFLX,294.29,5307486.0
2019-09-17,NFLX,0.131,0.027,0.842,1.0,NFLX,298.6,4819619.0
2019-09-18,NFLX,0.131,0.027,0.842,1.0,NFLX,291.56,7841739.0
2019-09-19,NFLX,0.131,0.027,0.842,1.0,NFLX,286.6,8545793.0
2019-09-20,NFLX,0.131,0.027,0.842,1.0,NFLX,270.75,23965855.0
2019-09-23,NFLX,0.131,0.027,0.842,1.0,NFLX,265.92,13613020.0
2019-09-24,NFLX,0.131,0.027,0.842,1.0,NFLX,254.59,16394691.0
2019-09-25,NFLX,0.131,0.027,0.842,1.0,NFLX,264.75,11838769.0
2019-09-26,NFLX,0.131,0.027,0.842,1.0,NFLX,263.31,7696858.0
2019-09-27,NFLX,0.131,0.027,0.842,1.0,NFLX,263.08,7367491.0
2019-09-30,NFLX,0.131,0.026,0.844,1.0,NFLX,267.62,6836460.0
2019-10-01,NFLX,0.131,0.026,0.844,1.0,NFLX,269.58,8786284.0
2019-10-02,NFLX,0.131,0.026,0.844,1.0,NFLX,268.03,7773299.0
2019-10-03,NFLX,0.131,0.026,0.844,1.0,NFLX,268.15,9068810.0
2019-10-04,NFLX,0.131,0.026,0.844,1.0,NFLX,272.79,9992774.0
2019-10-07,NFLX,0.131,0.026,0.844,1.0,NFLX,274.46,6796811.0
2019-10-08,NFLX,0.131,0.026,0.844,1.0,NFLX,270.72,6302269.0
2019-10-09,NFLX,0.131,0.026,0.844,1.0,NFLX,267.53,6843488.0
2019-10-10,NFLX,0.131,0.026,0.844,1.0,NFLX,280.48,10961191.0
2019-10-11,NFLX,0.131,0.026,0.844,1.0,NFLX,282.93,8817409.0
2019-10-14,NFLX,0.131,0.026,0.844,1.0,NFLX,285.53,5543120.0
2019-10-15,NFLX,0.131,0.026,0.844,1.0,NFLX,284.25,7729061.0
2019-10-16,NFLX,0.131,0.026,0.844,1.0,NFLX,286.28,18413363.0
2019-10-17,NFLX,0.131,0.026,0.844,1.0,NFLX,293.35,38487104.0
2019-10-18,NFLX,0.131,0.026,0.844,1.0,NFLX,275.3,24040862.0
2019-10-21,NFLX,0.131,0.026,0.844,1.0,NFLX,278.05,12873987.0
2019-10-22,NFLX,0.131,0.026,0.844,1.0,NFLX,266.69,11870429.0
2019-10-23,NFLX,0.131,0.026,0.844,1.0,NFLX,271.27,7154445.0
2019-10-24,NFLX,0.131,0.026,0.844,1.0,NFLX,271.5,4911033.0
2019-10-25,NFLX,0.131,0.026,0.844,1.0,NFLX,276.82,4747841.0
2019-10-28,NFLX,0.131,0.026,0.844,1.0,NFLX,281.86,6248453.0
2019-10-29,NFLX,0.131,0.026,0.844,1.0,NFLX,281.21,4356181.0
2019-10-30,NFLX,0.131,0.026,0.844,1.0,NFLX,291.45,9347287.0
2019-10-31,NFLX,0.131,0.026,0.844,1.0,NFLX,287.41,5090046.0
2019-11-01,NFLX,0.131,0.026,0.844,1.0,NFLX,286.81,5594493.0
2019-11-04,NFLX,0.131,0.026,0.844,1.0,NFLX,292.86,5566213.0
2019-11-05,NFLX,0.131,0.026,0.844,1.0,NFLX,288.03,4062370.0
2019-11-06,NFLX,0.131,0.026,0.844,1.0,NFLX,288.59,3438557.0
2019-11-07,NFLX,0.131,0.026,0.844,1.0,NFLX,289.57,5928471.0
2019-11-08,NFLX,0.131,0.026,0.844,1.0,NFLX,291.57,4509588.0
2019-11-11,NFLX,0.131,0.026,0.844,1.0,NFLX,294.18,3945885.0
2019-11-12,NFLX,0.131,0.026,0.844,1.0,NFLX,292.01,5775125.0
2019-11-13,NFLX,0.131,0.026,0.844,1.0,NFLX,283.11,9233201.0
2019-11-14,NFLX,0.131,0.026,0.844,1.0,NFLX,289.62,6554171.0
2019-11-15,NFLX,0.131,0.026,0.844,1.0,NFLX,295.03,6387779.0
2019-11-18,NFLX,0.131,0.026,0.844,1.0,NFLX,302.57,8621566.0
2019-11-19,NFLX,0.131,0.026,0.844,1.0,NFLX,302.6,5919710.0
2019-11-20,NFLX,0.131,0.026,0.844,1.0,NFLX,305.16,5180825.0
2019-11-21,NFLX,0.131,0.026,0.844,1.0,NFLX,311.69,7487123.0
2019-11-22,NFLX,0.131,0.026,0.844,1.0,NFLX,310.48,5970056.0
2019-11-25,NFLX,0.131,0.026,0.844,1.0,NFLX,315.55,7878943.0
2019-11-26,NFLX,0.131,0.026,0.844,1.0,NFLX,312.49,5328946.0
2019-11-27,NFLX,0.131,0.026,0.844,1.0,NFLX,315.93,4100975.0
2019-11-29,NFLX,0.131,0.026,0.844,1.0,NFLX,314.66,2411749.0
2019-12-02,NFLX,0.131,0.026,0.844,1.0,NFLX,309.99,6222260.0
2019-12-03,NFLX,0.131,0.026,0.844,1.0,NFLX,306.16,5272472.0
2019-12-04,NFLX,0.131,0.026,0.844,1.0,NFLX,304.32,3513551.0
2019-12-05,NFLX,0.131,0.026,0.844,1.0,NFLX,302.86,4618909.0
2019-12-06,NFLX,0.131,0.026,0.844,1.0,NFLX,307.35,4459684.0
2019-12-09,NFLX,0.131,0.026,0.844,1.0,NFLX,302.5,5766006.0
2019-12-10,NFLX,0.131,0.026,0.844,1.0,NFLX,293.12,10481239.0
2019-12-11,NFLX,0.131,0.026,0.844,1.0,NFLX,298.93,5632005.0
2019-12-12,NFLX,0.131,0.026,0.844,1.0,NFLX,298.44,4771424.0
2019-12-13,NFLX,0.131,0.026,0.844,1.0,NFLX,298.5,3883069.0
2019-12-16,NFLX,0.131,0.026,0.844,1.0,NFLX,304.21,4660906.0
2019-12-17,NFLX,0.131,0.026,0.844,1.0,NFLX,315.48,10437127.0
2019-12-18,NFLX,0.131,0.026,0.844,1.0,NFLX,320.8,11210834.0
2019-12-19,NFLX,0.131,0.026,0.844,1.0,NFLX,332.22,9833375.0
2019-12-20,NFLX,0.131,0.026,0.844,1.0,NFLX,336.9,9966460.0
2019-12-23,NFLX,0.131,0.026,0.844,1.0,NFLX,333.1,5767937.0
2019-12-24,NFLX,0.131,0.026,0.844,1.0,NFLX,333.2,2019322.0
2019-12-26,NFLX,0.131,0.026,0.844,1.0,NFLX,332.63,3595854.0
2019-12-27,NFLX,0.131,0.026,0.844,1.0,NFLX,329.09,5037156.0
2019-12-30,NFLX,0.131,0.026,0.844,1.0,NFLX,323.31,4315280.0
2019-12-31,NFLX,0.119,0.053,0.828,1.0,NFLX,323.57,3714837.0
2020-01-02,NFLX,0.119,0.053,0.828,1.0,NFLX,329.81,4490337.0
2020-01-03,NFLX,0.119,0.053,0.828,1.0,NFLX,325.9,3807966.0
2020-01-06,NFLX,0.119,0.053,0.828,1.0,NFLX,335.83,5668582.0
2020-01-07,NFLX,0.119,0.053,0.828,1.0,NFLX,330.75,4742458.0
2020-01-08,NFLX,0.119,0.053,0.828,1.0,NFLX,339.26,7109267.0
2020-01-09,NFLX,0.119,0.053,0.828,1.0,NFLX,335.66,4717770.0
2020-01-10,NFLX,0.119,0.053,0.828,1.0,NFLX,329.05,4720672.0
2020-01-13,NFLX,0.119,0.053,0.828,1.0,NFLX,338.92,6296264.0
2020-01-14,NFLX,0.119,0.053,0.828,1.0,NFLX,338.69,7201544.0
2020-01-15,NFLX,0.119,0.053,0.828,1.0,NFLX,339.07,5158045.0
2020-01-16,NFLX,0.119,0.053,0.828,1.0,NFLX,338.62,5013497.0
2020-01-17,NFLX,0.119,0.053,0.828,1.0,NFLX,339.67,6066569.0
2020-01-21,NFLX,0.119,0.053,0.828,1.0,NFLX,338.11,14380522.0
2020-01-22,NFLX,0.119,0.053,0.828,1.0,NFLX,326.0,21737596.0
2020-01-23,NFLX,0.119,0.053,0.828,1.0,NFLX,349.6,18200293.0
2020-01-24,NFLX,0.119,0.053,0.828,1.0,NFLX,353.16,17939881.0
2020-01-27,NFLX,0.119,0.053,0.828,1.0,NFLX,342.88,7709482.0
2020-01-28,NFLX,0.119,0.053,0.828,1.0,NFLX,348.52,6821581.0
2020-01-29,NFLX,0.119,0.053,0.828,1.0,NFLX,343.16,7649189.0
2020-01-30,NFLX,0.119,0.053,0.828,1.0,NFLX,347.74,5328136.0
2020-01-31,NFLX,0.119,0.053,0.828,1.0,NFLX,345.09,5230011.0
2020-02-03,NFLX,0.119,0.053,0.828,1.0,NFLX,358.0,6674885.0
2020-02-04,NFLX,0.119,0.053,0.828,1.0,NFLX,369.01,7161456.0
2020-02-05,NFLX,0.119,0.053,0.828,1.0,NFLX,369.67,6437026.0
2020-02-06,NFLX,0.119,0.053,0.828,1.0,NFLX,366.95,3920428.0
2020-02-07,NFLX,0.119,0.053,0.828,1.0,NFLX,366.77,4385227.0
2020-02-10,NFLX,0.119,0.053,0.828,1.0,NFLX,371.07,5294323.0
2020-02-11,NFLX,0.119,0.053,0.828,1.0,NFLX,373.69,4773080.0
2020-02-12,NFLX,0.119,0.053,0.828,1.0,NFLX,380.01,4625272.0
2020-02-13,NFLX,0.119,0.053,0.828,1.0,NFLX,381.4,4485383.0
2020-02-14,NFLX,0.119,0.053,0.828,1.0,NFLX,380.4,3736761.0
2020-02-18,NFLX,0.119,0.053,0.828,1.0,NFLX,387.78,5180400.0
2020-02-19,NFLX,0.119,0.053,0.828,1.0,NFLX,386.19,4896518.0
2020-02-20,NFLX,0.119,0.053,0.828,1.0,NFLX,386.0,4079425.0
2020-02-21,NFLX,0.119,0.053,0.828,1.0,NFLX,380.07,3935618.0
2020-02-24,NFLX,0.119,0.053,0.828,1.0,NFLX,368.7,6936718.0
2020-02-25,NFLX,0.119,0.053,0.828,1.0,NFLX,360.09,6481293.0
2020-02-26,NFLX,0.119,0.053,0.828,1.0,NFLX,379.24,8961126.0
2020-02-27,NFLX,0.119,0.053,0.828,1.0,NFLX,371.71,10967705.0
2020-02-28,NFLX,0.119,0.053,0.828,1.0,NFLX,369.03,11178589.0
2020-03-02,NFLX,0.119,0.053,0.828,1.0,NFLX,381.05,6998157.0
2020-03-03,NFLX,0.119,0.053,0.828,1.0,NFLX,368.77,8364623.0
2020-03-04,NFLX,0.119,0.053,0.828,1.0,NFLX,383.79,5523116.0
2020-03-05,NFLX,0.119,0.053,0.828,1.0,NFLX,372.78,8746996.0
2020-03-06,NFLX,0.119,0.053,0.828,1.0,NFLX,368.97,8181766.0
2020-03-09,NFLX,0.119,0.053,0.828,1.0,NFLX,346.49,7405467.0
2020-03-10,NFLX,0.119,0.053,0.828,1.0,NFLX,364.13,7604715.0
2020-03-11,NFLX,0.119,0.053,0.828,1.0,NFLX,349.92,6058817.0
2020-03-12,NFLX,0.119,0.053,0.828,1.0,NFLX,315.25,12071723.0
2020-03-13,NFLX,0.119,0.053,0.828,1.0,NFLX,336.295,9460500.0
2020-03-16,NFLX,0.119,0.053,0.828,1.0,NFLX,298.84,10566744.0
2020-03-17,NFLX,0.119,0.053,0.828,1.0,NFLX,319.75,10014113.0
2020-03-18,NFLX,0.119,0.053,0.828,1.0,NFLX,315.47,12593879.0
2020-03-19,NFLX,0.119,0.053,0.828,1.0,NFLX,332.03,10639296.0
2020-03-20,NFLX,0.119,0.053,0.828,1.0,NFLX,332.83,10853846.0
2020-03-23,NFLX,0.119,0.053,0.828,1.0,NFLX,360.27,13449378.0
2020-03-24,NFLX,0.119,0.053,0.828,1.0,NFLX,357.32,11649481.0
2020-03-25,NFLX,0.119,0.053,0.828,1.0,NFLX,342.39,8767172.0
2020-03-26,NFLX,0.119,0.053,0.828,1.0,NFLX,362.99,7245016.0
2020-03-27,NFLX,0.119,0.053,0.828,1.0,NFLX,357.12,7948775.0
2020-03-30,NFLX,0.119,0.053,0.828,1.0,NFLX,370.96,8622233.0
2020-03-31,NFLX,0.121,0.036,0.843,1.0,NFLX,375.5,9366514.0
2020-04-01,NFLX,0.121,0.036,0.843,1.0,NFLX,364.08,6672527.0
2020-04-02,NFLX,0.121,0.036,0.843,1.0,NFLX,370.08,4592683.0
2020-04-03,NFLX,0.121,0.036,0.843,1.0,NFLX,361.76,4861127.0
2020-04-06,NFLX,0.121,0.036,0.843,1.0,NFLX,379.96,8183921.0
2020-04-07,NFLX,0.121,0.036,0.843,1.0,NFLX,372.28,7047087.0
2020-04-08,NFLX,0.121,0.036,0.843,1.0,NFLX,371.12,6908879.0
2020-04-09,NFLX,0.121,0.036,0.843,1.0,NFLX,370.72,7711296.0
2020-04-13,NFLX,0.121,0.036,0.843,1.0,NFLX,396.72,11692922.0
2020-04-14,NFLX,0.121,0.036,0.843,1.0,NFLX,413.55,11582141.0
2020-04-15,NFLX,0.121,0.036,0.843,1.0,NFLX,426.75,13561253.0
2020-04-16,NFLX,0.121,0.036,0.843,1.0,NFLX,439.17,16128880.0
2020-04-17,NFLX,0.121,0.036,0.843,1.0,NFLX,422.96,12616753.0
2020-04-20,NFLX,0.121,0.036,0.843,1.0,NFLX,437.49,12655858.0
2020-04-21,NFLX,0.121,0.036,0.843,1.0,NFLX,433.83,23178272.0
2020-04-22,NFLX,0.121,0.036,0.843,1.0,NFLX,421.42,21123812.0
2020-04-23,NFLX,0.121,0.036,0.843,1.0,NFLX,426.7,13952330.0
2020-04-24,NFLX,0.121,0.036,0.843,1.0,NFLX,424.99,8670412.0
2020-04-27,NFLX,0.121,0.036,0.843,1.0,NFLX,421.38,6277480.0
2020-04-28,NFLX,0.121,0.036,0.843,1.0,NFLX,403.83,10101235.0
2020-04-29,NFLX,0.121,0.036,0.843,1.0,NFLX,411.89,9693157.0
2020-04-30,NFLX,0.121,0.036,0.843,1.0,NFLX,419.85,7953975.0
2020-05-01,NFLX,0.121,0.036,0.843,1.0,NFLX,415.27,8299858.0
2020-05-04,NFLX,0.121,0.036,0.843,1.0,NFLX,428.15,7799058.0
2020-05-05,NFLX,0.121,0.036,0.843,1.0,NFLX,424.68,6286293.0
2020-05-06,NFLX,0.121,0.036,0.843,1.0,NFLX,434.26,6660737.0
2020-05-07,NFLX,0.121,0.036,0.843,1.0,NFLX,436.53,5650281.0
2020-05-08,NFLX,0.121,0.036,0.843,1.0,NFLX,435.55,5054308.0
2020-05-11,NFLX,0.121,0.036,0.843,1.0,NFLX,440.52,5486037.0
2020-05-12,NFLX,0.121,0.036,0.843,1.0,NFLX,431.82,4598616.0
2020-05-13,NFLX,0.121,0.036,0.843,1.0,NFLX,438.27,7014563.0
2020-05-14,NFLX,0.121,0.036,0.843,1.0,NFLX,441.95,9007467.0
2020-05-15,NFLX,0.121,0.036,0.843,1.0,NFLX,454.19,7243998.0
2020-05-18,NFLX,0.121,0.036,0.843,1.0,NFLX,452.58,7781826.0
2020-05-19,NFLX,0.121,0.036,0.843,1.0,NFLX,451.04,4810487.0
2020-05-20,NFLX,0.121,0.036,0.843,1.0,NFLX,447.67,5607257.0
2020-05-21,NFLX,0.121,0.036,0.843,1.0,NFLX,436.25,9117325.0
2020-05-22,NFLX,0.121,0.036,0.843,1.0,NFLX,429.32,5422334.0
2020-05-26,NFLX,0.121,0.036,0.843,1.0,NFLX,414.77,7881215.0
2020-05-27,NFLX,0.121,0.036,0.843,1.0,NFLX,419.89,10479199.0
2020-05-28,NFLX,0.121,0.036,0.843,1.0,NFLX,413.44,5660160.0
2020-05-29,NFLX,0.121,0.036,0.843,1.0,NFLX,419.73,5291263.0
2020-06-01,NFLX,0.121,0.036,0.843,1.0,NFLX,425.92,3748625.0
2020-06-02,NFLX,0.121,0.036,0.843,1.0,NFLX,427.31,3495016.0
2020-06-03,NFLX,0.121,0.036,0.843,1.0,NFLX,421.97,4316044.0
2020-06-04,NFLX,0.121,0.036,0.843,1.0,NFLX,414.33,5410529.0
2020-06-05,NFLX,0.121,0.036,0.843,1.0,NFLX,419.6,5099561.0
2020-06-08,NFLX,0.121,0.036,0.843,1.0,NFLX,419.49,5851453.0
2020-06-09,NFLX,0.121,0.036,0.843,1.0,NFLX,434.05,6793785.0
2020-06-10,NFLX,0.121,0.036,0.843,1.0,NFLX,434.48,4897233.0
2020-06-11,NFLX,0.121,0.036,0.843,1.0,NFLX,425.56,7466811.0
2020-06-12,NFLX,0.121,0.036,0.843,1.0,NFLX,418.07,6461127.0
2020-06-15,NFLX,0.121,0.036,0.843,1.0,NFLX,425.5,4471500.0
2020-06-16,NFLX,0.121,0.036,0.843,1.0,NFLX,436.13,5514016.0
2020-06-17,NFLX,0.121,0.036,0.843,1.0,NFLX,447.77,6529568.0
2020-06-18,NFLX,0.121,0.036,0.843,1.0,NFLX,449.87,4277635.0
2020-06-19,NFLX,0.121,0.036,0.843,1.0,NFLX,453.72,5938036.0
2020-06-22,NFLX,0.121,0.036,0.843,1.0,NFLX,468.04,6272119.0
2020-06-23,NFLX,0.121,0.036,0.843,1.0,NFLX,466.26,5948796.0
2020-06-24,NFLX,0.121,0.036,0.843,1.0,NFLX,457.85,4826194.0
2020-06-25,NFLX,0.121,0.036,0.843,1.0,NFLX,465.91,4135301.0
2020-06-26,NFLX,0.121,0.036,0.843,1.0,NFLX,443.4,6804726.0
2020-06-29,NFLX,0.121,0.036,0.843,1.0,NFLX,447.24,4843978.0
2020-06-30,NFLX,0.113,0.034,0.853,1.0,NFLX,455.04,4198545.0
2020-07-01,NFLX,0.113,0.034,0.853,1.0,NFLX,485.64,9711520.0
2020-07-02,NFLX,0.113,0.034,0.853,1.0,NFLX,476.89,6351485.0
2020-07-06,NFLX,0.113,0.034,0.853,1.0,NFLX,493.81,7838990.0
2020-07-07,NFLX,0.113,0.034,0.853,1.0,NFLX,493.16,5670204.0
2020-07-08,NFLX,0.113,0.034,0.853,1.0,NFLX,502.78,5691727.0
2020-07-09,NFLX,0.113,0.034,0.853,1.0,NFLX,507.76,5840542.0
2020-07-10,NFLX,0.113,0.034,0.853,1.0,NFLX,548.73,21605587.0
2020-07-13,NFLX,0.113,0.034,0.853,1.0,NFLX,525.5,18399026.0
2020-07-14,NFLX,0.113,0.034,0.853,1.0,NFLX,524.88,15085071.0
2020-07-15,NFLX,0.113,0.034,0.853,1.0,NFLX,523.26,10066652.0
2020-07-16,NFLX,0.113,0.034,0.853,1.0,NFLX,527.39,24499009.0
2020-07-17,NFLX,0.113,0.034,0.853,1.0,NFLX,492.99,24989829.0
2020-07-20,NFLX,0.113,0.034,0.853,1.0,NFLX,502.41,11940311.0
2020-07-21,NFLX,0.113,0.034,0.853,1.0,NFLX,490.1,9127718.0
2020-07-22,NFLX,0.113,0.034,0.853,1.0,NFLX,489.82,6954078.0
2020-07-23,NFLX,0.113,0.034,0.853,1.0,NFLX,477.58,7722034.0
2020-07-24,NFLX,0.113,0.034,0.853,1.0,NFLX,480.45,7746347.0
2020-07-27,NFLX,0.113,0.034,0.853,1.0,NFLX,495.65,7863069.0
2020-07-28,NFLX,0.113,0.034,0.853,1.0,NFLX,488.51,5986789.0
2020-07-29,NFLX,0.113,0.034,0.853,1.0,NFLX,484.48,6611769.0
2020-07-30,NFLX,0.113,0.034,0.853,1.0,NFLX,485.8,6608600.0
2020-07-31,NFLX,0.113,0.034,0.853,1.0,NFLX,488.88,5925560.0
2020-08-03,NFLX,0.113,0.034,0.853,1.0,NFLX,498.62,5876760.0
2020-08-04,NFLX,0.113,0.034,0.853,1.0,NFLX,509.64,5607993.0
2020-08-05,NFLX,0.113,0.034,0.853,1.0,NFLX,502.11,4313526.0
2020-08-06,NFLX,0.113,0.034,0.853,1.0,NFLX,509.08,3725861.0
2020-08-07,NFLX,0.113,0.034,0.853,1.0,NFLX,494.73,5910348.0
2020-08-10,NFLX,0.113,0.034,0.853,1.0,NFLX,483.38,4691185.0
2020-08-11,NFLX,0.113,0.034,0.853,1.0,NFLX,466.93,7329275.0
2020-08-12,NFLX,0.113,0.034,0.853,1.0,NFLX,475.47,5441243.0
2020-08-13,NFLX,0.113,0.034,0.853,1.0,NFLX,481.33,3008933.0
2020-08-14,NFLX,0.113,0.034,0.853,1.0,NFLX,482.68,2943487.0
2020-08-17,NFLX,0.113,0.034,0.853,1.0,NFLX,482.35,2423620.0
2020-08-18,NFLX,0.113,0.034,0.853,1.0,NFLX,491.87,3505518.0
2020-08-19,NFLX,0.113,0.034,0.853,1.0,NFLX,484.53,3157450.0
2020-08-20,NFLX,0.113,0.034,0.853,1.0,NFLX,497.9,5209980.0
2020-08-21,NFLX,0.113,0.034,0.853,1.0,NFLX,492.31,3923617.0
2020-08-24,NFLX,0.113,0.034,0.853,1.0,NFLX,488.81,4762927.0
2020-08-25,NFLX,0.113,0.034,0.853,1.0,NFLX,490.58,5727721.0
2020-08-26,NFLX,0.113,0.034,0.853,1.0,NFLX,547.53,20373717.0
2020-08-27,NFLX,0.113,0.034,0.853,1.0,NFLX,526.27,9572912.0
2020-08-28,NFLX,0.113,0.034,0.853,1.0,NFLX,523.89,4417517.0
2020-08-31,NFLX,0.113,0.034,0.853,1.0,NFLX,529.56,4941409.0
2020-09-01,NFLX,0.113,0.034,0.853,1.0,NFLX,556.55,9581907.0
2020-09-02,NFLX,0.113,0.034,0.853,1.0,NFLX,552.84,5886930.0
2020-09-03,NFLX,0.113,0.034,0.853,1.0,NFLX,525.75,9071123.0
2020-09-04,NFLX,0.113,0.034,0.853,1.0,NFLX,516.05,8270118.0
2020-09-08,NFLX,0.113,0.034,0.853,1.0,NFLX,507.02,5576910.0
2020-09-09,NFLX,0.113,0.034,0.853,1.0,NFLX,500.19,6848127.0
2020-09-10,NFLX,0.113,0.034,0.853,1.0,NFLX,480.67,6240194.0
2020-09-11,NFLX,0.113,0.034,0.853,1.0,NFLX,482.03,5035200.0
2020-09-14,NFLX,0.113,0.034,0.853,1.0,NFLX,476.26,7359174.0
2020-09-15,NFLX,0.113,0.034,0.853,1.0,NFLX,495.99,5336992.0
2020-09-16,NFLX,0.113,0.034,0.853,1.0,NFLX,483.86,4401412.0
2020-09-17,NFLX,0.113,0.034,0.853,1.0,NFLX,470.2,5379301.0
2020-09-18,NFLX,0.113,0.034,0.853,1.0,NFLX,469.96,6720099.0
2020-09-21,NFLX,0.113,0.034,0.853,1.0,NFLX,487.35,5458458.0
2020-09-22,NFLX,0.113,0.034,0.853,1.0,NFLX,491.17,3482327.0
2020-09-23,NFLX,0.113,0.034,0.853,1.0,NFLX,470.61,3741103.0
2020-09-24,NFLX,0.113,0.034,0.853,1.0,NFLX,473.08,3727201.0
2020-09-25,NFLX,0.113,0.034,0.853,1.0,NFLX,482.88,3769436.0
2020-09-28,NFLX,0.113,0.034,0.853,1.0,NFLX,490.65,4773498.0
2020-09-29,NFLX,0.113,0.034,0.853,1.0,NFLX,493.48,3543193.0
2020-09-30,NFLX,0.117,0.031,0.852,1.0,NFLX,500.03,4634111.0
2020-10-01,NFLX,0.117,0.031,0.852,1.0,NFLX,527.51,8154065.0
2020-10-02,NFLX,0.117,0.031,0.852,1.0,NFLX,503.06,6071180.0
2020-10-05,NFLX,0.117,0.031,0.852,1.0,NFLX,520.65,4088069.0
2020-10-06,NFLX,0.117,0.031,0.852,1.0,NFLX,505.87,4199034.0
2020-10-07,NFLX,0.117,0.031,0.852,1.0,NFLX,534.66,7988683.0
2020-10-08,NFLX,0.117,0.031,0.852,1.0,NFLX,531.79,5386488.0
2020-10-09,NFLX,0.117,0.031,0.852,1.0,NFLX,539.44,4781259.0
2020-10-12,NFLX,0.117,0.031,0.852,1.0,NFLX,539.81,5391074.0
2020-10-13,NFLX,0.117,0.031,0.852,1.0,NFLX,554.09,5602498.0
2020-10-14,NFLX,0.117,0.031,0.852,1.0,NFLX,541.45,9510081.0
2020-10-15,NFLX,0.117,0.031,0.852,1.0,NFLX,541.94,5113126.0
2020-10-16,NFLX,0.117,0.031,0.852,1.0,NFLX,530.79,6347363.0
2020-10-19,NFLX,0.117,0.031,0.852,1.0,NFLX,530.72,7817509.0
2020-10-20,NFLX,0.117,0.031,0.852,1.0,NFLX,525.42,10047175.0
2020-10-21,NFLX,0.117,0.031,0.852,1.0,NFLX,489.05,17411208.0
2020-10-22,NFLX,0.117,0.031,0.852,1.0,NFLX,485.23,7002152.0
2020-10-23,NFLX,0.117,0.031,0.852,1.0,NFLX,488.28,4927862.0
2020-10-26,NFLX,0.117,0.031,0.852,1.0,NFLX,488.24,6186087.0
2020-10-27,NFLX,0.117,0.031,0.852,1.0,NFLX,488.93,3627175.0
2020-10-28,NFLX,0.117,0.031,0.852,1.0,NFLX,486.24,5992731.0
2020-10-29,NFLX,0.117,0.031,0.852,1.0,NFLX,504.21,11120689.0
2020-10-30,NFLX,0.117,0.031,0.852,1.0,NFLX,475.74,7813897.0
2020-11-02,NFLX,0.117,0.031,0.852,1.0,NFLX,484.12,4408355.0
2020-11-03,NFLX,0.117,0.031,0.852,1.0,NFLX,487.22,3705363.0
2020-11-04,NFLX,0.117,0.031,0.852,1.0,NFLX,496.95,5137330.0
2020-11-05,NFLX,0.117,0.031,0.852,1.0,NFLX,513.76,5372787.0
2020-11-06,NFLX,0.117,0.031,0.852,1.0,NFLX,514.73,4238209.0
2020-11-09,NFLX,0.117,0.031,0.852,1.0,NFLX,470.5,10429530.0
2020-11-10,NFLX,0.117,0.031,0.852,1.0,NFLX,480.24,8306142.0
2020-11-11,NFLX,0.117,0.031,0.852,1.0,NFLX,490.76,5460532.0
2020-11-12,NFLX,0.117,0.031,0.852,1.0,NFLX,486.77,5071209.0
2020-11-13,NFLX,0.117,0.031,0.852,1.0,NFLX,482.84,3006510.0
2020-11-16,NFLX,0.117,0.031,0.852,1.0,NFLX,479.1,3956151.0
2020-11-17,NFLX,0.117,0.031,0.852,1.0,NFLX,480.63,3710102.0
2020-11-18,NFLX,0.117,0.031,0.852,1.0,NFLX,481.79,3629237.0
2020-11-19,NFLX,0.117,0.031,0.852,1.0,NFLX,484.67,2254653.0
2020-11-20,NFLX,0.117,0.031,0.852,1.0,NFLX,488.24,4360924.0
2020-11-23,NFLX,0.117,0.031,0.852,1.0,NFLX,476.62,5446735.0
2020-11-24,NFLX,0.117,0.031,0.852,1.0,NFLX,482.88,3557924.0
2020-11-25,NFLX,0.117,0.031,0.852,1.0,NFLX,485.0,3598659.0
2020-11-27,NFLX,0.117,0.031,0.852,1.0,NFLX,491.36,2805762.0
2020-11-30,NFLX,0.117,0.031,0.852,1.0,NFLX,490.7,3530940.0
2020-12-01,NFLX,0.117,0.031,0.852,1.0,NFLX,504.58,5064430.0
2020-12-02,NFLX,0.117,0.031,0.852,1.0,NFLX,503.38,3028358.0
2020-12-03,NFLX,0.117,0.031,0.852,1.0,NFLX,497.52,2826117.0
2020-12-04,NFLX,0.117,0.031,0.852,1.0,NFLX,498.31,3826283.0
2020-12-07,NFLX,0.117,0.031,0.852,1.0,NFLX,515.78,4289293.0
2020-12-08,NFLX,0.117,0.031,0.852,1.0,NFLX,512.66,4228950.0
2020-12-09,NFLX,0.117,0.031,0.852,1.0,NFLX,493.6,4178768.0
2020-12-10,NFLX,0.117,0.031,0.852,1.0,NFLX,501.09,3018238.0
2020-12-11,NFLX,0.117,0.031,0.852,1.0,NFLX,503.22,3660928.0
2020-12-14,NFLX,0.117,0.031,0.852,1.0,NFLX,522.42,5770424.0
2020-12-15,NFLX,0.117,0.031,0.852,1.0,NFLX,519.78,3398490.0
2020-12-16,NFLX,0.117,0.031,0.852,1.0,NFLX,524.83,3690579.0
2020-12-17,NFLX,0.117,0.031,0.852,1.0,NFLX,532.9,3193377.0
2020-12-18,NFLX,0.117,0.031,0.852,1.0,NFLX,534.45,4502692.0
2020-12-21,NFLX,0.117,0.031,0.852,1.0,NFLX,528.91,3893964.0
2020-12-22,NFLX,0.117,0.031,0.852,1.0,NFLX,527.33,1938476.0
2020-12-23,NFLX,0.117,0.031,0.852,1.0,NFLX,514.48,2393187.0
2020-12-24,NFLX,0.117,0.031,0.852,1.0,NFLX,513.97,1143952.0
2020-12-28,NFLX,0.117,0.031,0.852,1.0,NFLX,519.12,2891867.0
2020-12-29,NFLX,0.117,0.031,0.852,1.0,NFLX,530.87,4022364.0
2020-12-30,NFLX,0.117,0.031,0.852,1.0,NFLX,524.59,1876286.0
2020-12-31,NFLX,0.12,0.058,0.822,1.0,NFLX,540.73,5392384.0
2021-01-04,NFLX,0.12,0.058,0.822,1.0,NFLX,522.86,4444407.0
2021-01-05,NFLX,0.12,0.058,0.822,1.0,NFLX,520.8,3133872.0
2021-01-06,NFLX,0.12,0.058,0.822,1.0,NFLX,500.49,5346217.0
2021-01-07,NFLX,0.12,0.058,0.822,1.0,NFLX,508.89,3686460.0
2021-01-08,NFLX,0.12,0.058,0.822,1.0,NFLX,510.4,2973949.0
2021-01-11,NFLX,0.12,0.058,0.822,1.0,NFLX,499.1,3812720.0
2021-01-12,NFLX,0.12,0.058,0.822,1.0,NFLX,494.25,6038425.0
2021-01-13,NFLX,0.12,0.058,0.822,1.0,NFLX,507.79,5032099.0
2021-01-14,NFLX,0.12,0.058,0.822,1.0,NFLX,500.86,4177357.0
2021-01-15,NFLX,0.12,0.058,0.822,1.0,NFLX,497.98,5971688.0
2021-01-19,NFLX,0.12,0.058,0.822,1.0,NFLX,501.77,12316968.0
2021-01-20,NFLX,0.12,0.058,0.822,1.0,NFLX,586.34,32674738.0
2021-01-21,NFLX,0.12,0.058,0.822,1.0,NFLX,579.84,11840634.0
2021-01-22,NFLX,0.12,0.058,0.822,1.0,NFLX,565.17,7550822.0
2021-01-25,NFLX,0.12,0.058,0.822,1.0,NFLX,556.78,7207329.0
2021-01-26,NFLX,0.12,0.058,0.822,1.0,NFLX,561.93,5023847.0
2021-01-27,NFLX,0.12,0.058,0.822,1.0,NFLX,523.28,8670277.0
2021-01-28,NFLX,0.12,0.058,0.822,1.0,NFLX,538.6,5968978.0
2021-01-29,NFLX,0.12,0.058,0.822,1.0,NFLX,532.39,4325453.0
2021-02-01,NFLX,0.12,0.058,0.822,1.0,NFLX,539.04,3547507.0
2021-02-02,NFLX,0.12,0.058,0.822,1.0,NFLX,548.16,3767569.0
2021-02-03,NFLX,0.12,0.058,0.822,1.0,NFLX,539.45,3172288.0
2021-02-04,NFLX,0.12,0.058,0.822,1.0,NFLX,552.16,5164537.0
2021-02-05,NFLX,0.12,0.058,0.822,1.0,NFLX,550.79,2376175.0
2021-02-08,NFLX,0.12,0.058,0.822,1.0,NFLX,547.92,2791937.0
2021-02-09,NFLX,0.12,0.058,0.822,1.0,NFLX,559.07,3708196.0
2021-02-10,NFLX,0.12,0.058,0.822,1.0,NFLX,563.59,3991264.0
2021-02-11,NFLX,0.12,0.058,0.822,1.0,NFLX,557.59,2730587.0
2021-02-12,NFLX,0.12,0.058,0.822,1.0,NFLX,556.52,2197128.0
2021-02-16,NFLX,0.12,0.058,0.822,1.0,NFLX,557.28,2635809.0
2021-02-17,NFLX,0.12,0.058,0.822,1.0,NFLX,551.34,2071590.0
2021-02-18,NFLX,0.12,0.058,0.822,1.0,NFLX,548.22,2457604.0
2021-02-19,NFLX,0.12,0.058,0.822,1.0,NFLX,540.22,2841457.0
2021-02-22,NFLX,0.12,0.058,0.822,1.0,NFLX,533.78,3078770.0
2021-02-23,NFLX,0.12,0.058,0.822,1.0,NFLX,546.15,4145282.0
2021-02-24,NFLX,0.12,0.058,0.822,1.0,NFLX,553.41,3245038.0
2021-02-25,NFLX,0.12,0.058,0.822,1.0,NFLX,546.7,4252879.0
2021-02-26,NFLX,0.12,0.058,0.822,1.0,NFLX,538.85,3755574.0
2021-03-01,NFLX,0.12,0.058,0.822,1.0,NFLX,550.64,3042180.0
2021-03-02,NFLX,0.12,0.058,0.822,1.0,NFLX,547.82,3042226.0
2021-03-03,NFLX,0.12,0.058,0.822,1.0,NFLX,520.7,5362443.0
2021-03-04,NFLX,0.12,0.058,0.822,1.0,NFLX,511.29,5034801.0
2021-03-05,NFLX,0.12,0.058,0.822,1.0,NFLX,516.39,5069973.0
2021-03-08,NFLX,0.12,0.058,0.822,1.0,NFLX,493.33,3984262.0
2021-03-09,NFLX,0.12,0.058,0.822,1.0,NFLX,506.44,3470042.0
2021-03-10,NFLX,0.12,0.058,0.822,1.0,NFLX,504.54,3771484.0
2021-03-11,NFLX,0.12,0.058,0.822,1.0,NFLX,523.06,4714469.0
2021-03-12,NFLX,0.12,0.058,0.822,1.0,NFLX,518.02,3981743.0
2021-03-15,NFLX,0.12,0.058,0.822,1.0,NFLX,520.25,3486047.0
2021-03-16,NFLX,0.12,0.058,0.822,1.0,NFLX,524.03,3242788.0
2021-03-17,NFLX,0.12,0.058,0.822,1.0,NFLX,524.44,2817376.0
2021-03-18,NFLX,0.12,0.058,0.822,1.0,NFLX,504.79,4096606.0
2021-03-19,NFLX,0.12,0.058,0.822,1.0,NFLX,512.18,4387913.0
2021-03-22,NFLX,0.12,0.058,0.822,1.0,NFLX,523.11,3360787.0
2021-03-23,NFLX,0.12,0.058,0.822,1.0,NFLX,535.09,5587602.0
2021-03-24,NFLX,0.12,0.058,0.822,1.0,NFLX,520.81,4103219.0
2021-03-25,NFLX,0.12,0.058,0.822,1.0,NFLX,502.86,4926920.0
2021-03-26,NFLX,0.12,0.058,0.822,1.0,NFLX,508.05,3487797.0
2021-03-29,NFLX,0.12,0.058,0.822,1.0,NFLX,513.95,3334251.0
2021-03-30,NFLX,0.12,0.058,0.822,1.0,NFLX,513.39,2418129.0
2021-03-31,NFLX,0.129,0.034,0.836,1.0,NFLX,521.66,3507794.0
2021-04-01,NFLX,0.129,0.034,0.836,1.0,NFLX,539.42,3935639.0
2021-04-05,NFLX,0.129,0.034,0.836,1.0,NFLX,540.67,3353274.0
2021-04-06,NFLX,0.129,0.034,0.836,1.0,NFLX,544.53,3473367.0
2021-04-07,NFLX,0.129,0.034,0.836,1.0,NFLX,546.99,2126604.0
2021-04-08,NFLX,0.129,0.034,0.836,1.0,NFLX,554.58,4483520.0
2021-04-09,NFLX,0.129,0.034,0.836,1.0,NFLX,555.31,2888173.0
2021-04-12,NFLX,0.129,0.034,0.836,1.0,NFLX,552.71,2775049.0
2021-04-13,NFLX,0.129,0.034,0.836,1.0,NFLX,553.82,2492376.0
2021-04-14,NFLX,0.129,0.034,0.836,1.0,NFLX,540.02,3497406.0
2021-04-15,NFLX,0.129,0.034,0.836,1.0,NFLX,549.0,2847716.0
2021-04-16,NFLX,0.129,0.034,0.836,1.0,NFLX,546.68,2922157.0
2021-04-19,NFLX,0.129,0.034,0.836,1.0,NFLX,554.61,3973150.0
2021-04-20,NFLX,0.129,0.034,0.836,1.0,NFLX,549.44,10961977.0
2021-04-21,NFLX,0.129,0.034,0.836,1.0,NFLX,508.74,22378017.0
2021-04-22,NFLX,0.129,0.034,0.836,1.0,NFLX,508.78,9050626.0
2021-04-23,NFLX,0.129,0.034,0.836,1.0,NFLX,505.55,7314180.0
2021-04-26,NFLX,0.129,0.034,0.836,1.0,NFLX,510.3,4383382.0
2021-04-27,NFLX,0.129,0.034,0.836,1.0,NFLX,505.55,3749775.0
2021-04-28,NFLX,0.129,0.034,0.836,1.0,NFLX,506.52,3146851.0
2021-04-29,NFLX,0.129,0.034,0.836,1.0,NFLX,509.0,5077155.0
2021-04-30,NFLX,0.129,0.034,0.836,1.0,NFLX,513.47,4402401.0
2021-05-03,NFLX,0.129,0.034,0.836,1.0,NFLX,509.11,4090753.0
2021-05-04,NFLX,0.129,0.034,0.836,1.0,NFLX,503.18,4311830.0
2021-05-05,NFLX,0.129,0.034,0.836,1.0,NFLX,496.08,3117207.0
2021-05-06,NFLX,0.129,0.034,0.836,1.0,NFLX,499.48,3515110.0
2021-05-07,NFLX,0.129,0.034,0.836,1.0,NFLX,503.84,3131076.0
2021-05-10,NFLX,0.129,0.034,0.836,1.0,NFLX,486.69,5113089.0
2021-05-11,NFLX,0.129,0.034,0.836,1.0,NFLX,495.08,4384551.0
2021-05-12,NFLX,0.129,0.034,0.836,1.0,NFLX,484.98,3759325.0
2021-05-13,NFLX,0.129,0.034,0.836,1.0,NFLX,486.83,2483662.0
2021-05-14,NFLX,0.129,0.034,0.836,1.0,NFLX,493.37,2677931.0
2021-05-17,NFLX,0.129,0.034,0.836,1.0,NFLX,488.94,2705049.0
2021-05-18,NFLX,0.129,0.034,0.836,1.0,NFLX,486.28,2350501.0
2021-05-19,NFLX,0.129,0.034,0.836,1.0,NFLX,487.7,3349831.0
2021-05-20,NFLX,0.129,0.034,0.836,1.0,NFLX,501.67,3721218.0
2021-05-21,NFLX,0.129,0.034,0.836,1.0,NFLX,497.89,3382555.0
2021-05-24,NFLX,0.129,0.034,0.836,1.0,NFLX,502.9,2412595.0
2021-05-25,NFLX,0.129,0.034,0.836,1.0,NFLX,501.34,2699403.0
2021-05-26,NFLX,0.129,0.034,0.836,1.0,NFLX,502.36,2465303.0
2021-05-27,NFLX,0.129,0.034,0.836,1.0,NFLX,503.86,3253673.0
2021-05-28,NFLX,0.129,0.034,0.836,1.0,NFLX,502.81,2911327.0
2021-06-01,NFLX,0.129,0.034,0.836,1.0,NFLX,499.08,2482555.0
2021-06-02,NFLX,0.129,0.034,0.836,1.0,NFLX,499.24,2269004.0
2021-06-03,NFLX,0.129,0.034,0.836,1.0,NFLX,489.43,3887345.0
2021-06-04,NFLX,0.129,0.034,0.836,1.0,NFLX,494.74,3160487.0
2021-06-07,NFLX,0.129,0.034,0.836,1.0,NFLX,494.66,2793723.0
2021-06-08,NFLX,0.129,0.034,0.836,1.0,NFLX,492.39,2374037.0
2021-06-09,NFLX,0.129,0.034,0.836,1.0,NFLX,485.81,3054932.0
2021-06-10,NFLX,0.129,0.034,0.836,1.0,NFLX,487.27,4373669.0
2021-06-11,NFLX,0.129,0.034,0.836,1.0,NFLX,488.77,3118771.0
2021-06-14,NFLX,0.129,0.034,0.836,1.0,NFLX,499.89,4394713.0
2021-06-15,NFLX,0.129,0.034,0.836,1.0,NFLX,491.9,3103397.0
2021-06-16,NFLX,0.129,0.034,0.836,1.0,NFLX,492.41,3524976.0
2021-06-17,NFLX,0.129,0.034,0.836,1.0,NFLX,498.34,3187531.0
2021-06-18,NFLX,0.129,0.034,0.836,1.0,NFLX,500.77,5172355.0
2021-06-21,NFLX,0.129,0.034,0.836,1.0,NFLX,497.0,5266803.0
2021-06-22,NFLX,0.129,0.034,0.836,1.0,NFLX,508.82,5800175.0
2021-06-23,NFLX,0.129,0.034,0.836,1.0,NFLX,512.74,3938934.0
2021-06-24,NFLX,0.129,0.034,0.836,1.0,NFLX,518.06,3346815.0
2021-06-25,NFLX,0.129,0.034,0.836,1.0,NFLX,527.07,5284601.0
2021-06-28,NFLX,0.129,0.034,0.836,1.0,NFLX,533.03,2813773.0
2021-06-29,NFLX,0.129,0.034,0.836,1.0,NFLX,533.5,2314020.0
2021-06-30,NFLX,0.116,0.033,0.85,1.0,NFLX,528.21,2772345.0
2021-07-01,NFLX,0.116,0.033,0.85,1.0,NFLX,533.54,2801279.0
2021-07-02,NFLX,0.116,0.033,0.85,1.0,NFLX,533.98,1979033.0
2021-07-06,NFLX,0.116,0.033,0.85,1.0,NFLX,541.64,2772105.0
2021-07-07,NFLX,0.116,0.033,0.85,1.0,NFLX,535.96,2719533.0
2021-07-08,NFLX,0.116,0.033,0.85,1.0,NFLX,530.76,3262698.0
2021-07-09,NFLX,0.116,0.033,0.85,1.0,NFLX,535.98,2773293.0
2021-07-12,NFLX,0.116,0.033,0.85,1.0,NFLX,537.31,1778224.0
2021-07-13,NFLX,0.116,0.033,0.85,1.0,NFLX,540.68,2735490.0
2021-07-14,NFLX,0.116,0.033,0.85,1.0,NFLX,547.95,4649907.0
2021-07-15,NFLX,0.116,0.033,0.85,1.0,NFLX,542.95,5708652.0
2021-07-16,NFLX,0.116,0.033,0.85,1.0,NFLX,530.31,3436661.0
2021-07-19,NFLX,0.116,0.033,0.85,1.0,NFLX,532.28,3868701.0
2021-07-20,NFLX,0.116,0.033,0.85,1.0,NFLX,531.05,6917342.0
2021-07-21,NFLX,0.116,0.033,0.85,1.0,NFLX,513.63,11914867.0
2021-07-22,NFLX,0.116,0.033,0.85,1.0,NFLX,511.77,4326191.0
2021-07-23,NFLX,0.116,0.033,0.85,1.0,NFLX,515.41,3818056.0
2021-07-26,NFLX,0.116,0.033,0.85,1.0,NFLX,516.49,2253216.0
2021-07-27,NFLX,0.116,0.033,0.85,1.0,NFLX,518.91,2757343.0
2021-07-28,NFLX,0.116,0.033,0.85,1.0,NFLX,519.3,2382497.0
2021-07-29,NFLX,0.116,0.033,0.85,1.0,NFLX,514.25,1731817.0
2021-07-30,NFLX,0.116,0.033,0.85,1.0,NFLX,517.57,2530063.0
2021-08-02,NFLX,0.116,0.033,0.85,1.0,NFLX,515.15,2091476.0
2021-08-03,NFLX,0.116,0.033,0.85,1.0,NFLX,510.82,2574323.0
2021-08-04,NFLX,0.116,0.033,0.85,1.0,NFLX,517.35,2035897.0
2021-08-05,NFLX,0.116,0.033,0.85,1.0,NFLX,524.89,2554877.0
2021-08-06,NFLX,0.116,0.033,0.85,1.0,NFLX,520.55,1919709.0
2021-08-09,NFLX,0.116,0.033,0.85,1.0,NFLX,519.97,1365267.0
2021-08-10,NFLX,0.116,0.033,0.85,1.0,NFLX,515.84,1959276.0
2021-08-11,NFLX,0.116,0.033,0.85,1.0,NFLX,512.4,1671402.0
2021-08-12,NFLX,0.116,0.033,0.85,1.0,NFLX,510.72,1692895.0
2021-08-13,NFLX,0.116,0.033,0.85,1.0,NFLX,515.92,2176065.0
2021-08-16,NFLX,0.116,0.033,0.85,1.0,NFLX,517.92,2031808.0
2021-08-17,NFLX,0.116,0.033,0.85,1.0,NFLX,518.91,2306069.0
2021-08-18,NFLX,0.116,0.033,0.85,1.0,NFLX,521.87,2585521.0
2021-08-19,NFLX,0.116,0.033,0.85,1.0,NFLX,543.71,7758137.0
2021-08-20,NFLX,0.116,0.033,0.85,1.0,NFLX,546.88,3773440.0
2021-08-23,NFLX,0.116,0.033,0.85,1.0,NFLX,553.33,2598287.0
2021-08-24,NFLX,0.116,0.033,0.85,1.0,NFLX,553.41,2109399.0
2021-08-25,NFLX,0.116,0.033,0.85,1.0,NFLX,547.58,2064820.0
2021-08-26,NFLX,0.116,0.033,0.85,1.0,NFLX,550.12,1592890.0
2021-08-27,NFLX,0.116,0.033,0.85,1.0,NFLX,558.92,3247257.0
2021-08-30,NFLX,0.116,0.033,0.85,1.0,NFLX,566.18,2445791.0
2021-08-31,NFLX,0.116,0.033,0.85,1.0,NFLX,569.19,2429056.0
2021-09-01,NFLX,0.116,0.033,0.85,1.0,NFLX,582.07,5621980.0
2021-09-02,NFLX,0.116,0.033,0.85,1.0,NFLX,588.55,6183945.0
2021-09-03,NFLX,0.116,0.033,0.85,1.0,NFLX,590.53,2683543.0
2021-09-07,NFLX,0.116,0.033,0.85,1.0,NFLX,606.71,5829623.0
2021-09-08,NFLX,0.116,0.033,0.85,1.0,NFLX,606.05,5396575.0
2021-09-09,NFLX,0.116,0.033,0.85,1.0,NFLX,597.54,2951360.0
2021-09-10,NFLX,0.116,0.033,0.85,1.0,NFLX,598.72,3950179.0
2021-09-13,NFLX,0.116,0.033,0.85,1.0,NFLX,589.29,3060384.0
2021-09-14,NFLX,0.116,0.033,0.85,1.0,NFLX,577.76,3451426.0
2021-09-15,NFLX,0.116,0.033,0.85,1.0,NFLX,582.87,2753995.0
2021-09-16,NFLX,0.116,0.033,0.85,1.0,NFLX,586.5,1829492.0
2021-09-17,NFLX,0.116,0.033,0.85,1.0,NFLX,589.35,4145882.0
2021-09-20,NFLX,0.116,0.033,0.85,1.0,NFLX,575.43,3726029.0
2021-09-21,NFLX,0.116,0.033,0.85,1.0,NFLX,573.14,2250369.0
2021-09-22,NFLX,0.116,0.033,0.85,1.0,NFLX,590.65,4009081.0
2021-09-23,NFLX,0.116,0.033,0.85,1.0,NFLX,593.26,2520859.0
2021-09-24,NFLX,0.116,0.033,0.85,1.0,NFLX,592.39,2123713.0
2021-09-27,NFLX,0.116,0.033,0.85,1.0,NFLX,592.64,2499929.0
2021-09-28,NFLX,0.116,0.033,0.85,1.0,NFLX,583.85,4421749.0
2021-09-29,NFLX,0.116,0.033,0.85,1.0,NFLX,599.06,6204667.0
2021-09-30,NFLX,0.125,0.032,0.844,1.0,NFLX,610.34,6587336.0
2021-10-01,NFLX,0.125,0.032,0.844,1.0,NFLX,613.15,4085797.0
2021-10-04,NFLX,0.125,0.032,0.844,1.0,NFLX,603.35,4978797.0
2021-10-05,NFLX,0.125,0.032,0.844,1.0,NFLX,634.81,9526794.0
2021-10-06,NFLX,0.125,0.032,0.844,1.0,NFLX,639.1,4561326.0
2021-10-07,NFLX,0.125,0.032,0.844,1.0,NFLX,631.85,3553209.0
2021-10-08,NFLX,0.125,0.032,0.844,1.0,NFLX,632.66,3264521.0
2021-10-11,NFLX,0.125,0.032,0.844,1.0,NFLX,627.04,2855919.0
2021-10-12,NFLX,0.125,0.032,0.844,1.0,NFLX,624.94,3213102.0
2021-10-13,NFLX,0.125,0.032,0.844,1.0,NFLX,629.76,2405751.0
2021-10-14,NFLX,0.125,0.032,0.844,1.0,NFLX,633.8,2516423.0
2021-10-15,NFLX,0.125,0.032,0.844,1.0,NFLX,628.29,4090332.0
2021-10-18,NFLX,0.125,0.032,0.844,1.0,NFLX,637.97,4635865.0
2021-10-19,NFLX,0.125,0.032,0.844,1.0,NFLX,639.0,7604421.0
2021-10-20,NFLX,0.125,0.032,0.844,1.0,NFLX,625.14,10588542.0
2021-10-21,NFLX,0.125,0.032,0.844,1.0,NFLX,653.16,8411205.0
2021-10-22,NFLX,0.125,0.032,0.844,1.0,NFLX,664.78,6134784.0
2021-10-25,NFLX,0.125,0.032,0.844,1.0,NFLX,671.66,3805494.0
2021-10-26,NFLX,0.125,0.032,0.844,1.0,NFLX,668.52,2884031.0
2021-10-27,NFLX,0.125,0.032,0.844,1.0,NFLX,662.92,2255616.0
2021-10-28,NFLX,0.125,0.032,0.844,1.0,NFLX,674.05,2866673.0
2021-10-29,NFLX,0.125,0.032,0.844,1.0,NFLX,690.31,3801276.0
2021-11-01,NFLX,0.125,0.032,0.844,1.0,NFLX,681.17,3316202.0
2021-11-02,NFLX,0.125,0.032,0.844,1.0,NFLX,677.72,3883070.0
2021-11-03,NFLX,0.125,0.032,0.844,1.0,NFLX,688.29,2332726.0
2021-11-04,NFLX,0.125,0.032,0.844,1.0,NFLX,668.4,4864840.0
2021-11-05,NFLX,0.125,0.032,0.844,1.0,NFLX,645.72,5260694.0
2021-11-08,NFLX,0.125,0.032,0.844,1.0,NFLX,651.45,2886702.0
2021-11-09,NFLX,0.125,0.032,0.844,1.0,NFLX,655.99,2413611.0
2021-11-10,NFLX,0.125,0.032,0.844,1.0,NFLX,646.91,2403295.0
2021-11-11,NFLX,0.125,0.032,0.844,1.0,NFLX,657.58,2868296.0
2021-11-12,NFLX,0.125,0.032,0.844,1.0,NFLX,682.61,4197679.0
2021-11-15,NFLX,0.125,0.032,0.844,1.0,NFLX,679.33,2905863.0
2021-11-16,NFLX,0.125,0.032,0.844,1.0,NFLX,687.4,2077024.0
2021-11-17,NFLX,0.125,0.032,0.844,1.0,NFLX,691.69,2727860.0
2021-11-18,NFLX,0.125,0.032,0.844,1.0,NFLX,682.02,2015413.0
2021-11-19,NFLX,0.125,0.032,0.844,1.0,NFLX,678.8,2612133.0
2021-11-22,NFLX,0.125,0.032,0.844,1.0,NFLX,659.2,2764997.0
2021-11-23,NFLX,0.125,0.032,0.844,1.0,NFLX,654.06,2318772.0
2021-11-24,NFLX,0.125,0.032,0.844,1.0,NFLX,658.29,1861607.0
2021-11-26,NFLX,0.125,0.032,0.844,1.0,NFLX,665.64,2874093.0
2021-11-29,NFLX,0.125,0.032,0.844,1.0,NFLX,663.84,2526831.0
2021-11-30,NFLX,0.125,0.032,0.844,1.0,NFLX,641.9,5601942.0
2021-12-01,NFLX,0.125,0.032,0.844,1.0,NFLX,617.77,3888746.0
2021-12-02,NFLX,0.125,0.032,0.844,1.0,NFLX,616.47,3323646.0
2021-12-03,NFLX,0.125,0.032,0.844,1.0,NFLX,602.13,4824617.0
2021-12-06,NFLX,0.125,0.032,0.844,1.0,NFLX,612.69,3088996.0
2021-12-07,NFLX,0.125,0.032,0.844,1.0,NFLX,625.58,3121772.0
2021-12-08,NFLX,0.125,0.032,0.844,1.0,NFLX,628.08,2219154.0
2021-12-09,NFLX,0.125,0.032,0.844,1.0,NFLX,611.0,2355462.0
2021-12-10,NFLX,0.125,0.032,0.844,1.0,NFLX,611.66,2738363.0
2021-12-13,NFLX,0.125,0.032,0.844,1.0,NFLX,604.56,2487272.0
2021-12-14,NFLX,0.125,0.032,0.844,1.0,NFLX,597.99,2984550.0
2021-12-15,NFLX,0.125,0.032,0.844,1.0,NFLX,605.04,2864479.0
2021-12-16,NFLX,0.125,0.032,0.844,1.0,NFLX,591.06,3137046.0
2021-12-17,NFLX,0.125,0.032,0.844,1.0,NFLX,586.73,4451796.0
2021-12-20,NFLX,0.125,0.032,0.844,1.0,NFLX,593.74,3236336.0
2021-12-21,NFLX,0.125,0.032,0.844,1.0,NFLX,604.92,2317178.0
2021-12-22,NFLX,0.125,0.032,0.844,1.0,NFLX,614.24,2333918.0
2021-12-23,NFLX,0.125,0.032,0.844,1.0,NFLX,614.09,1620556.0
2021-12-27,NFLX,0.125,0.032,0.844,1.0,NFLX,613.12,2061955.0
2021-12-28,NFLX,0.125,0.032,0.844,1.0,NFLX,610.71,1882147.0
2021-12-29,NFLX,0.125,0.032,0.844,1.0,NFLX,610.54,1286011.0
2021-12-30,NFLX,0.125,0.032,0.844,1.0,NFLX,612.09,1624793.0
2021-12-31,NFLX,0.118,0.057,0.824,1.0,NFLX,602.44,1995724.0
2022-01-03,NFLX,0.118,0.057,0.824,1.0,NFLX,597.37,3073926.0
2022-01-04,NFLX,0.118,0.057,0.824,1.0,NFLX,591.15,4392097.0
2022-01-05,NFLX,0.118,0.057,0.824,1.0,NFLX,567.04,3668972.0
2022-01-06,NFLX,0.118,0.057,0.824,1.0,NFLX,553.29,5710206.0
2022-01-07,NFLX,0.118,0.057,0.824,1.0,NFLX,541.06,3381586.0
2022-01-10,NFLX,0.118,0.057,0.824,1.0,NFLX,539.85,4474508.0
2022-01-11,NFLX,0.118,0.057,0.824,1.0,NFLX,540.84,3078854.0
2022-01-12,NFLX,0.118,0.057,0.824,1.0,NFLX,537.22,3783015.0
2022-01-13,NFLX,0.118,0.057,0.824,1.0,NFLX,519.2,4471657.0
2022-01-14,NFLX,0.118,0.057,0.824,1.0,NFLX,525.69,7867462.0
2022-01-18,NFLX,0.118,0.057,0.824,1.0,NFLX,510.8,4852673.0
2022-01-19,NFLX,0.118,0.057,0.824,1.0,NFLX,515.86,4352907.0
2022-01-20,NFLX,0.118,0.057,0.824,1.0,NFLX,508.25,12649968.0
2022-01-21,NFLX,0.118,0.057,0.824,1.0,NFLX,397.5,58825404.0
2022-01-24,NFLX,0.118,0.057,0.824,1.0,NFLX,387.15,32184319.0
2022-01-25,NFLX,0.118,0.057,0.824,1.0,NFLX,366.42,15139041.0
2022-01-26,NFLX,0.118,0.057,0.824,1.0,NFLX,359.7,12488629.0
2022-01-27,NFLX,0.118,0.057,0.824,1.0,NFLX,386.7,24281560.0
2022-01-28,NFLX,0.118,0.057,0.824,1.0,NFLX,384.36,11949815.0
2022-01-31,NFLX,0.118,0.057,0.824,1.0,NFLX,427.14,20036706.0
2022-02-01,NFLX,0.118,0.057,0.824,1.0,NFLX,457.13,22547252.0
2022-02-02,NFLX,0.118,0.057,0.824,1.0,NFLX,429.48,14340046.0
2022-02-03,NFLX,0.118,0.057,0.824,1.0,NFLX,405.6,9992701.0
2022-02-04,NFLX,0.118,0.057,0.824,1.0,NFLX,410.17,7786543.0
2022-02-07,NFLX,0.118,0.057,0.824,1.0,NFLX,402.1,8234519.0
2022-02-08,NFLX,0.118,0.057,0.824,1.0,NFLX,403.53,6808389.0
2022-02-09,NFLX,0.118,0.057,0.824,1.0,NFLX,412.89,7577480.0
2022-02-10,NFLX,0.118,0.057,0.824,1.0,NFLX,406.27,8365253.0
2022-02-11,NFLX,0.118,0.057,0.824,1.0,NFLX,390.91,7193308.0
2022-02-14,NFLX,0.118,0.057,0.824,1.0,NFLX,396.57,6904070.0
2022-02-15,NFLX,0.118,0.057,0.824,1.0,NFLX,407.46,5291757.0
2022-02-16,NFLX,0.118,0.057,0.824,1.0,NFLX,398.08,5160318.0
2022-02-17,NFLX,0.118,0.057,0.824,1.0,NFLX,386.67,4580713.0
2022-02-18,NFLX,0.118,0.057,0.824,1.0,NFLX,391.29,6649659.0
2022-02-22,NFLX,0.118,0.057,0.824,1.0,NFLX,377.38,6467700.0
2022-02-23,NFLX,0.118,0.057,0.824,1.0,NFLX,367.46,4496938.0
2022-02-24,NFLX,0.118,0.057,0.824,1.0,NFLX,390.03,7038337.0
2022-02-25,NFLX,0.118,0.057,0.824,1.0,NFLX,390.8,4643340.0
2022-02-28,NFLX,0.118,0.057,0.824,1.0,NFLX,394.52,4792774.0
2022-03-01,NFLX,0.118,0.057,0.824,1.0,NFLX,386.24,3061787.0
2022-03-02,NFLX,0.118,0.057,0.824,1.0,NFLX,380.03,5145188.0
2022-03-03,NFLX,0.118,0.057,0.824,1.0,NFLX,368.07,5888742.0
2022-03-04,NFLX,0.118,0.057,0.824,1.0,NFLX,361.73,5121650.0
2022-03-07,NFLX,0.118,0.057,0.824,1.0,NFLX,350.26,5515104.0
2022-03-08,NFLX,0.118,0.057,0.824,1.0,NFLX,341.76,6128529.0
2022-03-09,NFLX,0.118,0.057,0.824,1.0,NFLX,358.79,6199306.0
2022-03-10,NFLX,0.118,0.057,0.824,1.0,NFLX,356.77,4313596.0
2022-03-11,NFLX,0.118,0.057,0.824,1.0,NFLX,340.32,4640206.0
2022-03-14,NFLX,0.118,0.057,0.824,1.0,NFLX,331.01,5711864.0
2022-03-15,NFLX,0.118,0.057,0.824,1.0,NFLX,343.75,5333159.0
2022-03-16,NFLX,0.118,0.057,0.824,1.0,NFLX,357.53,6823345.0
2022-03-17,NFLX,0.118,0.057,0.824,1.0,NFLX,371.4,5724208.0
2022-03-18,NFLX,0.118,0.057,0.824,1.0,NFLX,380.6,8177227.0
2022-03-21,NFLX,0.118,0.057,0.824,1.0,NFLX,374.59,4782123.0
2022-03-22,NFLX,0.118,0.057,0.824,1.0,NFLX,382.92,4199773.0
2022-03-23,NFLX,0.118,0.057,0.824,1.0,NFLX,374.49,3673178.0
2022-03-24,NFLX,0.118,0.057,0.824,1.0,NFLX,375.71,3841201.0
2022-03-25,NFLX,0.118,0.057,0.824,1.0,NFLX,373.85,3569718.0
2022-03-28,NFLX,0.118,0.057,0.824,1.0,NFLX,378.51,4323435.0
2022-03-29,NFLX,0.118,0.057,0.824,1.0,NFLX,391.82,5880723.0
2022-03-30,NFLX,0.118,0.057,0.824,1.0,NFLX,381.47,4023301.0
2022-03-31,NFLX,0.127,0.04,0.833,0.9999,NFLX,374.59,4124511.0
2022-04-01,NFLX,0.127,0.04,0.833,0.9999,NFLX,373.47,4632881.0
2022-04-04,NFLX,0.127,0.04,0.833,0.9999,NFLX,391.5,7004417.0
2022-04-05,NFLX,0.127,0.04,0.833,0.9999,NFLX,380.15,4223477.0
2022-04-06,NFLX,0.127,0.04,0.833,0.9999,NFLX,368.35,4343830.0
2022-04-07,NFLX,0.127,0.04,0.833,0.9999,NFLX,362.15,4946113.0
2022-04-08,NFLX,0.127,0.04,0.833,0.9999,NFLX,355.88,4019069.0
2022-04-11,NFLX,0.127,0.04,0.833,0.9999,NFLX,348.0,3772600.0
2022-04-12,NFLX,0.127,0.04,0.833,0.9999,NFLX,344.1,3814416.0
2022-04-13,NFLX,0.127,0.04,0.833,0.9999,NFLX,350.43,3206212.0
2022-04-14,NFLX,0.127,0.04,0.833,0.9999,NFLX,341.13,4335637.0
2022-04-18,NFLX,0.127,0.04,0.833,0.9999,NFLX,337.86,5095061.0
2022-04-19,NFLX,0.127,0.04,0.833,0.9999,NFLX,348.61,20898987.0
2022-04-20,NFLX,0.127,0.04,0.833,0.9999,NFLX,226.19,133313249.0
2022-04-21,NFLX,0.127,0.04,0.833,0.9999,NFLX,218.22,53478738.0
2022-04-22,NFLX,0.127,0.04,0.833,0.9999,NFLX,215.52,37486479.0
2022-04-25,NFLX,0.127,0.04,0.833,0.9999,NFLX,209.91,28098853.0
2022-04-26,NFLX,0.127,0.04,0.833,0.9999,NFLX,198.4,20289209.0
2022-04-27,NFLX,0.127,0.04,0.833,0.9999,NFLX,188.54,22264986.0
2022-04-28,NFLX,0.127,0.04,0.833,0.9999,NFLX,199.52,21317314.0
2022-04-29,NFLX,0.127,0.04,0.833,0.9999,NFLX,190.36,16360397.0
2022-05-02,NFLX,0.127,0.04,0.833,0.9999,NFLX,199.46,14559423.0
2022-05-03,NFLX,0.127,0.04,0.833,0.9999,NFLX,199.87,11808274.0
2022-05-04,NFLX,0.127,0.04,0.833,0.9999,NFLX,204.01,12165995.0
2022-05-05,NFLX,0.127,0.04,0.833,0.9999,NFLX,188.32,14138991.0
2022-05-06,NFLX,0.127,0.04,0.833,0.9999,NFLX,180.97,17133983.0
2022-05-09,NFLX,0.127,0.04,0.833,0.9999,NFLX,173.1,13962477.0
2022-05-10,NFLX,0.127,0.04,0.833,0.9999,NFLX,177.66,13837756.0
2022-05-11,NFLX,0.127,0.04,0.833,0.9999,NFLX,166.37,12572042.0
2022-05-12,NFLX,0.127,0.04,0.833,0.9999,NFLX,174.31,17599913.0
2022-05-13,NFLX,0.127,0.04,0.833,0.9999,NFLX,187.64,13101033.0
2022-05-16,NFLX,0.127,0.04,0.833,0.9999,NFLX,186.51,16115838.0
2022-05-17,NFLX,0.127,0.04,0.833,0.9999,NFLX,190.56,9839167.0
2022-05-18,NFLX,0.127,0.04,0.833,0.9999,NFLX,177.19,9640237.0
2022-05-19,NFLX,0.127,0.04,0.833,0.9999,NFLX,183.48,10419078.0
2022-05-20,NFLX,0.127,0.04,0.833,0.9999,NFLX,186.35,10388438.0
2022-05-23,NFLX,0.127,0.04,0.833,0.9999,NFLX,187.44,9581381.0
2022-05-24,NFLX,0.127,0.04,0.833,0.9999,NFLX,180.34,7670343.0
2022-05-25,NFLX,0.127,0.04,0.833,0.9999,NFLX,187.83,8488881.0
2022-05-26,NFLX,0.127,0.04,0.833,0.9999,NFLX,191.4,8039904.0
2022-05-27,NFLX,0.127,0.04,0.833,0.9999,NFLX,195.19,8567288.0
2022-05-31,NFLX,0.127,0.04,0.833,0.9999,NFLX,197.44,11379922.0
2022-06-01,NFLX,0.127,0.04,0.833,0.9999,NFLX,192.91,8377207.0
