,periodOfReport,ticker,pos,neg,neu,compound,date,ticker,close,volume
3274,2022-03-31,UBER,0.126,0.04,0.833,1.0,2019-05-10,UBER,41.57,189836990.0
3275,2022-03-31,UBER,0.126,0.04,0.833,1.0,2019-05-13,UBER,37.1,79478203.0
3276,2022-03-31,UBER,0.126,0.04,0.833,1.0,2019-05-14,UBER,39.96,46661187.0
3277,2022-03-31,UBER,0.126,0.04,0.833,1.0,2019-05-15,UBER,41.29,36086872.0
3278,2022-03-31,UBER,0.126,0.04,0.833,1.0,2019-05-16,UBER,43.0,38115524.0
3279,2022-03-31,UBER,0.126,0.04,0.833,1.0,2019-05-17,UBER,41.91,20225687.0
3280,2022-03-31,UBER,0.126,0.04,0.833,1.0,2019-05-20,UBER,41.59,29222624.0
3281,2022-03-31,UBER,0.126,0.04,0.833,1.0,2019-05-21,UBER,41.5,10802863.0
3282,2022-03-31,UBER,0.126,0.04,0.833,1.0,2019-05-22,UBER,41.25,9089469.0
3283,2022-03-31,UBER,0.126,0.04,0.833,1.0,2019-05-23,UBER,40.47,11120123.0
3284,2022-03-31,UBER,0.126,0.04,0.833,1.0,2019-05-24,UBER,41.51,8786891.0
3285,2022-03-31,UBER,0.126,0.04,0.833,1.0,2019-05-28,UBER,40.95,13391605.0
3286,2022-03-31,UBER,0.126,0.04,0.833,1.0,2019-05-29,UBER,39.94,14060547.0
3287,2022-03-31,UBER,0.126,0.04,0.833,1.0,2019-05-30,UBER,39.8,26451864.0
3288,2022-03-31,UBER,0.126,0.04,0.833,1.0,2019-05-31,UBER,40.41,23209848.0
3289,2022-03-31,UBER,0.126,0.04,0.833,1.0,2019-06-03,UBER,41.25,16605261.0
3290,2022-03-31,UBER,0.126,0.04,0.833,1.0,2019-06-04,UBER,42.75,23432141.0
3291,2022-03-31,UBER,0.126,0.04,0.833,1.0,2019-06-05,UBER,45.0,28617446.0
3292,2022-03-31,UBER,0.126,0.04,0.833,1.0,2019-06-06,UBER,44.92,16403691.0
3293,2022-03-31,UBER,0.126,0.04,0.833,1.0,2019-06-07,UBER,44.16,12654670.0
3294,2022-03-31,UBER,0.126,0.04,0.833,1.0,2019-06-10,UBER,42.61,11618701.0
3295,2022-03-31,UBER,0.126,0.04,0.833,1.0,2019-06-11,UBER,42.45,9095044.0
3296,2022-03-31,UBER,0.126,0.04,0.833,1.0,2019-06-12,UBER,42.17,5965250.0
3297,2022-03-31,UBER,0.126,0.04,0.833,1.0,2019-06-13,UBER,44.31,10201535.0
3298,2022-03-31,UBER,0.126,0.04,0.833,1.0,2019-06-14,UBER,43.23,7902223.0
3299,2022-03-31,UBER,0.126,0.04,0.833,1.0,2019-06-17,UBER,43.78,6557589.0
3300,2022-03-31,UBER,0.126,0.04,0.833,1.0,2019-06-18,UBER,43.86,7313980.0
3301,2022-03-31,UBER,0.126,0.04,0.833,1.0,2019-06-19,UBER,44.86,10331522.0
3302,2022-03-31,UBER,0.126,0.04,0.833,1.0,2019-06-20,UBER,43.86,9567367.0
3303,2022-03-31,UBER,0.126,0.04,0.833,1.0,2019-06-21,UBER,44.0,4977652.0
3304,2022-03-31,UBER,0.126,0.04,0.833,1.0,2019-06-24,UBER,43.09,6285053.0
3305,2022-03-31,UBER,0.126,0.04,0.833,1.0,2019-06-25,UBER,43.09,5755107.0
3306,2022-03-31,UBER,0.126,0.04,0.833,1.0,2019-06-26,UBER,42.5,8109056.0
3307,2022-03-31,UBER,0.126,0.04,0.833,1.0,2019-06-27,UBER,45.13,20155079.0
3308,2022-03-31,UBER,0.126,0.04,0.833,1.0,2019-06-28,UBER,46.38,28657233.0
3309,2022-03-31,UBER,0.126,0.04,0.833,1.0,2019-07-01,UBER,44.27,17840377.0
3310,2022-03-31,UBER,0.126,0.04,0.833,1.0,2019-07-02,UBER,44.0,11881274.0
3311,2022-03-31,UBER,0.126,0.04,0.833,1.0,2019-07-03,UBER,44.23,3380003.0
3312,2022-03-31,UBER,0.126,0.04,0.833,1.0,2019-07-05,UBER,43.53,8239452.0
3313,2022-03-31,UBER,0.126,0.04,0.833,1.0,2019-07-08,UBER,42.95,9304101.0
3314,2022-03-31,UBER,0.126,0.04,0.833,1.0,2019-07-09,UBER,44.2,5251564.0
3315,2022-03-31,UBER,0.126,0.04,0.833,1.0,2019-07-10,UBER,43.7,9747796.0
3316,2022-03-31,UBER,0.126,0.04,0.833,1.0,2019-07-11,UBER,43.99,8050856.0
3317,2022-03-31,UBER,0.126,0.04,0.833,1.0,2019-07-12,UBER,43.99,8760526.0
3318,2022-03-31,UBER,0.126,0.04,0.833,1.0,2019-07-15,UBER,44.53,5811160.0
3319,2022-03-31,UBER,0.126,0.04,0.833,1.0,2019-07-16,UBER,44.13,5613321.0
3320,2022-03-31,UBER,0.126,0.04,0.833,1.0,2019-07-17,UBER,43.62,5854149.0
3321,2022-03-31,UBER,0.126,0.04,0.833,1.0,2019-07-18,UBER,43.71,4123715.0
3322,2022-03-31,UBER,0.126,0.04,0.833,1.0,2019-07-19,UBER,43.18,4021018.0
3323,2022-03-31,UBER,0.126,0.04,0.833,1.0,2019-07-22,UBER,43.69,3822276.0
3324,2022-03-31,UBER,0.126,0.04,0.833,1.0,2019-07-23,UBER,43.36,5111090.0
3325,2022-03-31,UBER,0.126,0.04,0.833,1.0,2019-07-24,UBER,43.76,3775677.0
3326,2022-03-31,UBER,0.126,0.04,0.833,1.0,2019-07-25,UBER,43.4,4411991.0
3327,2022-03-31,UBER,0.126,0.04,0.833,1.0,2019-07-26,UBER,44.52,7598828.0
3328,2022-03-31,UBER,0.126,0.04,0.833,1.0,2019-07-29,UBER,43.88,8652204.0
3329,2022-03-31,UBER,0.126,0.04,0.833,1.0,2019-07-30,UBER,42.59,7686392.0
3330,2022-03-31,UBER,0.126,0.04,0.833,1.0,2019-07-31,UBER,42.14,5970774.0
3331,2022-03-31,UBER,0.126,0.04,0.833,1.0,2019-08-01,UBER,41.31,7349740.0
3332,2022-03-31,UBER,0.126,0.04,0.833,1.0,2019-08-02,UBER,40.4,8225727.0
3333,2022-03-31,UBER,0.126,0.04,0.833,1.0,2019-08-05,UBER,39.05,9799769.0
3334,2022-03-31,UBER,0.126,0.04,0.833,1.0,2019-08-06,UBER,39.15,8570273.0
3335,2022-03-31,UBER,0.126,0.04,0.833,1.0,2019-08-07,UBER,39.7,8896039.0
3336,2022-03-31,UBER,0.126,0.04,0.833,1.0,2019-08-08,UBER,42.97,29610853.0
3337,2022-03-31,UBER,0.126,0.04,0.833,1.0,2019-08-09,UBER,40.05,35139075.0
3338,2022-03-31,UBER,0.126,0.04,0.833,1.0,2019-08-12,UBER,37.01,19070907.0
3339,2022-03-31,UBER,0.126,0.04,0.833,1.0,2019-08-13,UBER,36.45,19031422.0
3340,2022-03-31,UBER,0.126,0.04,0.833,1.0,2019-08-14,UBER,33.96,24483863.0
3341,2022-03-31,UBER,0.126,0.04,0.833,1.0,2019-08-15,UBER,33.22,13265793.0
3342,2022-03-31,UBER,0.126,0.04,0.833,1.0,2019-08-16,UBER,35.23,13883166.0
3343,2022-03-31,UBER,0.126,0.04,0.833,1.0,2019-08-19,UBER,34.61,10853126.0
3344,2022-03-31,UBER,0.126,0.04,0.833,1.0,2019-08-20,UBER,35.29,10766387.0
3345,2022-03-31,UBER,0.126,0.04,0.833,1.0,2019-08-21,UBER,34.91,7949074.0
3346,2022-03-31,UBER,0.126,0.04,0.833,1.0,2019-08-22,UBER,34.0,8516498.0
3347,2022-03-31,UBER,0.126,0.04,0.833,1.0,2019-08-23,UBER,33.43,8186706.0
3348,2022-03-31,UBER,0.126,0.04,0.833,1.0,2019-08-26,UBER,33.31,5669714.0
3349,2022-03-31,UBER,0.126,0.04,0.833,1.0,2019-08-27,UBER,33.11,6596204.0
3350,2022-03-31,UBER,0.126,0.04,0.833,1.0,2019-08-28,UBER,32.59,6261038.0
3351,2022-03-31,UBER,0.126,0.04,0.833,1.0,2019-08-29,UBER,32.76,5811175.0
3352,2022-03-31,UBER,0.126,0.04,0.833,1.0,2019-08-30,UBER,32.57,6636847.0
3353,2022-03-31,UBER,0.126,0.04,0.833,1.0,2019-09-03,UBER,30.7,12194312.0
3354,2022-03-31,UBER,0.126,0.04,0.833,1.0,2019-09-04,UBER,31.99,10378298.0
3355,2022-03-31,UBER,0.126,0.04,0.833,1.0,2019-09-05,UBER,32.51,7938083.0
3356,2022-03-31,UBER,0.126,0.04,0.833,1.0,2019-09-06,UBER,31.86,7036080.0
3357,2022-03-31,UBER,0.126,0.04,0.833,1.0,2019-09-09,UBER,32.24,7448418.0
3358,2022-03-31,UBER,0.126,0.04,0.833,1.0,2019-09-10,UBER,33.51,10817138.0
3359,2022-03-31,UBER,0.126,0.04,0.833,1.0,2019-09-11,UBER,34.0,14716728.0
3360,2022-03-31,UBER,0.126,0.04,0.833,1.0,2019-09-12,UBER,34.07,7734849.0
3361,2022-03-31,UBER,0.126,0.04,0.833,1.0,2019-09-13,UBER,33.25,9428551.0
3362,2022-03-31,UBER,0.126,0.04,0.833,1.0,2019-09-16,UBER,34.43,7965008.0
3363,2022-03-31,UBER,0.126,0.04,0.833,1.0,2019-09-17,UBER,34.29,5588258.0
3364,2022-03-31,UBER,0.126,0.04,0.833,1.0,2019-09-18,UBER,34.26,6624433.0
3365,2022-03-31,UBER,0.126,0.04,0.833,1.0,2019-09-19,UBER,33.82,6884274.0
3366,2022-03-31,UBER,0.126,0.04,0.833,1.0,2019-09-20,UBER,32.6,12026857.0
3367,2022-03-31,UBER,0.126,0.04,0.833,1.0,2019-09-23,UBER,33.0,5616412.0
3368,2022-03-31,UBER,0.126,0.04,0.833,1.0,2019-09-24,UBER,31.3,10625792.0
3369,2022-03-31,UBER,0.126,0.04,0.833,1.0,2019-09-25,UBER,31.68,7879880.0
3370,2022-03-31,UBER,0.126,0.04,0.833,1.0,2019-09-26,UBER,31.57,6062457.0
3371,2022-03-31,UBER,0.126,0.04,0.833,1.0,2019-09-27,UBER,30.29,11875275.0
3372,2022-03-31,UBER,0.126,0.04,0.833,1.0,2019-09-30,UBER,30.47,5021190.0
3373,2022-03-31,UBER,0.126,0.04,0.833,1.0,2019-10-01,UBER,29.15,13448055.0
3374,2022-03-31,UBER,0.126,0.04,0.833,1.0,2019-10-02,UBER,29.0,9371270.0
3375,2022-03-31,UBER,0.126,0.04,0.833,1.0,2019-10-03,UBER,29.72,9461973.0
3376,2022-03-31,UBER,0.126,0.04,0.833,1.0,2019-10-04,UBER,29.67,8633938.0
3377,2022-03-31,UBER,0.126,0.04,0.833,1.0,2019-10-07,UBER,30.37,10151451.0
3378,2022-03-31,UBER,0.126,0.04,0.833,1.0,2019-10-08,UBER,29.28,7806911.0
3379,2022-03-31,UBER,0.126,0.04,0.833,1.0,2019-10-09,UBER,29.07,7162775.0
3380,2022-03-31,UBER,0.126,0.04,0.833,1.0,2019-10-10,UBER,28.87,7822845.0
3381,2022-03-31,UBER,0.126,0.04,0.833,1.0,2019-10-11,UBER,30.13,10730016.0
3382,2022-03-31,UBER,0.126,0.04,0.833,1.0,2019-10-14,UBER,31.12,7966943.0
3383,2022-03-31,UBER,0.126,0.04,0.833,1.0,2019-10-15,UBER,32.0,7904528.0
3384,2022-03-31,UBER,0.126,0.04,0.833,1.0,2019-10-16,UBER,31.87,7802690.0
3385,2022-03-31,UBER,0.126,0.04,0.833,1.0,2019-10-17,UBER,32.62,7239293.0
3386,2022-03-31,UBER,0.126,0.04,0.833,1.0,2019-10-18,UBER,32.06,8074207.0
3387,2022-03-31,UBER,0.126,0.04,0.833,1.0,2019-10-21,UBER,31.41,7232322.0
3388,2022-03-31,UBER,0.126,0.04,0.833,1.0,2019-10-22,UBER,32.53,19244283.0
3389,2022-03-31,UBER,0.126,0.04,0.833,1.0,2019-10-23,UBER,33.05,6843199.0
3390,2022-03-31,UBER,0.126,0.04,0.833,1.0,2019-10-24,UBER,33.28,6789619.0
3391,2022-03-31,UBER,0.126,0.04,0.833,1.0,2019-10-25,UBER,32.71,8106804.0
3392,2022-03-31,UBER,0.126,0.04,0.833,1.0,2019-10-28,UBER,33.22,8073107.0
3393,2022-03-31,UBER,0.126,0.04,0.833,1.0,2019-10-29,UBER,32.42,9457983.0
3394,2022-03-31,UBER,0.126,0.04,0.833,1.0,2019-10-30,UBER,33.75,10861702.0
3395,2022-03-31,UBER,0.126,0.04,0.833,1.0,2019-10-31,UBER,31.5,16130113.0
3396,2022-03-31,UBER,0.126,0.04,0.833,1.0,2019-11-01,UBER,31.37,10460430.0
3397,2022-03-31,UBER,0.126,0.04,0.833,1.0,2019-11-04,UBER,31.08,32290121.0
3398,2022-03-31,UBER,0.126,0.04,0.833,1.0,2019-11-05,UBER,28.02,52406805.0
3399,2022-03-31,UBER,0.126,0.04,0.833,1.0,2019-11-06,UBER,26.94,133666940.0
3400,2022-03-31,UBER,0.126,0.04,0.833,1.0,2019-11-07,UBER,27.38,65949475.0
3401,2022-03-31,UBER,0.126,0.04,0.833,1.0,2019-11-08,UBER,27.01,45263118.0
3402,2022-03-31,UBER,0.126,0.04,0.833,1.0,2019-11-11,UBER,27.14,41445932.0
3403,2022-03-31,UBER,0.126,0.04,0.833,1.0,2019-11-12,UBER,26.7,37095689.0
3404,2022-03-31,UBER,0.126,0.04,0.833,1.0,2019-11-13,UBER,26.71,34512663.0
3405,2022-03-31,UBER,0.126,0.04,0.833,1.0,2019-11-14,UBER,25.99,28027875.0
3406,2022-03-31,UBER,0.126,0.04,0.833,1.0,2019-11-15,UBER,26.79,41942003.0
3407,2022-03-31,UBER,0.126,0.04,0.833,1.0,2019-11-18,UBER,26.75,37309667.0
3408,2022-03-31,UBER,0.126,0.04,0.833,1.0,2019-11-19,UBER,27.05,34115865.0
3409,2022-03-31,UBER,0.126,0.04,0.833,1.0,2019-11-20,UBER,28.03,54075774.0
3410,2022-03-31,UBER,0.126,0.04,0.833,1.0,2019-11-21,UBER,29.46,55658629.0
3411,2022-03-31,UBER,0.126,0.04,0.833,1.0,2019-11-22,UBER,29.56,44384376.0
3412,2022-03-31,UBER,0.126,0.04,0.833,1.0,2019-11-25,UBER,29.11,37571611.0
3413,2022-03-31,UBER,0.126,0.04,0.833,1.0,2019-11-26,UBER,29.53,29631689.0
3414,2022-03-31,UBER,0.126,0.04,0.833,1.0,2019-11-27,UBER,29.49,22463869.0
3415,2022-03-31,UBER,0.126,0.04,0.833,1.0,2019-11-29,UBER,29.6,8115145.0
3416,2022-03-31,UBER,0.126,0.04,0.833,1.0,2019-12-02,UBER,28.98,17423896.0
3417,2022-03-31,UBER,0.126,0.04,0.833,1.0,2019-12-03,UBER,29.02,25434163.0
3418,2022-03-31,UBER,0.126,0.04,0.833,1.0,2019-12-04,UBER,29.06,22526474.0
3419,2022-03-31,UBER,0.126,0.04,0.833,1.0,2019-12-05,UBER,28.65,22567299.0
3420,2022-03-31,UBER,0.126,0.04,0.833,1.0,2019-12-06,UBER,27.86,33161371.0
3421,2022-03-31,UBER,0.126,0.04,0.833,1.0,2019-12-09,UBER,27.68,21098387.0
3422,2022-03-31,UBER,0.126,0.04,0.833,1.0,2019-12-10,UBER,27.89,23604938.0
3423,2022-03-31,UBER,0.126,0.04,0.833,1.0,2019-12-11,UBER,28.42,23286546.0
3424,2022-03-31,UBER,0.126,0.04,0.833,1.0,2019-12-12,UBER,28.69,23581479.0
3425,2022-03-31,UBER,0.126,0.04,0.833,1.0,2019-12-13,UBER,28.49,25489445.0
3426,2022-03-31,UBER,0.126,0.04,0.833,1.0,2019-12-16,UBER,30.05,57408195.0
3427,2022-03-31,UBER,0.126,0.04,0.833,1.0,2019-12-17,UBER,29.75,38254370.0
3428,2022-03-31,UBER,0.126,0.04,0.833,1.0,2019-12-18,UBER,30.13,35389841.0
3429,2022-03-31,UBER,0.126,0.04,0.833,1.0,2019-12-19,UBER,29.99,33817968.0
3430,2022-03-31,UBER,0.126,0.04,0.833,1.0,2019-12-20,UBER,30.45,95461687.0
3431,2022-03-31,UBER,0.126,0.04,0.833,1.0,2019-12-23,UBER,30.33,31212255.0
3432,2022-03-31,UBER,0.126,0.04,0.833,1.0,2019-12-24,UBER,30.44,12938593.0
3433,2022-03-31,UBER,0.126,0.04,0.833,1.0,2019-12-26,UBER,30.67,22224500.0
3434,2022-03-31,UBER,0.126,0.04,0.833,1.0,2019-12-27,UBER,30.17,18465965.0
3435,2022-03-31,UBER,0.126,0.04,0.833,1.0,2019-12-30,UBER,29.74,18812846.0
3436,2022-03-31,UBER,0.126,0.04,0.833,1.0,2019-12-31,UBER,29.74,16233725.0
3437,2022-03-31,UBER,0.126,0.04,0.833,1.0,2020-01-02,UBER,30.99,20599568.0
3438,2022-03-31,UBER,0.126,0.04,0.833,1.0,2020-01-03,UBER,31.37,18833450.0
3439,2022-03-31,UBER,0.126,0.04,0.833,1.0,2020-01-06,UBER,31.58,21215865.0
3440,2022-03-31,UBER,0.126,0.04,0.833,1.0,2020-01-07,UBER,32.81,30268966.0
3441,2022-03-31,UBER,0.126,0.04,0.833,1.0,2020-01-08,UBER,33.93,43955649.0
3442,2022-03-31,UBER,0.126,0.04,0.833,1.0,2020-01-09,UBER,33.97,29407616.0
3443,2022-03-31,UBER,0.126,0.04,0.833,1.0,2020-01-10,UBER,34.01,34276990.0
3444,2022-03-31,UBER,0.126,0.04,0.833,1.0,2020-01-13,UBER,34.14,16926309.0
3445,2022-03-31,UBER,0.126,0.04,0.833,1.0,2020-01-14,UBER,34.84,26029814.0
3446,2022-03-31,UBER,0.126,0.04,0.833,1.0,2020-01-15,UBER,35.01,20782556.0
3447,2022-03-31,UBER,0.126,0.04,0.833,1.0,2020-01-16,UBER,34.68,21955292.0
3448,2022-03-31,UBER,0.126,0.04,0.833,1.0,2020-01-17,UBER,35.13,17281281.0
3449,2022-03-31,UBER,0.126,0.04,0.833,1.0,2020-01-21,UBER,37.6,48746661.0
3450,2022-03-31,UBER,0.126,0.04,0.833,1.0,2020-01-22,UBER,37.04,29765240.0
3451,2022-03-31,UBER,0.126,0.04,0.833,1.0,2020-01-23,UBER,37.4,21366464.0
3452,2022-03-31,UBER,0.126,0.04,0.833,1.0,2020-01-24,UBER,36.8,21598009.0
3453,2022-03-31,UBER,0.126,0.04,0.833,1.0,2020-01-27,UBER,36.3,18818280.0
3454,2022-03-31,UBER,0.126,0.04,0.833,1.0,2020-01-28,UBER,37.01,28973963.0
3455,2022-03-31,UBER,0.126,0.04,0.833,1.0,2020-01-29,UBER,36.99,16882299.0
3456,2022-03-31,UBER,0.126,0.04,0.833,1.0,2020-01-30,UBER,36.68,22847064.0
3457,2022-03-31,UBER,0.126,0.04,0.833,1.0,2020-01-31,UBER,36.29,21553665.0
3458,2022-03-31,UBER,0.126,0.04,0.833,1.0,2020-02-03,UBER,37.59,23538859.0
3459,2022-03-31,UBER,0.126,0.04,0.833,1.0,2020-02-04,UBER,38.53,32425930.0
3460,2022-03-31,UBER,0.126,0.04,0.833,1.0,2020-02-05,UBER,36.81,38413313.0
3461,2022-03-31,UBER,0.126,0.04,0.833,1.0,2020-02-06,UBER,37.09,52700763.0
3462,2022-03-31,UBER,0.126,0.04,0.833,1.0,2020-02-07,UBER,40.63,112526401.0
3463,2022-03-31,UBER,0.126,0.04,0.833,1.0,2020-02-10,UBER,40.01,61115851.0
3464,2022-03-31,UBER,0.126,0.04,0.833,1.0,2020-02-11,UBER,41.27,33914174.0
3465,2022-03-31,UBER,0.126,0.04,0.833,1.0,2020-02-12,UBER,41.25,26541993.0
3466,2022-03-31,UBER,0.126,0.04,0.833,1.0,2020-02-13,UBER,40.09,23850949.0
3467,2022-03-31,UBER,0.126,0.04,0.833,1.0,2020-02-14,UBER,39.66,32062221.0
3468,2022-03-31,UBER,0.126,0.04,0.833,1.0,2020-02-18,UBER,40.18,22168471.0
3469,2022-03-31,UBER,0.126,0.04,0.833,1.0,2020-02-19,UBER,41.05,23287412.0
3470,2022-03-31,UBER,0.126,0.04,0.833,1.0,2020-02-20,UBER,40.92,25446394.0
3471,2022-03-31,UBER,0.126,0.04,0.833,1.0,2020-02-21,UBER,40.72,20600617.0
3472,2022-03-31,UBER,0.126,0.04,0.833,1.0,2020-02-24,UBER,38.31,37123158.0
3473,2022-03-31,UBER,0.126,0.04,0.833,1.0,2020-02-25,UBER,35.89,49281558.0
3474,2022-03-31,UBER,0.126,0.04,0.833,1.0,2020-02-26,UBER,34.45,44110821.0
3475,2022-03-31,UBER,0.126,0.04,0.833,1.0,2020-02-27,UBER,32.45,66557245.0
3476,2022-03-31,UBER,0.126,0.04,0.833,1.0,2020-02-28,UBER,33.87,52100204.0
3477,2022-03-31,UBER,0.126,0.04,0.833,1.0,2020-03-02,UBER,32.85,46662523.0
3478,2022-03-31,UBER,0.126,0.04,0.833,1.0,2020-03-03,UBER,33.04,35182366.0
3479,2022-03-31,UBER,0.126,0.04,0.833,1.0,2020-03-04,UBER,34.53,44738640.0
3480,2022-03-31,UBER,0.126,0.04,0.833,1.0,2020-03-05,UBER,32.21,32764549.0
3481,2022-03-31,UBER,0.126,0.04,0.833,1.0,2020-03-06,UBER,31.68,34808733.0
3482,2022-03-31,UBER,0.126,0.04,0.833,1.0,2020-03-09,UBER,28.17,37439281.0
3483,2022-03-31,UBER,0.126,0.04,0.833,1.0,2020-03-10,UBER,28.97,36308321.0
3484,2022-03-31,UBER,0.126,0.04,0.833,1.0,2020-03-11,UBER,26.24,43212769.0
3485,2022-03-31,UBER,0.126,0.04,0.833,1.0,2020-03-12,UBER,22.61,54041976.0
3486,2022-03-31,UBER,0.126,0.04,0.833,1.0,2020-03-13,UBER,22.6,54096478.0
3487,2022-03-31,UBER,0.126,0.04,0.833,1.0,2020-03-16,UBER,20.29,56913992.0
3488,2022-03-31,UBER,0.126,0.04,0.833,1.0,2020-03-17,UBER,18.91,60003887.0
3489,2022-03-31,UBER,0.126,0.04,0.833,1.0,2020-03-18,UBER,14.82,78286232.0
3490,2022-03-31,UBER,0.126,0.04,0.833,1.0,2020-03-19,UBER,20.49,83988721.0
3491,2022-03-31,UBER,0.126,0.04,0.833,1.0,2020-03-20,UBER,21.33,76530547.0
3492,2022-03-31,UBER,0.126,0.04,0.833,1.0,2020-03-23,UBER,22.4,48350894.0
3493,2022-03-31,UBER,0.126,0.04,0.833,1.0,2020-03-24,UBER,26.39,58505205.0
3494,2022-03-31,UBER,0.126,0.04,0.833,1.0,2020-03-25,UBER,26.19,52474067.0
3495,2022-03-31,UBER,0.126,0.04,0.833,1.0,2020-03-26,UBER,28.12,41371017.0
3496,2022-03-31,UBER,0.126,0.04,0.833,1.0,2020-03-27,UBER,27.28,40292212.0
3497,2022-03-31,UBER,0.126,0.04,0.833,1.0,2020-03-30,UBER,27.83,37725659.0
3498,2022-03-31,UBER,0.126,0.04,0.833,1.0,2020-03-31,UBER,27.92,43126370.0
3499,2022-03-31,UBER,0.126,0.04,0.833,1.0,2020-04-01,UBER,25.42,38538381.0
3500,2022-03-31,UBER,0.126,0.04,0.833,1.0,2020-04-02,UBER,23.68,35838237.0
3501,2022-03-31,UBER,0.126,0.04,0.833,1.0,2020-04-03,UBER,22.82,40572528.0
3502,2022-03-31,UBER,0.126,0.04,0.833,1.0,2020-04-06,UBER,25.99,34692674.0
3503,2022-03-31,UBER,0.126,0.04,0.833,1.0,2020-04-07,UBER,25.74,36580100.0
3504,2022-03-31,UBER,0.126,0.04,0.833,1.0,2020-04-08,UBER,26.94,36166872.0
3505,2022-03-31,UBER,0.126,0.04,0.833,1.0,2020-04-09,UBER,27.11,36190207.0
3506,2022-03-31,UBER,0.126,0.04,0.833,1.0,2020-04-13,UBER,27.99,24671570.0
3507,2022-03-31,UBER,0.126,0.04,0.833,1.0,2020-04-14,UBER,27.75,32625332.0
3508,2022-03-31,UBER,0.126,0.04,0.833,1.0,2020-04-15,UBER,27.41,18721260.0
3509,2022-03-31,UBER,0.126,0.04,0.833,1.0,2020-04-16,UBER,27.03,24088739.0
3510,2022-03-31,UBER,0.126,0.04,0.833,1.0,2020-04-17,UBER,28.0,34129827.0
3511,2022-03-31,UBER,0.126,0.04,0.833,1.0,2020-04-20,UBER,28.19,32225644.0
3512,2022-03-31,UBER,0.126,0.04,0.833,1.0,2020-04-21,UBER,27.19,21258899.0
3513,2022-03-31,UBER,0.126,0.04,0.833,1.0,2020-04-22,UBER,28.24,21222358.0
3514,2022-03-31,UBER,0.126,0.04,0.833,1.0,2020-04-23,UBER,28.33,27056525.0
3515,2022-03-31,UBER,0.126,0.04,0.833,1.0,2020-04-24,UBER,29.49,20648859.0
3516,2022-03-31,UBER,0.126,0.04,0.833,1.0,2020-04-27,UBER,30.08,31891579.0
3517,2022-03-31,UBER,0.126,0.04,0.833,1.0,2020-04-28,UBER,30.12,27383197.0
3518,2022-03-31,UBER,0.126,0.04,0.833,1.0,2020-04-29,UBER,31.37,28288120.0
3519,2022-03-31,UBER,0.126,0.04,0.833,1.0,2020-04-30,UBER,30.27,20095396.0
3520,2022-03-31,UBER,0.126,0.04,0.833,1.0,2020-05-01,UBER,28.39,19290192.0
3521,2022-03-31,UBER,0.126,0.04,0.833,1.0,2020-05-04,UBER,27.42,23428453.0
3522,2022-03-31,UBER,0.126,0.04,0.833,1.0,2020-05-05,UBER,28.07,30725371.0
3523,2022-03-31,UBER,0.126,0.04,0.833,1.0,2020-05-06,UBER,27.82,31076451.0
3524,2022-03-31,UBER,0.126,0.04,0.833,1.0,2020-05-07,UBER,30.93,62374436.0
3525,2022-03-31,UBER,0.126,0.04,0.833,1.0,2020-05-08,UBER,32.79,69525793.0
3526,2022-03-31,UBER,0.126,0.04,0.833,1.0,2020-05-11,UBER,31.64,26440340.0
3527,2022-03-31,UBER,0.126,0.04,0.833,1.0,2020-05-12,UBER,32.4,89585967.0
3528,2022-03-31,UBER,0.126,0.04,0.833,1.0,2020-05-13,UBER,33.02,47279487.0
3529,2022-03-31,UBER,0.126,0.04,0.833,1.0,2020-05-14,UBER,32.79,32912581.0
3530,2022-03-31,UBER,0.126,0.04,0.833,1.0,2020-05-15,UBER,32.47,25950471.0
3531,2022-03-31,UBER,0.126,0.04,0.833,1.0,2020-05-18,UBER,33.62,47561742.0
3532,2022-03-31,UBER,0.126,0.04,0.833,1.0,2020-05-19,UBER,33.4,20223567.0
3533,2022-03-31,UBER,0.126,0.04,0.833,1.0,2020-05-20,UBER,34.48,21386703.0
3534,2022-03-31,UBER,0.126,0.04,0.833,1.0,2020-05-21,UBER,34.26,24075311.0
3535,2022-03-31,UBER,0.126,0.04,0.833,1.0,2020-05-22,UBER,34.83,18675675.0
3536,2022-03-31,UBER,0.126,0.04,0.833,1.0,2020-05-26,UBER,34.56,23532518.0
3537,2022-03-31,UBER,0.126,0.04,0.833,1.0,2020-05-27,UBER,34.88,27514553.0
3538,2022-03-31,UBER,0.126,0.04,0.833,1.0,2020-05-28,UBER,34.15,21959579.0
3539,2022-03-31,UBER,0.126,0.04,0.833,1.0,2020-05-29,UBER,36.32,72447709.0
3540,2022-03-31,UBER,0.126,0.04,0.833,1.0,2020-06-01,UBER,35.82,21901306.0
3541,2022-03-31,UBER,0.126,0.04,0.833,1.0,2020-06-02,UBER,35.81,19428415.0
3542,2022-03-31,UBER,0.126,0.04,0.833,1.0,2020-06-03,UBER,36.75,23051776.0
3543,2022-03-31,UBER,0.126,0.04,0.833,1.0,2020-06-04,UBER,36.43,17423577.0
3544,2022-03-31,UBER,0.126,0.04,0.833,1.0,2020-06-05,UBER,37.21,30393429.0
3545,2022-03-31,UBER,0.126,0.04,0.833,1.0,2020-06-08,UBER,37.08,30249625.0
3546,2022-03-31,UBER,0.126,0.04,0.833,1.0,2020-06-09,UBER,36.59,15134168.0
3547,2022-03-31,UBER,0.126,0.04,0.833,1.0,2020-06-10,UBER,34.83,43473719.0
3548,2022-03-31,UBER,0.126,0.04,0.833,1.0,2020-06-11,UBER,31.1,45300774.0
3549,2022-03-31,UBER,0.126,0.04,0.833,1.0,2020-06-12,UBER,32.24,27685169.0
3550,2022-03-31,UBER,0.126,0.04,0.833,1.0,2020-06-15,UBER,32.67,21350290.0
3551,2022-03-31,UBER,0.126,0.04,0.833,1.0,2020-06-16,UBER,33.49,21476019.0
3552,2022-03-31,UBER,0.126,0.04,0.833,1.0,2020-06-17,UBER,33.29,14827742.0
3553,2022-03-31,UBER,0.126,0.04,0.833,1.0,2020-06-18,UBER,33.4,15495838.0
3554,2022-03-31,UBER,0.126,0.04,0.833,1.0,2020-06-19,UBER,32.3,29426285.0
3555,2022-03-31,UBER,0.126,0.04,0.833,1.0,2020-06-22,UBER,32.68,17790276.0
3556,2022-03-31,UBER,0.126,0.04,0.833,1.0,2020-06-23,UBER,33.05,13622126.0
3557,2022-03-31,UBER,0.126,0.04,0.833,1.0,2020-06-24,UBER,30.46,29477229.0
3558,2022-03-31,UBER,0.126,0.04,0.833,1.0,2020-06-25,UBER,30.58,19142839.0
3559,2022-03-31,UBER,0.126,0.04,0.833,1.0,2020-06-26,UBER,29.61,46482331.0
3560,2022-03-31,UBER,0.126,0.04,0.833,1.0,2020-06-29,UBER,29.63,20795402.0
3561,2022-03-31,UBER,0.126,0.04,0.833,1.0,2020-06-30,UBER,31.08,21282810.0
3562,2022-03-31,UBER,0.126,0.04,0.833,1.0,2020-07-01,UBER,30.43,13611544.0
3563,2022-03-31,UBER,0.126,0.04,0.833,1.0,2020-07-02,UBER,30.68,14981137.0
3564,2022-03-31,UBER,0.126,0.04,0.833,1.0,2020-07-06,UBER,32.52,42392222.0
3565,2022-03-31,UBER,0.126,0.04,0.833,1.0,2020-07-07,UBER,32.82,34877268.0
3566,2022-03-31,UBER,0.126,0.04,0.833,1.0,2020-07-08,UBER,33.93,24609369.0
3567,2022-03-31,UBER,0.126,0.04,0.833,1.0,2020-07-09,UBER,33.15,25061818.0
3568,2022-03-31,UBER,0.126,0.04,0.833,1.0,2020-07-10,UBER,33.14,13632289.0
3569,2022-03-31,UBER,0.126,0.04,0.833,1.0,2020-07-13,UBER,31.72,19604822.0
3570,2022-03-31,UBER,0.126,0.04,0.833,1.0,2020-07-14,UBER,30.93,21796598.0
3571,2022-03-31,UBER,0.126,0.04,0.833,1.0,2020-07-15,UBER,32.81,20976523.0
3572,2022-03-31,UBER,0.126,0.04,0.833,1.0,2020-07-16,UBER,32.35,11090750.0
3573,2022-03-31,UBER,0.126,0.04,0.833,1.0,2020-07-17,UBER,32.55,13667896.0
3574,2022-03-31,UBER,0.126,0.04,0.833,1.0,2020-07-20,UBER,33.66,16213609.0
3575,2022-03-31,UBER,0.126,0.04,0.833,1.0,2020-07-21,UBER,32.55,16826545.0
3576,2022-03-31,UBER,0.126,0.04,0.833,1.0,2020-07-22,UBER,32.66,12128382.0
3577,2022-03-31,UBER,0.126,0.04,0.833,1.0,2020-07-23,UBER,32.17,12749770.0
3578,2022-03-31,UBER,0.126,0.04,0.833,1.0,2020-07-24,UBER,31.18,16896059.0
3579,2022-03-31,UBER,0.126,0.04,0.833,1.0,2020-07-27,UBER,30.99,10184677.0
3580,2022-03-31,UBER,0.126,0.04,0.833,1.0,2020-07-28,UBER,30.81,12977191.0
3581,2022-03-31,UBER,0.126,0.04,0.833,1.0,2020-07-29,UBER,31.02,8215892.0
3582,2022-03-31,UBER,0.126,0.04,0.833,1.0,2020-07-30,UBER,30.24,13062912.0
3583,2022-03-31,UBER,0.126,0.04,0.833,1.0,2020-07-31,UBER,30.26,16469081.0
3584,2022-03-31,UBER,0.126,0.04,0.833,1.0,2020-08-03,UBER,31.19,17084399.0
3585,2022-03-31,UBER,0.126,0.04,0.833,1.0,2020-08-04,UBER,32.68,22136544.0
3586,2022-03-31,UBER,0.126,0.04,0.833,1.0,2020-08-05,UBER,33.2,17279011.0
3587,2022-03-31,UBER,0.126,0.04,0.833,1.0,2020-08-06,UBER,34.71,38601493.0
3588,2022-03-31,UBER,0.126,0.04,0.833,1.0,2020-08-07,UBER,32.9,39071193.0
3589,2022-03-31,UBER,0.126,0.04,0.833,1.0,2020-08-10,UBER,32.27,21347585.0
3590,2022-03-31,UBER,0.126,0.04,0.833,1.0,2020-08-11,UBER,31.21,31569923.0
3591,2022-03-31,UBER,0.126,0.04,0.833,1.0,2020-08-12,UBER,30.84,31514151.0
3592,2022-03-31,UBER,0.126,0.04,0.833,1.0,2020-08-13,UBER,30.46,21976800.0
3593,2022-03-31,UBER,0.126,0.04,0.833,1.0,2020-08-14,UBER,29.99,17631632.0
3594,2022-03-31,UBER,0.126,0.04,0.833,1.0,2020-08-17,UBER,29.48,18544676.0
3595,2022-03-31,UBER,0.126,0.04,0.833,1.0,2020-08-18,UBER,30.08,29392212.0
3596,2022-03-31,UBER,0.126,0.04,0.833,1.0,2020-08-19,UBER,29.42,14050333.0
3597,2022-03-31,UBER,0.126,0.04,0.833,1.0,2020-08-20,UBER,31.41,56663347.0
3598,2022-03-31,UBER,0.126,0.04,0.833,1.0,2020-08-21,UBER,30.83,20216997.0
3599,2022-03-31,UBER,0.126,0.04,0.833,1.0,2020-08-24,UBER,31.04,17407039.0
3600,2022-03-31,UBER,0.126,0.04,0.833,1.0,2020-08-25,UBER,31.19,10056762.0
3601,2022-03-31,UBER,0.126,0.04,0.833,1.0,2020-08-26,UBER,32.3,20599787.0
3602,2022-03-31,UBER,0.126,0.04,0.833,1.0,2020-08-27,UBER,32.8,21306491.0
3603,2022-03-31,UBER,0.126,0.04,0.833,1.0,2020-08-28,UBER,33.8,17833021.0
3604,2022-03-31,UBER,0.126,0.04,0.833,1.0,2020-08-31,UBER,33.63,14980621.0
3605,2022-03-31,UBER,0.126,0.04,0.833,1.0,2020-09-01,UBER,34.3,16026190.0
3606,2022-03-31,UBER,0.126,0.04,0.833,1.0,2020-09-02,UBER,34.37,16552685.0
3607,2022-03-31,UBER,0.126,0.04,0.833,1.0,2020-09-03,UBER,33.41,17288823.0
3608,2022-03-31,UBER,0.126,0.04,0.833,1.0,2020-09-04,UBER,33.24,17300617.0
3609,2022-03-31,UBER,0.126,0.04,0.833,1.0,2020-09-08,UBER,34.32,33683493.0
3610,2022-03-31,UBER,0.126,0.04,0.833,1.0,2020-09-09,UBER,35.01,22803536.0
3611,2022-03-31,UBER,0.126,0.04,0.833,1.0,2020-09-10,UBER,35.98,35468315.0
3612,2022-03-31,UBER,0.126,0.04,0.833,1.0,2020-09-11,UBER,36.98,27131025.0
3613,2022-03-31,UBER,0.126,0.04,0.833,1.0,2020-09-14,UBER,37.95,28016041.0
3614,2022-03-31,UBER,0.126,0.04,0.833,1.0,2020-09-15,UBER,37.47,23532584.0
3615,2022-03-31,UBER,0.126,0.04,0.833,1.0,2020-09-16,UBER,37.66,21802091.0
3616,2022-03-31,UBER,0.126,0.04,0.833,1.0,2020-09-17,UBER,37.06,23534828.0
3617,2022-03-31,UBER,0.126,0.04,0.833,1.0,2020-09-18,UBER,37.12,68428610.0
3618,2022-03-31,UBER,0.126,0.04,0.833,1.0,2020-09-21,UBER,36.49,19100814.0
3619,2022-03-31,UBER,0.126,0.04,0.833,1.0,2020-09-22,UBER,34.4,28242763.0
3620,2022-03-31,UBER,0.126,0.04,0.833,1.0,2020-09-23,UBER,33.55,15796892.0
3621,2022-03-31,UBER,0.126,0.04,0.833,1.0,2020-09-24,UBER,33.35,16404055.0
3622,2022-03-31,UBER,0.126,0.04,0.833,1.0,2020-09-25,UBER,34.46,10736834.0
3623,2022-03-31,UBER,0.126,0.04,0.833,1.0,2020-09-28,UBER,35.56,22878432.0
3624,2022-03-31,UBER,0.126,0.04,0.833,1.0,2020-09-29,UBER,35.43,16929143.0
3625,2022-03-31,UBER,0.126,0.04,0.833,1.0,2020-09-30,UBER,36.48,21386305.0
3626,2022-03-31,UBER,0.126,0.04,0.833,1.0,2020-10-01,UBER,37.14,19192502.0
3627,2022-03-31,UBER,0.126,0.04,0.833,1.0,2020-10-02,UBER,37.72,20123445.0
3628,2022-03-31,UBER,0.126,0.04,0.833,1.0,2020-10-05,UBER,37.14,13093069.0
3629,2022-03-31,UBER,0.126,0.04,0.833,1.0,2020-10-06,UBER,36.26,13074679.0
3630,2022-03-31,UBER,0.126,0.04,0.833,1.0,2020-10-07,UBER,36.78,13782136.0
3631,2022-03-31,UBER,0.126,0.04,0.833,1.0,2020-10-08,UBER,37.34,12212370.0
3632,2022-03-31,UBER,0.126,0.04,0.833,1.0,2020-10-09,UBER,37.27,13172028.0
3633,2022-03-31,UBER,0.126,0.04,0.833,1.0,2020-10-12,UBER,36.26,16569415.0
3634,2022-03-31,UBER,0.126,0.04,0.833,1.0,2020-10-13,UBER,35.56,15463089.0
3635,2022-03-31,UBER,0.126,0.04,0.833,1.0,2020-10-14,UBER,35.11,15702925.0
3636,2022-03-31,UBER,0.126,0.04,0.833,1.0,2020-10-15,UBER,34.26,15449850.0
3637,2022-03-31,UBER,0.126,0.04,0.833,1.0,2020-10-16,UBER,33.72,14904333.0
3638,2022-03-31,UBER,0.126,0.04,0.833,1.0,2020-10-19,UBER,34.22,19278584.0
3639,2022-03-31,UBER,0.126,0.04,0.833,1.0,2020-10-20,UBER,36.31,29820702.0
3640,2022-03-31,UBER,0.126,0.04,0.833,1.0,2020-10-21,UBER,35.2,19058727.0
3641,2022-03-31,UBER,0.126,0.04,0.833,1.0,2020-10-22,UBER,36.7,14243611.0
3642,2022-03-31,UBER,0.126,0.04,0.833,1.0,2020-10-23,UBER,36.75,15960799.0
3643,2022-03-31,UBER,0.126,0.04,0.833,1.0,2020-10-26,UBER,35.49,12511721.0
3644,2022-03-31,UBER,0.126,0.04,0.833,1.0,2020-10-27,UBER,34.16,13692117.0
3645,2022-03-31,UBER,0.126,0.04,0.833,1.0,2020-10-28,UBER,33.65,15787983.0
3646,2022-03-31,UBER,0.126,0.04,0.833,1.0,2020-10-29,UBER,34.06,13735346.0
3647,2022-03-31,UBER,0.126,0.04,0.833,1.0,2020-10-30,UBER,33.41,13508778.0
3648,2022-03-31,UBER,0.126,0.04,0.833,1.0,2020-11-02,UBER,34.81,18350956.0
3649,2022-03-31,UBER,0.126,0.04,0.833,1.0,2020-11-03,UBER,35.77,16208784.0
3650,2022-03-31,UBER,0.126,0.04,0.833,1.0,2020-11-04,UBER,40.99,159601675.0
3651,2022-03-31,UBER,0.126,0.04,0.833,1.0,2020-11-05,UBER,41.96,34177623.0
3652,2022-03-31,UBER,0.126,0.04,0.833,1.0,2020-11-06,UBER,44.87,57670672.0
3653,2022-03-31,UBER,0.126,0.04,0.833,1.0,2020-11-09,UBER,48.18,61632940.0
3654,2022-03-31,UBER,0.126,0.04,0.833,1.0,2020-11-10,UBER,47.0,33021784.0
3655,2022-03-31,UBER,0.126,0.04,0.833,1.0,2020-11-11,UBER,46.23,19213685.0
3656,2022-03-31,UBER,0.126,0.04,0.833,1.0,2020-11-12,UBER,46.4,16256123.0
3657,2022-03-31,UBER,0.126,0.04,0.833,1.0,2020-11-13,UBER,47.61,15566606.0
3658,2022-03-31,UBER,0.126,0.04,0.833,1.0,2020-11-16,UBER,49.21,29301913.0
3659,2022-03-31,UBER,0.126,0.04,0.833,1.0,2020-11-17,UBER,48.89,16638334.0
3660,2022-03-31,UBER,0.126,0.04,0.833,1.0,2020-11-18,UBER,49.11,17783508.0
3661,2022-03-31,UBER,0.126,0.04,0.833,1.0,2020-11-19,UBER,49.26,13484357.0
3662,2022-03-31,UBER,0.126,0.04,0.833,1.0,2020-11-20,UBER,48.43,17330366.0
3663,2022-03-31,UBER,0.126,0.04,0.833,1.0,2020-11-23,UBER,50.04,17147060.0
3664,2022-03-31,UBER,0.126,0.04,0.833,1.0,2020-11-24,UBER,51.26,16278102.0
3665,2022-03-31,UBER,0.126,0.04,0.833,1.0,2020-11-25,UBER,50.8,11641561.0
3666,2022-03-31,UBER,0.126,0.04,0.833,1.0,2020-11-27,UBER,50.72,8339157.0
3667,2022-03-31,UBER,0.126,0.04,0.833,1.0,2020-11-30,UBER,49.66,17221543.0
3668,2022-03-31,UBER,0.126,0.04,0.833,1.0,2020-12-01,UBER,49.63,20619101.0
3669,2022-03-31,UBER,0.126,0.04,0.833,1.0,2020-12-02,UBER,53.09,30381462.0
3670,2022-03-31,UBER,0.126,0.04,0.833,1.0,2020-12-03,UBER,52.52,13122394.0
3671,2022-03-31,UBER,0.126,0.04,0.833,1.0,2020-12-04,UBER,54.86,22207887.0
3672,2022-03-31,UBER,0.126,0.04,0.833,1.0,2020-12-07,UBER,53.8,13764431.0
3673,2022-03-31,UBER,0.126,0.04,0.833,1.0,2020-12-08,UBER,53.01,26167347.0
3674,2022-03-31,UBER,0.126,0.04,0.833,1.0,2020-12-09,UBER,53.79,46806861.0
3675,2022-03-31,UBER,0.126,0.04,0.833,1.0,2020-12-10,UBER,54.35,20224664.0
3676,2022-03-31,UBER,0.126,0.04,0.833,1.0,2020-12-11,UBER,52.63,16817870.0
3677,2022-03-31,UBER,0.126,0.04,0.833,1.0,2020-12-14,UBER,51.46,19048536.0
3678,2022-03-31,UBER,0.126,0.04,0.833,1.0,2020-12-15,UBER,51.0,17530021.0
3679,2022-03-31,UBER,0.126,0.04,0.833,1.0,2020-12-16,UBER,50.49,19577759.0
3680,2022-03-31,UBER,0.126,0.04,0.833,1.0,2020-12-17,UBER,50.63,19688609.0
3681,2022-03-31,UBER,0.126,0.04,0.833,1.0,2020-12-18,UBER,50.62,24355167.0
3682,2022-03-31,UBER,0.126,0.04,0.833,1.0,2020-12-21,UBER,51.8,23562858.0
3683,2022-03-31,UBER,0.126,0.04,0.833,1.0,2020-12-22,UBER,53.78,23930860.0
3684,2022-03-31,UBER,0.126,0.04,0.833,1.0,2020-12-23,UBER,53.71,12671105.0
3685,2022-03-31,UBER,0.126,0.04,0.833,1.0,2020-12-24,UBER,52.88,6316761.0
3686,2022-03-31,UBER,0.126,0.04,0.833,1.0,2020-12-28,UBER,51.97,12058981.0
3687,2022-03-31,UBER,0.126,0.04,0.833,1.0,2020-12-29,UBER,52.27,10140561.0
3688,2022-03-31,UBER,0.126,0.04,0.833,1.0,2020-12-30,UBER,53.15,9519100.0
3689,2022-03-31,UBER,0.126,0.04,0.833,1.0,2020-12-31,UBER,51.0,13285386.0
3690,2022-03-31,UBER,0.126,0.04,0.833,1.0,2021-01-04,UBER,51.14,17291804.0
3691,2022-03-31,UBER,0.126,0.04,0.833,1.0,2021-01-05,UBER,54.01,21403169.0
3692,2022-03-31,UBER,0.126,0.04,0.833,1.0,2021-01-06,UBER,52.48,17738115.0
3693,2022-03-31,UBER,0.126,0.04,0.833,1.0,2021-01-07,UBER,56.13,23737583.0
3694,2022-03-31,UBER,0.126,0.04,0.833,1.0,2021-01-08,UBER,53.28,38038575.0
3695,2022-03-31,UBER,0.126,0.04,0.833,1.0,2021-01-11,UBER,54.59,23213842.0
3696,2022-03-31,UBER,0.126,0.04,0.833,1.0,2021-01-12,UBER,58.54,52192233.0
3697,2022-03-31,UBER,0.126,0.04,0.833,1.0,2021-01-13,UBER,59.4,24197801.0
3698,2022-03-31,UBER,0.126,0.04,0.833,1.0,2021-01-14,UBER,56.91,26580802.0
3699,2022-03-31,UBER,0.126,0.04,0.833,1.0,2021-01-15,UBER,55.52,23708804.0
3700,2022-03-31,UBER,0.126,0.04,0.833,1.0,2021-01-19,UBER,56.3,17075661.0
3701,2022-03-31,UBER,0.126,0.04,0.833,1.0,2021-01-20,UBER,56.38,16904343.0
3702,2022-03-31,UBER,0.126,0.04,0.833,1.0,2021-01-21,UBER,55.79,13434011.0
3703,2022-03-31,UBER,0.126,0.04,0.833,1.0,2021-01-22,UBER,54.31,19570506.0
3704,2022-03-31,UBER,0.126,0.04,0.833,1.0,2021-01-25,UBER,54.29,40890094.0
3705,2022-03-31,UBER,0.126,0.04,0.833,1.0,2021-01-26,UBER,51.92,25677017.0
3706,2022-03-31,UBER,0.126,0.04,0.833,1.0,2021-01-27,UBER,48.11,33283424.0
3707,2022-03-31,UBER,0.126,0.04,0.833,1.0,2021-01-28,UBER,51.58,28150023.0
3708,2022-03-31,UBER,0.126,0.04,0.833,1.0,2021-01-29,UBER,50.93,18744370.0
3709,2022-03-31,UBER,0.126,0.04,0.833,1.0,2021-02-01,UBER,52.76,15570904.0
3710,2022-03-31,UBER,0.126,0.04,0.833,1.0,2021-02-02,UBER,56.46,30310786.0
3711,2022-03-31,UBER,0.126,0.04,0.833,1.0,2021-02-03,UBER,57.12,13526793.0
3712,2022-03-31,UBER,0.126,0.04,0.833,1.0,2021-02-04,UBER,57.85,13847255.0
3713,2022-03-31,UBER,0.126,0.04,0.833,1.0,2021-02-05,UBER,58.58,15729172.0
3714,2022-03-31,UBER,0.126,0.04,0.833,1.0,2021-02-08,UBER,59.29,18411338.0
3715,2022-03-31,UBER,0.126,0.04,0.833,1.0,2021-02-09,UBER,59.61,23510758.0
3716,2022-03-31,UBER,0.126,0.04,0.833,1.0,2021-02-10,UBER,63.18,36972931.0
3717,2022-03-31,UBER,0.126,0.04,0.833,1.0,2021-02-11,UBER,60.71,41363500.0
3718,2022-03-31,UBER,0.126,0.04,0.833,1.0,2021-02-12,UBER,60.63,14607832.0
3719,2022-03-31,UBER,0.126,0.04,0.833,1.0,2021-02-16,UBER,60.52,15413075.0
3720,2022-03-31,UBER,0.126,0.04,0.833,1.0,2021-02-17,UBER,60.81,12669988.0
3721,2022-03-31,UBER,0.126,0.04,0.833,1.0,2021-02-18,UBER,59.0,15135647.0
3722,2022-03-31,UBER,0.126,0.04,0.833,1.0,2021-02-19,UBER,58.39,28097000.0
3723,2022-03-31,UBER,0.126,0.04,0.833,1.0,2021-02-22,UBER,55.31,25565440.0
3724,2022-03-31,UBER,0.126,0.04,0.833,1.0,2021-02-23,UBER,56.0,23947590.0
3725,2022-03-31,UBER,0.126,0.04,0.833,1.0,2021-02-24,UBER,53.91,24626966.0
3726,2022-03-31,UBER,0.126,0.04,0.833,1.0,2021-02-25,UBER,51.45,27049080.0
3727,2022-03-31,UBER,0.126,0.04,0.833,1.0,2021-02-26,UBER,51.75,16441639.0
3728,2022-03-31,UBER,0.126,0.04,0.833,1.0,2021-03-01,UBER,54.4,18482037.0
3729,2022-03-31,UBER,0.126,0.04,0.833,1.0,2021-03-02,UBER,54.65,15199537.0
3730,2022-03-31,UBER,0.126,0.04,0.833,1.0,2021-03-03,UBER,56.11,28497381.0
3731,2022-03-31,UBER,0.126,0.04,0.833,1.0,2021-03-04,UBER,53.07,27409574.0
3732,2022-03-31,UBER,0.126,0.04,0.833,1.0,2021-03-05,UBER,55.54,31576175.0
3733,2022-03-31,UBER,0.126,0.04,0.833,1.0,2021-03-08,UBER,53.2,19912072.0
3734,2022-03-31,UBER,0.126,0.04,0.833,1.0,2021-03-09,UBER,55.25,17192937.0
3735,2022-03-31,UBER,0.126,0.04,0.833,1.0,2021-03-10,UBER,57.68,27998868.0
3736,2022-03-31,UBER,0.126,0.04,0.833,1.0,2021-03-11,UBER,58.95,17293752.0
3737,2022-03-31,UBER,0.126,0.04,0.833,1.0,2021-03-12,UBER,60.35,14839707.0
3738,2022-03-31,UBER,0.126,0.04,0.833,1.0,2021-03-15,UBER,60.19,14994521.0
3739,2022-03-31,UBER,0.126,0.04,0.833,1.0,2021-03-16,UBER,58.85,12919225.0
3740,2022-03-31,UBER,0.126,0.04,0.833,1.0,2021-03-17,UBER,56.36,25547026.0
3741,2022-03-31,UBER,0.126,0.04,0.833,1.0,2021-03-18,UBER,55.69,15742985.0
3742,2022-03-31,UBER,0.126,0.04,0.833,1.0,2021-03-19,UBER,57.08,17418716.0
3743,2022-03-31,UBER,0.126,0.04,0.833,1.0,2021-03-22,UBER,55.69,14149412.0
3744,2022-03-31,UBER,0.126,0.04,0.833,1.0,2021-03-23,UBER,53.49,14513457.0
3745,2022-03-31,UBER,0.126,0.04,0.833,1.0,2021-03-24,UBER,52.57,13700958.0
3746,2022-03-31,UBER,0.126,0.04,0.833,1.0,2021-03-25,UBER,53.89,13244140.0
3747,2022-03-31,UBER,0.126,0.04,0.833,1.0,2021-03-26,UBER,54.71,13528233.0
3748,2022-03-31,UBER,0.126,0.04,0.833,1.0,2021-03-29,UBER,53.35,9732123.0
3749,2022-03-31,UBER,0.126,0.04,0.833,1.0,2021-03-30,UBER,53.46,9497186.0
3750,2022-03-31,UBER,0.126,0.04,0.833,1.0,2021-03-31,UBER,54.51,14766760.0
3751,2022-03-31,UBER,0.126,0.04,0.833,1.0,2021-04-01,UBER,57.6,18688961.0
3752,2022-03-31,UBER,0.126,0.04,0.833,1.0,2021-04-05,UBER,57.4,13480302.0
3753,2022-03-31,UBER,0.126,0.04,0.833,1.0,2021-04-06,UBER,58.05,13574969.0
3754,2022-03-31,UBER,0.126,0.04,0.833,1.0,2021-04-07,UBER,56.89,12903579.0
3755,2022-03-31,UBER,0.126,0.04,0.833,1.0,2021-04-08,UBER,57.83,9486780.0
3756,2022-03-31,UBER,0.126,0.04,0.833,1.0,2021-04-09,UBER,57.68,10300418.0
3757,2022-03-31,UBER,0.126,0.04,0.833,1.0,2021-04-12,UBER,59.44,35043348.0
3758,2022-03-31,UBER,0.126,0.04,0.833,1.0,2021-04-13,UBER,60.64,19137149.0
3759,2022-03-31,UBER,0.126,0.04,0.833,1.0,2021-04-14,UBER,59.23,18863973.0
3760,2022-03-31,UBER,0.126,0.04,0.833,1.0,2021-04-15,UBER,60.74,16092931.0
3761,2022-03-31,UBER,0.126,0.04,0.833,1.0,2021-04-16,UBER,60.35,10977717.0
3762,2022-03-31,UBER,0.126,0.04,0.833,1.0,2021-04-19,UBER,57.85,15675358.0
3763,2022-03-31,UBER,0.126,0.04,0.833,1.0,2021-04-20,UBER,55.48,17911067.0
3764,2022-03-31,UBER,0.126,0.04,0.833,1.0,2021-04-21,UBER,55.77,11524576.0
3765,2022-03-31,UBER,0.126,0.04,0.833,1.0,2021-04-22,UBER,56.28,16980854.0
3766,2022-03-31,UBER,0.126,0.04,0.833,1.0,2021-04-23,UBER,57.93,8789998.0
3767,2022-03-31,UBER,0.126,0.04,0.833,1.0,2021-04-26,UBER,57.61,8343967.0
3768,2022-03-31,UBER,0.126,0.04,0.833,1.0,2021-04-27,UBER,57.16,12874645.0
3769,2022-03-31,UBER,0.126,0.04,0.833,1.0,2021-04-28,UBER,58.44,9251170.0
3770,2022-03-31,UBER,0.126,0.04,0.833,1.0,2021-04-29,UBER,54.93,43335552.0
3771,2022-03-31,UBER,0.126,0.04,0.833,1.0,2021-04-30,UBER,54.77,16702476.0
3772,2022-03-31,UBER,0.126,0.04,0.833,1.0,2021-05-03,UBER,54.85,13890747.0
3773,2022-03-31,UBER,0.126,0.04,0.833,1.0,2021-05-04,UBER,52.99,19255974.0
3774,2022-03-31,UBER,0.126,0.04,0.833,1.0,2021-05-05,UBER,51.18,43936004.0
3775,2022-03-31,UBER,0.126,0.04,0.833,1.0,2021-05-06,UBER,46.65,79244000.0
3776,2022-03-31,UBER,0.126,0.04,0.833,1.0,2021-05-07,UBER,47.03,27923909.0
3777,2022-03-31,UBER,0.126,0.04,0.833,1.0,2021-05-10,UBER,45.79,25305128.0
3778,2022-03-31,UBER,0.126,0.04,0.833,1.0,2021-05-11,UBER,46.21,29039156.0
3779,2022-03-31,UBER,0.126,0.04,0.833,1.0,2021-05-12,UBER,43.81,32044628.0
3780,2022-03-31,UBER,0.126,0.04,0.833,1.0,2021-05-13,UBER,44.48,35887854.0
3781,2022-03-31,UBER,0.126,0.04,0.833,1.0,2021-05-14,UBER,47.42,24402941.0
3782,2022-03-31,UBER,0.126,0.04,0.833,1.0,2021-05-17,UBER,47.51,17475275.0
3783,2022-03-31,UBER,0.126,0.04,0.833,1.0,2021-05-18,UBER,49.17,28244446.0
3784,2022-03-31,UBER,0.126,0.04,0.833,1.0,2021-05-19,UBER,49.47,16517476.0
3785,2022-03-31,UBER,0.126,0.04,0.833,1.0,2021-05-20,UBER,49.33,18822300.0
3786,2022-03-31,UBER,0.126,0.04,0.833,1.0,2021-05-21,UBER,48.82,20013223.0
3787,2022-03-31,UBER,0.126,0.04,0.833,1.0,2021-05-24,UBER,50.03,16768424.0
3788,2022-03-31,UBER,0.126,0.04,0.833,1.0,2021-05-25,UBER,50.46,16930933.0
3789,2022-03-31,UBER,0.126,0.04,0.833,1.0,2021-05-26,UBER,51.12,16392906.0
3790,2022-03-31,UBER,0.126,0.04,0.833,1.0,2021-05-27,UBER,50.71,51344920.0
3791,2022-03-31,UBER,0.126,0.04,0.833,1.0,2021-05-28,UBER,50.83,14227689.0
3792,2022-03-31,UBER,0.126,0.04,0.833,1.0,2021-06-01,UBER,50.98,16583752.0
3793,2022-03-31,UBER,0.126,0.04,0.833,1.0,2021-06-02,UBER,50.79,13508905.0
3794,2022-03-31,UBER,0.126,0.04,0.833,1.0,2021-06-03,UBER,48.7,14712859.0
3795,2022-03-31,UBER,0.126,0.04,0.833,1.0,2021-06-04,UBER,50.18,10409827.0
3796,2022-03-31,UBER,0.126,0.04,0.833,1.0,2021-06-07,UBER,50.76,16465225.0
3797,2022-03-31,UBER,0.126,0.04,0.833,1.0,2021-06-08,UBER,49.88,19672716.0
3798,2022-03-31,UBER,0.126,0.04,0.833,1.0,2021-06-09,UBER,49.14,12639611.0
3799,2022-03-31,UBER,0.126,0.04,0.833,1.0,2021-06-10,UBER,49.55,14917270.0
3800,2022-03-31,UBER,0.126,0.04,0.833,1.0,2021-06-11,UBER,50.01,12118114.0
3801,2022-03-31,UBER,0.126,0.04,0.833,1.0,2021-06-14,UBER,50.77,15445230.0
3802,2022-03-31,UBER,0.126,0.04,0.833,1.0,2021-06-15,UBER,49.3,20355572.0
3803,2022-03-31,UBER,0.126,0.04,0.833,1.0,2021-06-16,UBER,48.89,18948754.0
3804,2022-03-31,UBER,0.126,0.04,0.833,1.0,2021-06-17,UBER,49.7,18892415.0
3805,2022-03-31,UBER,0.126,0.04,0.833,1.0,2021-06-18,UBER,49.7,20588118.0
3806,2022-03-31,UBER,0.126,0.04,0.833,1.0,2021-06-21,UBER,48.12,30717279.0
3807,2022-03-31,UBER,0.126,0.04,0.833,1.0,2021-06-22,UBER,49.05,19438297.0
3808,2022-03-31,UBER,0.126,0.04,0.833,1.0,2021-06-23,UBER,50.51,19831540.0
3809,2022-03-31,UBER,0.126,0.04,0.833,1.0,2021-06-24,UBER,50.82,12542747.0
3810,2022-03-31,UBER,0.126,0.04,0.833,1.0,2021-06-25,UBER,51.73,25720485.0
3811,2022-03-31,UBER,0.126,0.04,0.833,1.0,2021-06-28,UBER,51.11,22509565.0
3812,2022-03-31,UBER,0.126,0.04,0.833,1.0,2021-06-29,UBER,50.76,14101561.0
3813,2022-03-31,UBER,0.126,0.04,0.833,1.0,2021-06-30,UBER,50.12,18066435.0
3814,2022-03-31,UBER,0.126,0.04,0.833,1.0,2021-07-01,UBER,50.59,17720734.0
3815,2022-03-31,UBER,0.126,0.04,0.833,1.0,2021-07-02,UBER,51.71,13694855.0
3816,2022-03-31,UBER,0.126,0.04,0.833,1.0,2021-07-06,UBER,50.8,21349285.0
3817,2022-03-31,UBER,0.126,0.04,0.833,1.0,2021-07-07,UBER,48.68,24543847.0
3818,2022-03-31,UBER,0.126,0.04,0.833,1.0,2021-07-08,UBER,47.55,24897841.0
3819,2022-03-31,UBER,0.126,0.04,0.833,1.0,2021-07-09,UBER,49.07,15381670.0
3820,2022-03-31,UBER,0.126,0.04,0.833,1.0,2021-07-12,UBER,48.41,14134791.0
3821,2022-03-31,UBER,0.126,0.04,0.833,1.0,2021-07-13,UBER,48.08,11274471.0
3822,2022-03-31,UBER,0.126,0.04,0.833,1.0,2021-07-14,UBER,47.15,15807963.0
3823,2022-03-31,UBER,0.126,0.04,0.833,1.0,2021-07-15,UBER,46.42,17202982.0
3824,2022-03-31,UBER,0.126,0.04,0.833,1.0,2021-07-16,UBER,46.19,18208539.0
3825,2022-03-31,UBER,0.126,0.04,0.833,1.0,2021-07-19,UBER,45.56,20821386.0
3826,2022-03-31,UBER,0.126,0.04,0.833,1.0,2021-07-20,UBER,46.32,13819628.0
3827,2022-03-31,UBER,0.126,0.04,0.833,1.0,2021-07-21,UBER,47.52,14928478.0
3828,2022-03-31,UBER,0.126,0.04,0.833,1.0,2021-07-22,UBER,47.57,11557399.0
3829,2022-03-31,UBER,0.126,0.04,0.833,1.0,2021-07-23,UBER,47.46,9535839.0
3830,2022-03-31,UBER,0.126,0.04,0.833,1.0,2021-07-26,UBER,46.81,12488435.0
3831,2022-03-31,UBER,0.126,0.04,0.833,1.0,2021-07-27,UBER,45.82,16870650.0
3832,2022-03-31,UBER,0.126,0.04,0.833,1.0,2021-07-28,UBER,46.14,19480763.0
3833,2022-03-31,UBER,0.126,0.04,0.833,1.0,2021-07-29,UBER,44.69,51012070.0
3834,2022-03-31,UBER,0.126,0.04,0.833,1.0,2021-07-30,UBER,43.46,22150246.0
3835,2022-03-31,UBER,0.126,0.04,0.833,1.0,2021-08-02,UBER,43.49,26554503.0
3836,2022-03-31,UBER,0.126,0.04,0.833,1.0,2021-08-03,UBER,42.79,37596103.0
3837,2022-03-31,UBER,0.126,0.04,0.833,1.0,2021-08-04,UBER,41.81,43080502.0
3838,2022-03-31,UBER,0.126,0.04,0.833,1.0,2021-08-05,UBER,43.07,60907265.0
3839,2022-03-31,UBER,0.126,0.04,0.833,1.0,2021-08-06,UBER,44.28,25507969.0
3840,2022-03-31,UBER,0.126,0.04,0.833,1.0,2021-08-09,UBER,43.25,19231568.0
3841,2022-03-31,UBER,0.126,0.04,0.833,1.0,2021-08-10,UBER,43.5,26663910.0
3842,2022-03-31,UBER,0.126,0.04,0.833,1.0,2021-08-11,UBER,43.08,21754933.0
3843,2022-03-31,UBER,0.126,0.04,0.833,1.0,2021-08-12,UBER,42.73,16555267.0
3844,2022-03-31,UBER,0.126,0.04,0.833,1.0,2021-08-13,UBER,42.22,8594325.0
3845,2022-03-31,UBER,0.126,0.04,0.833,1.0,2021-08-16,UBER,41.5,19243931.0
3846,2022-03-31,UBER,0.126,0.04,0.833,1.0,2021-08-17,UBER,41.0,20349977.0
3847,2022-03-31,UBER,0.126,0.04,0.833,1.0,2021-08-18,UBER,40.88,13665494.0
3848,2022-03-31,UBER,0.126,0.04,0.833,1.0,2021-08-19,UBER,39.86,22439707.0
3849,2022-03-31,UBER,0.126,0.04,0.833,1.0,2021-08-20,UBER,39.95,18058552.0
3850,2022-03-31,UBER,0.126,0.04,0.833,1.0,2021-08-23,UBER,41.0,33895164.0
3851,2022-03-31,UBER,0.126,0.04,0.833,1.0,2021-08-24,UBER,40.17,44869405.0
3852,2022-03-31,UBER,0.126,0.04,0.833,1.0,2021-08-25,UBER,41.55,26496158.0
3853,2022-03-31,UBER,0.126,0.04,0.833,1.0,2021-08-26,UBER,40.62,17459507.0
3854,2022-03-31,UBER,0.126,0.04,0.833,1.0,2021-08-27,UBER,40.69,13590106.0
3855,2022-03-31,UBER,0.126,0.04,0.833,1.0,2021-08-30,UBER,39.59,29505560.0
3856,2022-03-31,UBER,0.126,0.04,0.833,1.0,2021-08-31,UBER,39.14,26439215.0
3857,2022-03-31,UBER,0.126,0.04,0.833,1.0,2021-09-01,UBER,40.62,27863725.0
3858,2022-03-31,UBER,0.126,0.04,0.833,1.0,2021-09-02,UBER,41.4,20653630.0
3859,2022-03-31,UBER,0.126,0.04,0.833,1.0,2021-09-03,UBER,40.32,15466015.0
3860,2022-03-31,UBER,0.126,0.04,0.833,1.0,2021-09-07,UBER,40.95,15722701.0
3861,2022-03-31,UBER,0.126,0.04,0.833,1.0,2021-09-08,UBER,40.07,16149827.0
3862,2022-03-31,UBER,0.126,0.04,0.833,1.0,2021-09-09,UBER,40.35,14255278.0
3863,2022-03-31,UBER,0.126,0.04,0.833,1.0,2021-09-10,UBER,39.89,14223144.0
3864,2022-03-31,UBER,0.126,0.04,0.833,1.0,2021-09-13,UBER,40.07,28908058.0
3865,2022-03-31,UBER,0.126,0.04,0.833,1.0,2021-09-14,UBER,39.01,36832030.0
3866,2022-03-31,UBER,0.126,0.04,0.833,1.0,2021-09-15,UBER,38.48,30393534.0
3867,2022-03-31,UBER,0.126,0.04,0.833,1.0,2021-09-16,UBER,39.52,25364155.0
3868,2022-03-31,UBER,0.126,0.04,0.833,1.0,2021-09-17,UBER,39.75,32872753.0
3869,2022-03-31,UBER,0.126,0.04,0.833,1.0,2021-09-20,UBER,39.79,35374676.0
3870,2022-03-31,UBER,0.126,0.04,0.833,1.0,2021-09-21,UBER,44.36,106662219.0
3871,2022-03-31,UBER,0.126,0.04,0.833,1.0,2021-09-22,UBER,44.87,56423707.0
3872,2022-03-31,UBER,0.126,0.04,0.833,1.0,2021-09-23,UBER,45.48,26207957.0
3873,2022-03-31,UBER,0.126,0.04,0.833,1.0,2021-09-24,UBER,46.63,29467353.0
3874,2022-03-31,UBER,0.126,0.04,0.833,1.0,2021-09-27,UBER,47.25,23045716.0
3875,2022-03-31,UBER,0.126,0.04,0.833,1.0,2021-09-28,UBER,45.98,23657577.0
3876,2022-03-31,UBER,0.126,0.04,0.833,1.0,2021-09-29,UBER,44.52,24510938.0
3877,2022-03-31,UBER,0.126,0.04,0.833,1.0,2021-09-30,UBER,44.8,16650303.0
3878,2022-03-31,UBER,0.126,0.04,0.833,1.0,2021-10-01,UBER,47.05,25390715.0
3879,2022-03-31,UBER,0.126,0.04,0.833,1.0,2021-10-04,UBER,45.72,21535658.0
3880,2022-03-31,UBER,0.126,0.04,0.833,1.0,2021-10-05,UBER,45.61,12419778.0
3881,2022-03-31,UBER,0.126,0.04,0.833,1.0,2021-10-06,UBER,47.01,24779468.0
3882,2022-03-31,UBER,0.126,0.04,0.833,1.0,2021-10-07,UBER,47.91,25930502.0
3883,2022-03-31,UBER,0.126,0.04,0.833,1.0,2021-10-08,UBER,47.77,17953563.0
3884,2022-03-31,UBER,0.126,0.04,0.833,1.0,2021-10-11,UBER,46.29,16313173.0
3885,2022-03-31,UBER,0.126,0.04,0.833,1.0,2021-10-12,UBER,46.72,12361439.0
3886,2022-03-31,UBER,0.126,0.04,0.833,1.0,2021-10-13,UBER,46.41,13702009.0
3887,2022-03-31,UBER,0.126,0.04,0.833,1.0,2021-10-14,UBER,47.28,18501044.0
3888,2022-03-31,UBER,0.126,0.04,0.833,1.0,2021-10-15,UBER,48.36,20531872.0
3889,2022-03-31,UBER,0.126,0.04,0.833,1.0,2021-10-18,UBER,47.07,19706771.0
3890,2022-03-31,UBER,0.126,0.04,0.833,1.0,2021-10-19,UBER,47.05,16447272.0
3891,2022-03-31,UBER,0.126,0.04,0.833,1.0,2021-10-20,UBER,46.0,15574913.0
3892,2022-03-31,UBER,0.126,0.04,0.833,1.0,2021-10-21,UBER,46.47,15769483.0
3893,2022-03-31,UBER,0.126,0.04,0.833,1.0,2021-10-22,UBER,45.51,19116852.0
3894,2022-03-31,UBER,0.126,0.04,0.833,1.0,2021-10-25,UBER,45.72,12871721.0
3895,2022-03-31,UBER,0.126,0.04,0.833,1.0,2021-10-26,UBER,46.02,19373952.0
3896,2022-03-31,UBER,0.126,0.04,0.833,1.0,2021-10-27,UBER,44.73,26794827.0
3897,2022-03-31,UBER,0.126,0.04,0.833,1.0,2021-10-28,UBER,44.62,14733020.0
3898,2022-03-31,UBER,0.126,0.04,0.833,1.0,2021-10-29,UBER,43.82,18169533.0
3899,2022-03-31,UBER,0.126,0.04,0.833,1.0,2021-11-01,UBER,44.36,20901002.0
3900,2022-03-31,UBER,0.126,0.04,0.833,1.0,2021-11-02,UBER,42.89,27944696.0
3901,2022-03-31,UBER,0.126,0.04,0.833,1.0,2021-11-03,UBER,45.72,38495480.0
3902,2022-03-31,UBER,0.126,0.04,0.833,1.0,2021-11-04,UBER,45.27,31901351.0
3903,2022-03-31,UBER,0.126,0.04,0.833,1.0,2021-11-05,UBER,47.19,45635722.0
3904,2022-03-31,UBER,0.126,0.04,0.833,1.0,2021-11-08,UBER,45.89,25253897.0
3905,2022-03-31,UBER,0.126,0.04,0.833,1.0,2021-11-09,UBER,45.51,33604237.0
3906,2022-03-31,UBER,0.126,0.04,0.833,1.0,2021-11-10,UBER,43.38,33693443.0
3907,2022-03-31,UBER,0.126,0.04,0.833,1.0,2021-11-11,UBER,43.28,27308574.0
3908,2022-03-31,UBER,0.126,0.04,0.833,1.0,2021-11-12,UBER,45.12,29788030.0
3909,2022-03-31,UBER,0.126,0.04,0.833,1.0,2021-11-15,UBER,43.61,19685978.0
3910,2022-03-31,UBER,0.126,0.04,0.833,1.0,2021-11-16,UBER,45.76,46214371.0
3911,2022-03-31,UBER,0.126,0.04,0.833,1.0,2021-11-17,UBER,44.11,25024448.0
3912,2022-03-31,UBER,0.126,0.04,0.833,1.0,2021-11-18,UBER,45.0,27827060.0
3913,2022-03-31,UBER,0.126,0.04,0.833,1.0,2021-11-19,UBER,44.23,21458994.0
3914,2022-03-31,UBER,0.126,0.04,0.833,1.0,2021-11-22,UBER,42.6,31347079.0
3915,2022-03-31,UBER,0.126,0.04,0.833,1.0,2021-11-23,UBER,42.68,18082225.0
3916,2022-03-31,UBER,0.126,0.04,0.833,1.0,2021-11-24,UBER,42.08,17089955.0
3917,2022-03-31,UBER,0.126,0.04,0.833,1.0,2021-11-26,UBER,40.52,35446459.0
3918,2022-03-31,UBER,0.126,0.04,0.833,1.0,2021-11-29,UBER,39.7,27709802.0
3919,2022-03-31,UBER,0.126,0.04,0.833,1.0,2021-11-30,UBER,38.0,55222096.0
3920,2022-03-31,UBER,0.126,0.04,0.833,1.0,2021-12-01,UBER,36.02,47312123.0
3921,2022-03-31,UBER,0.126,0.04,0.833,1.0,2021-12-02,UBER,38.12,32205121.0
3922,2022-03-31,UBER,0.126,0.04,0.833,1.0,2021-12-03,UBER,35.85,47356135.0
3923,2022-03-31,UBER,0.126,0.04,0.833,1.0,2021-12-06,UBER,38.49,36715291.0
3924,2022-03-31,UBER,0.126,0.04,0.833,1.0,2021-12-07,UBER,38.08,40413708.0
3925,2022-03-31,UBER,0.126,0.04,0.833,1.0,2021-12-08,UBER,38.81,29669594.0
3926,2022-03-31,UBER,0.126,0.04,0.833,1.0,2021-12-09,UBER,37.54,22910149.0
3927,2022-03-31,UBER,0.126,0.04,0.833,1.0,2021-12-10,UBER,36.67,25736879.0
3928,2022-03-31,UBER,0.126,0.04,0.833,1.0,2021-12-13,UBER,35.73,38373626.0
3929,2022-03-31,UBER,0.126,0.04,0.833,1.0,2021-12-14,UBER,37.26,45450357.0
3930,2022-03-31,UBER,0.126,0.04,0.833,1.0,2021-12-15,UBER,37.83,37581927.0
3931,2022-03-31,UBER,0.126,0.04,0.833,1.0,2021-12-16,UBER,37.7,31419040.0
3932,2022-03-31,UBER,0.126,0.04,0.833,1.0,2021-12-17,UBER,39.68,51021009.0
3933,2022-03-31,UBER,0.126,0.04,0.833,1.0,2021-12-20,UBER,39.7,27545480.0
3934,2022-03-31,UBER,0.126,0.04,0.833,1.0,2021-12-21,UBER,41.97,28376505.0
3935,2022-03-31,UBER,0.126,0.04,0.833,1.0,2021-12-22,UBER,43.02,27667317.0
3936,2022-03-31,UBER,0.126,0.04,0.833,1.0,2021-12-23,UBER,43.91,21733953.0
3937,2022-03-31,UBER,0.126,0.04,0.833,1.0,2021-12-27,UBER,42.96,28280611.0
3938,2022-03-31,UBER,0.126,0.04,0.833,1.0,2021-12-28,UBER,42.54,21478095.0
3939,2022-03-31,UBER,0.126,0.04,0.833,1.0,2021-12-29,UBER,42.46,15903726.0
3940,2022-03-31,UBER,0.126,0.04,0.833,1.0,2021-12-30,UBER,42.66,13515908.0
3941,2022-03-31,UBER,0.126,0.04,0.833,1.0,2021-12-31,UBER,41.93,13744577.0
3942,2022-03-31,UBER,0.126,0.04,0.833,1.0,2022-01-03,UBER,43.95,26360365.0
3943,2022-03-31,UBER,0.126,0.04,0.833,1.0,2022-01-04,UBER,44.42,30842439.0
3944,2022-03-31,UBER,0.126,0.04,0.833,1.0,2022-01-05,UBER,43.24,28452284.0
3945,2022-03-31,UBER,0.126,0.04,0.833,1.0,2022-01-06,UBER,42.03,32429129.0
3946,2022-03-31,UBER,0.126,0.04,0.833,1.0,2022-01-07,UBER,41.51,24936090.0
3947,2022-03-31,UBER,0.126,0.04,0.833,1.0,2022-01-10,UBER,42.6,29827412.0
3948,2022-03-31,UBER,0.126,0.04,0.833,1.0,2022-01-11,UBER,43.62,22186665.0
3949,2022-03-31,UBER,0.126,0.04,0.833,1.0,2022-01-12,UBER,43.04,19009065.0
3950,2022-03-31,UBER,0.126,0.04,0.833,1.0,2022-01-13,UBER,42.87,17121547.0
3951,2022-03-31,UBER,0.126,0.04,0.833,1.0,2022-01-14,UBER,41.51,25806541.0
3952,2022-03-31,UBER,0.126,0.04,0.833,1.0,2022-01-18,UBER,38.41,36879291.0
3953,2022-03-31,UBER,0.126,0.04,0.833,1.0,2022-01-19,UBER,37.86,35527594.0
3954,2022-03-31,UBER,0.126,0.04,0.833,1.0,2022-01-20,UBER,37.82,21666593.0
3955,2022-03-31,UBER,0.126,0.04,0.833,1.0,2022-01-21,UBER,35.94,42042028.0
3956,2022-03-31,UBER,0.126,0.04,0.833,1.0,2022-01-24,UBER,36.28,48404159.0
3957,2022-03-31,UBER,0.126,0.04,0.833,1.0,2022-01-25,UBER,34.82,29543078.0
3958,2022-03-31,UBER,0.126,0.04,0.833,1.0,2022-01-26,UBER,34.8,28719745.0
3959,2022-03-31,UBER,0.126,0.04,0.833,1.0,2022-01-27,UBER,34.09,26015539.0
3960,2022-03-31,UBER,0.126,0.04,0.833,1.0,2022-01-28,UBER,35.21,27967087.0
3961,2022-03-31,UBER,0.126,0.04,0.833,1.0,2022-01-31,UBER,37.4,22876161.0
3962,2022-03-31,UBER,0.126,0.04,0.833,1.0,2022-02-01,UBER,38.61,19621449.0
3963,2022-03-31,UBER,0.126,0.04,0.833,1.0,2022-02-02,UBER,37.17,19558255.0
3964,2022-03-31,UBER,0.126,0.04,0.833,1.0,2022-02-03,UBER,34.54,32145260.0
3965,2022-03-31,UBER,0.126,0.04,0.833,1.0,2022-02-04,UBER,37.05,33046513.0
3966,2022-03-31,UBER,0.126,0.04,0.833,1.0,2022-02-07,UBER,37.54,30488606.0
3967,2022-03-31,UBER,0.126,0.04,0.833,1.0,2022-02-08,UBER,38.34,25832726.0
3968,2022-03-31,UBER,0.126,0.04,0.833,1.0,2022-02-09,UBER,40.19,52256035.0
3969,2022-03-31,UBER,0.126,0.04,0.833,1.0,2022-02-10,UBER,37.75,112939760.0
3970,2022-03-31,UBER,0.126,0.04,0.833,1.0,2022-02-11,UBER,35.29,71397736.0
3971,2022-03-31,UBER,0.126,0.04,0.833,1.0,2022-02-14,UBER,34.59,43191222.0
3972,2022-03-31,UBER,0.126,0.04,0.833,1.0,2022-02-15,UBER,37.09,37760917.0
3973,2022-03-31,UBER,0.126,0.04,0.833,1.0,2022-02-16,UBER,36.58,32468170.0
3974,2022-03-31,UBER,0.126,0.04,0.833,1.0,2022-02-17,UBER,35.71,27981641.0
3975,2022-03-31,UBER,0.126,0.04,0.833,1.0,2022-02-18,UBER,34.68,27475967.0
3976,2022-03-31,UBER,0.126,0.04,0.833,1.0,2022-02-22,UBER,33.68,27768982.0
3977,2022-03-31,UBER,0.126,0.04,0.833,1.0,2022-02-23,UBER,32.39,26532582.0
3978,2022-03-31,UBER,0.126,0.04,0.833,1.0,2022-02-24,UBER,34.87,42948026.0
3979,2022-03-31,UBER,0.126,0.04,0.833,1.0,2022-02-25,UBER,34.98,22596637.0
3980,2022-03-31,UBER,0.126,0.04,0.833,1.0,2022-02-28,UBER,36.03,43324000.0
3981,2022-03-31,UBER,0.126,0.04,0.833,1.0,2022-03-01,UBER,33.89,30211199.0
3982,2022-03-31,UBER,0.126,0.04,0.833,1.0,2022-03-02,UBER,34.04,25142254.0
3983,2022-03-31,UBER,0.126,0.04,0.833,1.0,2022-03-03,UBER,31.72,37329953.0
3984,2022-03-31,UBER,0.126,0.04,0.833,1.0,2022-03-04,UBER,29.83,50941929.0
3985,2022-03-31,UBER,0.126,0.04,0.833,1.0,2022-03-07,UBER,28.57,58402373.0
3986,2022-03-31,UBER,0.126,0.04,0.833,1.0,2022-03-08,UBER,30.74,53446869.0
3987,2022-03-31,UBER,0.126,0.04,0.833,1.0,2022-03-09,UBER,31.5,32788797.0
3988,2022-03-31,UBER,0.126,0.04,0.833,1.0,2022-03-10,UBER,30.41,29970467.0
3989,2022-03-31,UBER,0.126,0.04,0.833,1.0,2022-03-11,UBER,30.76,28811338.0
3990,2022-03-31,UBER,0.126,0.04,0.833,1.0,2022-03-14,UBER,29.27,40962874.0
3991,2022-03-31,UBER,0.126,0.04,0.833,1.0,2022-03-15,UBER,29.8,32613425.0
3992,2022-03-31,UBER,0.126,0.04,0.833,1.0,2022-03-16,UBER,32.61,33973521.0
3993,2022-03-31,UBER,0.126,0.04,0.833,1.0,2022-03-17,UBER,32.85,26889282.0
3994,2022-03-31,UBER,0.126,0.04,0.833,1.0,2022-03-18,UBER,33.36,35456692.0
3995,2022-03-31,UBER,0.126,0.04,0.833,1.0,2022-03-21,UBER,31.98,34762399.0
3996,2022-03-31,UBER,0.126,0.04,0.833,1.0,2022-03-22,UBER,33.35,21515604.0
3997,2022-03-31,UBER,0.126,0.04,0.833,1.0,2022-03-23,UBER,33.06,18839972.0
3998,2022-03-31,UBER,0.126,0.04,0.833,1.0,2022-03-24,UBER,34.7,52211606.0
3999,2022-03-31,UBER,0.126,0.04,0.833,1.0,2022-03-25,UBER,34.06,28031198.0
4000,2022-03-31,UBER,0.126,0.04,0.833,1.0,2022-03-28,UBER,34.77,22206588.0
4001,2022-03-31,UBER,0.126,0.04,0.833,1.0,2022-03-29,UBER,37.19,37952052.0
4002,2022-03-31,UBER,0.126,0.04,0.833,1.0,2022-03-30,UBER,36.58,22300450.0
4003,2022-03-31,UBER,0.126,0.04,0.833,1.0,2022-03-31,UBER,35.68,20579119.0
4004,2022-03-31,UBER,0.126,0.04,0.833,1.0,2022-04-01,UBER,35.98,16747869.0
4005,2022-03-31,UBER,0.126,0.04,0.833,1.0,2022-04-04,UBER,36.51,20197208.0
4006,2022-03-31,UBER,0.126,0.04,0.833,1.0,2022-04-05,UBER,34.96,20987999.0
4007,2022-03-31,UBER,0.126,0.04,0.833,1.0,2022-04-06,UBER,33.41,29163174.0
4008,2022-03-31,UBER,0.126,0.04,0.833,1.0,2022-04-07,UBER,32.27,34513446.0
4009,2022-03-31,UBER,0.126,0.04,0.833,1.0,2022-04-08,UBER,32.05,17958279.0
4010,2022-03-31,UBER,0.126,0.04,0.833,1.0,2022-04-11,UBER,32.04,19651398.0
4011,2022-03-31,UBER,0.126,0.04,0.833,1.0,2022-04-12,UBER,31.99,32551104.0
4012,2022-03-31,UBER,0.126,0.04,0.833,1.0,2022-04-13,UBER,32.63,20116131.0
4013,2022-03-31,UBER,0.126,0.04,0.833,1.0,2022-04-14,UBER,32.68,18742830.0
4014,2022-03-31,UBER,0.126,0.04,0.833,1.0,2022-04-18,UBER,31.79,24333052.0
4015,2022-03-31,UBER,0.126,0.04,0.833,1.0,2022-04-19,UBER,33.8,23273536.0
4016,2022-03-31,UBER,0.126,0.04,0.833,1.0,2022-04-20,UBER,33.21,21231598.0
4017,2022-03-31,UBER,0.126,0.04,0.833,1.0,2022-04-21,UBER,31.68,32873439.0
4018,2022-03-31,UBER,0.126,0.04,0.833,1.0,2022-04-22,UBER,30.83,22789590.0
4019,2022-03-31,UBER,0.126,0.04,0.833,1.0,2022-04-25,UBER,32.44,29290672.0
4020,2022-03-31,UBER,0.126,0.04,0.833,1.0,2022-04-26,UBER,31.33,26888599.0
4021,2022-03-31,UBER,0.126,0.04,0.833,1.0,2022-04-27,UBER,30.68,30638840.0
4022,2022-03-31,UBER,0.126,0.04,0.833,1.0,2022-04-28,UBER,32.82,30103040.0
4023,2022-03-31,UBER,0.126,0.04,0.833,1.0,2022-04-29,UBER,31.48,24827550.0
4024,2022-03-31,UBER,0.126,0.04,0.833,1.0,2022-05-02,UBER,30.39,45494797.0
4025,2022-03-31,UBER,0.126,0.04,0.833,1.0,2022-05-03,UBER,29.47,58230564.0
4026,2022-03-31,UBER,0.126,0.04,0.833,1.0,2022-05-04,UBER,28.1,115388597.0
4027,2022-03-31,UBER,0.126,0.04,0.833,1.0,2022-05-05,UBER,26.83,52686862.0
4028,2022-03-31,UBER,0.126,0.04,0.833,1.0,2022-05-06,UBER,26.07,56468836.0
4029,2022-03-31,UBER,0.126,0.04,0.833,1.0,2022-05-09,UBER,23.05,57760804.0
4030,2022-03-31,UBER,0.126,0.04,0.833,1.0,2022-05-10,UBER,23.67,47784070.0
4031,2022-03-31,UBER,0.126,0.04,0.833,1.0,2022-05-11,UBER,22.57,50846001.0
4032,2022-03-31,UBER,0.126,0.04,0.833,1.0,2022-05-12,UBER,23.29,63649096.0
4033,2022-03-31,UBER,0.126,0.04,0.833,1.0,2022-05-13,UBER,24.39,53447868.0
4034,2022-03-31,UBER,0.126,0.04,0.833,1.0,2022-05-16,UBER,23.59,27186729.0
4035,2022-03-31,UBER,0.126,0.04,0.833,1.0,2022-05-17,UBER,24.2,33719197.0
4036,2022-03-31,UBER,0.126,0.04,0.833,1.0,2022-05-18,UBER,22.46,35636606.0
4037,2022-03-31,UBER,0.126,0.04,0.833,1.0,2022-05-19,UBER,23.24,36304654.0
4038,2022-03-31,UBER,0.126,0.04,0.833,1.0,2022-05-20,UBER,23.35,31923486.0
4039,2022-03-31,UBER,0.126,0.04,0.833,1.0,2022-05-23,UBER,23.78,35092591.0
4040,2022-03-31,UBER,0.126,0.04,0.833,1.0,2022-05-24,UBER,21.55,40515210.0
4041,2022-03-31,UBER,0.126,0.04,0.833,1.0,2022-05-25,UBER,22.04,31152964.0
4042,2022-03-31,UBER,0.126,0.04,0.833,1.0,2022-05-26,UBER,23.1,30156204.0
4043,2022-03-31,UBER,0.126,0.04,0.833,1.0,2022-05-27,UBER,23.67,29620958.0
4044,2022-03-31,UBER,0.126,0.04,0.833,1.0,2022-05-31,UBER,23.2,33048952.0
4045,2022-03-31,UBER,0.126,0.04,0.833,1.0,2022-06-01,UBER,22.94,26285752.0
